solid OpenSCAD_Model
  facet normal -0.732128 0.681167 0
    outer loop
      vertex 15.3205 -18.0752 0
      vertex 15.3606 -18.0321 1.2
      vertex 15.3606 -18.0321 0
    endloop
  endfacet
  facet normal -0.732128 0.681167 0
    outer loop
      vertex 15.3606 -18.0321 1.2
      vertex 15.3205 -18.0752 0
      vertex 15.3205 -18.0752 1.2
    endloop
  endfacet
  facet normal -0.998131 0.0611101 0
    outer loop
      vertex 15.6582 -17.3406 0
      vertex 15.6618 -17.2818 1.2
      vertex 15.6618 -17.2818 0
    endloop
  endfacet
  facet normal -0.998131 0.0611101 0
    outer loop
      vertex 15.6618 -17.2818 1.2
      vertex 15.6582 -17.3406 0
      vertex 15.6582 -17.3406 1.2
    endloop
  endfacet
  facet normal -0.795081 0.606504 0
    outer loop
      vertex 15.3986 -17.9871 0
      vertex 15.4343 -17.9403 1.2
      vertex 15.4343 -17.9403 0
    endloop
  endfacet
  facet normal -0.795081 0.606504 0
    outer loop
      vertex 15.4343 -17.9403 1.2
      vertex 15.3986 -17.9871 0
      vertex 15.3986 -17.9871 1.2
    endloop
  endfacet
  facet normal 0.181724 -0.98335 0
    outer loop
      vertex 14.2158 -16.0617 0
      vertex 14.2737 -16.051 1.2
      vertex 14.2158 -16.0617 1.2
    endloop
  endfacet
  facet normal 0.181724 -0.98335 0
    outer loop
      vertex 14.2737 -16.051 1.2
      vertex 14.2158 -16.0617 0
      vertex 14.2737 -16.051 0
    endloop
  endfacet
  facet normal 0.606504 0.795081 -0
    outer loop
      vertex 13.7584 -18.2076 0
      vertex 13.7116 -18.1719 1.2
      vertex 13.7584 -18.2076 1.2
    endloop
  endfacet
  facet normal 0.606504 0.795081 0
    outer loop
      vertex 13.7116 -18.1719 1.2
      vertex 13.7584 -18.2076 0
      vertex 13.7116 -18.1719 0
    endloop
  endfacet
  facet normal -0.662464 0.749094 0
    outer loop
      vertex 15.2782 -18.1163 0
      vertex 15.2341 -18.1553 1.2
      vertex 15.2782 -18.1163 1.2
    endloop
  endfacet
  facet normal -0.662464 0.749094 0
    outer loop
      vertex 15.2341 -18.1553 1.2
      vertex 15.2782 -18.1163 0
      vertex 15.2341 -18.1553 0
    endloop
  endfacet
  facet normal 0.110432 0.993884 -0
    outer loop
      vertex 14.3581 -18.4314 0
      vertex 14.2996 -18.4249 1.2
      vertex 14.3581 -18.4314 1.2
    endloop
  endfacet
  facet normal 0.110432 0.993884 0
    outer loop
      vertex 14.2996 -18.4249 1.2
      vertex 14.3581 -18.4314 0
      vertex 14.2996 -18.4249 0
    endloop
  endfacet
  facet normal 0.75068 0.660666 0
    outer loop
      vertex 13.5824 -18.0515 1.2
      vertex 13.5435 -18.0073 0
      vertex 13.5435 -18.0073 1.2
    endloop
  endfacet
  facet normal 0.75068 0.660666 0
    outer loop
      vertex 13.5435 -18.0073 0
      vertex 13.5824 -18.0515 1.2
      vertex 13.5824 -18.0515 0
    endloop
  endfacet
  facet normal 0.324368 -0.945931 0
    outer loop
      vertex 14.0462 -16.1106 0
      vertex 14.1019 -16.0915 1.2
      vertex 14.0462 -16.1106 1.2
    endloop
  endfacet
  facet normal 0.324368 -0.945931 0
    outer loop
      vertex 14.1019 -16.0915 1.2
      vertex 14.0462 -16.1106 0
      vertex 14.1019 -16.0915 0
    endloop
  endfacet
  facet normal -0.876072 0.482179 0
    outer loop
      vertex 15.4987 -17.8417 0
      vertex 15.5271 -17.7901 1.2
      vertex 15.5271 -17.7901 0
    endloop
  endfacet
  facet normal -0.876072 0.482179 0
    outer loop
      vertex 15.5271 -17.7901 1.2
      vertex 15.4987 -17.8417 0
      vertex 15.4987 -17.8417 1.2
    endloop
  endfacet
  facet normal 0.0356915 -0.999363 0
    outer loop
      vertex 14.3908 -16.0382 0
      vertex 14.4496 -16.0361 1.2
      vertex 14.3908 -16.0382 1.2
    endloop
  endfacet
  facet normal 0.0356915 -0.999363 0
    outer loop
      vertex 14.4496 -16.0361 1.2
      vertex 14.3908 -16.0382 0
      vertex 14.4496 -16.0361 0
    endloop
  endfacet
  facet normal -0.95268 0.303975 0
    outer loop
      vertex 15.5969 -17.6279 0
      vertex 15.6148 -17.5718 1.2
      vertex 15.6148 -17.5718 0
    endloop
  endfacet
  facet normal -0.95268 0.303975 0
    outer loop
      vertex 15.6148 -17.5718 1.2
      vertex 15.5969 -17.6279 0
      vertex 15.5969 -17.6279 1.2
    endloop
  endfacet
  facet normal -0.349635 -0.936886 0
    outer loop
      vertex 14.8546 -16.1018 0
      vertex 14.9098 -16.1224 1.2
      vertex 14.8546 -16.1018 1.2
    endloop
  endfacet
  facet normal -0.349635 -0.936886 -0
    outer loop
      vertex 14.9098 -16.1224 1.2
      vertex 14.8546 -16.1018 0
      vertex 14.9098 -16.1224 0
    endloop
  endfacet
  facet normal 0.966544 -0.256499 0
    outer loop
      vertex 13.2956 -16.9571 1.2
      vertex 13.3107 -16.9002 0
      vertex 13.3107 -16.9002 1.2
    endloop
  endfacet
  facet normal 0.966544 -0.256499 0
    outer loop
      vertex 13.3107 -16.9002 0
      vertex 13.2956 -16.9571 1.2
      vertex 13.2956 -16.9571 0
    endloop
  endfacet
  facet normal 0.661622 -0.749838 0
    outer loop
      vertex 13.6472 -16.3557 0
      vertex 13.6914 -16.3167 1.2
      vertex 13.6472 -16.3557 1.2
    endloop
  endfacet
  facet normal 0.661622 -0.749838 0
    outer loop
      vertex 13.6914 -16.3167 1.2
      vertex 13.6472 -16.3557 0
      vertex 13.6914 -16.3167 0
    endloop
  endfacet
  facet normal -0.229323 0.97335 0
    outer loop
      vertex 14.767 -18.3968 0
      vertex 14.7097 -18.4103 1.2
      vertex 14.767 -18.3968 1.2
    endloop
  endfacet
  facet normal -0.229323 0.97335 0
    outer loop
      vertex 14.7097 -18.4103 1.2
      vertex 14.767 -18.3968 0
      vertex 14.7097 -18.4103 0
    endloop
  endfacet
  facet normal -0.254912 -0.966964 0
    outer loop
      vertex 14.7416 -16.0689 0
      vertex 14.7985 -16.0839 1.2
      vertex 14.7416 -16.0689 1.2
    endloop
  endfacet
  facet normal -0.254912 -0.966964 -0
    outer loop
      vertex 14.7985 -16.0839 1.2
      vertex 14.7416 -16.0689 0
      vertex 14.7985 -16.0839 0
    endloop
  endfacet
  facet normal -0.324368 0.945931 0
    outer loop
      vertex 14.8793 -18.3614 0
      vertex 14.8236 -18.3805 1.2
      vertex 14.8793 -18.3614 1.2
    endloop
  endfacet
  facet normal -0.324368 0.945931 0
    outer loop
      vertex 14.8236 -18.3805 1.2
      vertex 14.8793 -18.3614 0
      vertex 14.8236 -18.3805 0
    endloop
  endfacet
  facet normal 0.851133 -0.52495 0
    outer loop
      vertex 13.4268 -16.6303 1.2
      vertex 13.4577 -16.5802 0
      vertex 13.4577 -16.5802 1.2
    endloop
  endfacet
  facet normal 0.851133 -0.52495 0
    outer loop
      vertex 13.4577 -16.5802 0
      vertex 13.4268 -16.6303 1.2
      vertex 13.4268 -16.6303 0
    endloop
  endfacet
  facet normal -0.98335 -0.181724 0
    outer loop
      vertex 15.6477 -17.047 0
      vertex 15.637 -16.9891 1.2
      vertex 15.637 -16.9891 0
    endloop
  endfacet
  facet normal -0.98335 -0.181724 0
    outer loop
      vertex 15.637 -16.9891 1.2
      vertex 15.6477 -17.047 0
      vertex 15.6477 -17.047 1.2
    endloop
  endfacet
  facet normal -0.810858 -0.585243 0
    outer loop
      vertex 15.4532 -16.5585 0
      vertex 15.4187 -16.5107 1.2
      vertex 15.4187 -16.5107 0
    endloop
  endfacet
  facet normal -0.810858 -0.585243 0
    outer loop
      vertex 15.4187 -16.5107 1.2
      vertex 15.4532 -16.5585 0
      vertex 15.4532 -16.5585 1.2
    endloop
  endfacet
  facet normal 0.276739 -0.960945 0
    outer loop
      vertex 14.1019 -16.0915 0
      vertex 14.1585 -16.0752 1.2
      vertex 14.1019 -16.0915 1.2
    endloop
  endfacet
  facet normal 0.276739 -0.960945 0
    outer loop
      vertex 14.1585 -16.0752 1.2
      vertex 14.1019 -16.0915 0
      vertex 14.1585 -16.0752 0
    endloop
  endfacet
  facet normal 0.864456 0.502709 0
    outer loop
      vertex 13.4402 -17.8641 1.2
      vertex 13.4106 -17.8132 0
      vertex 13.4106 -17.8132 1.2
    endloop
  endfacet
  facet normal 0.864456 0.502709 0
    outer loop
      vertex 13.4106 -17.8132 0
      vertex 13.4402 -17.8641 1.2
      vertex 13.4402 -17.8641 0
    endloop
  endfacet
  facet normal -0.483481 -0.875355 0
    outer loop
      vertex 15.0168 -16.1716 0
      vertex 15.0684 -16.2001 1.2
      vertex 15.0168 -16.1716 1.2
    endloop
  endfacet
  facet normal -0.483481 -0.875355 -0
    outer loop
      vertex 15.0684 -16.2001 1.2
      vertex 15.0168 -16.1716 0
      vertex 15.0684 -16.2001 0
    endloop
  endfacet
  facet normal 0.98335 0.181724 0
    outer loop
      vertex 13.2884 -17.4829 1.2
      vertex 13.2777 -17.425 0
      vertex 13.2777 -17.425 1.2
    endloop
  endfacet
  facet normal 0.98335 0.181724 0
    outer loop
      vertex 13.2777 -17.425 0
      vertex 13.2884 -17.4829 1.2
      vertex 13.2884 -17.4829 0
    endloop
  endfacet
  facet normal 0.52495 0.851133 -0
    outer loop
      vertex 13.8571 -18.2719 0
      vertex 13.807 -18.241 1.2
      vertex 13.8571 -18.2719 1.2
    endloop
  endfacet
  facet normal 0.52495 0.851133 0
    outer loop
      vertex 13.807 -18.241 1.2
      vertex 13.8571 -18.2719 0
      vertex 13.807 -18.241 0
    endloop
  endfacet
  facet normal -0.823596 0.567177 0
    outer loop
      vertex 15.4343 -17.9403 0
      vertex 15.4677 -17.8918 1.2
      vertex 15.4677 -17.8918 0
    endloop
  endfacet
  facet normal -0.823596 0.567177 0
    outer loop
      vertex 15.4677 -17.8918 1.2
      vertex 15.4343 -17.9403 0
      vertex 15.4343 -17.9403 1.2
    endloop
  endfacet
  facet normal 0.566385 0.824141 -0
    outer loop
      vertex 13.807 -18.241 0
      vertex 13.7584 -18.2076 1.2
      vertex 13.807 -18.241 1.2
    endloop
  endfacet
  facet normal 0.566385 0.824141 0
    outer loop
      vertex 13.7584 -18.2076 1.2
      vertex 13.807 -18.241 0
      vertex 13.7584 -18.2076 0
    endloop
  endfacet
  facet normal -0.208833 -0.977951 0
    outer loop
      vertex 14.684 -16.0566 0
      vertex 14.7416 -16.0689 1.2
      vertex 14.684 -16.0566 1.2
    endloop
  endfacet
  facet normal -0.208833 -0.977951 -0
    outer loop
      vertex 14.7416 -16.0689 1.2
      vertex 14.684 -16.0566 0
      vertex 14.7416 -16.0689 0
    endloop
  endfacet
  facet normal -0.928944 -0.370219 0
    outer loop
      vertex 15.5881 -16.8194 0
      vertex 15.5663 -16.7647 1.2
      vertex 15.5663 -16.7647 0
    endloop
  endfacet
  facet normal -0.928944 -0.370219 0
    outer loop
      vertex 15.5663 -16.7647 1.2
      vertex 15.5881 -16.8194 0
      vertex 15.5881 -16.8194 1.2
    endloop
  endfacet
  facet normal 0.888576 0.458729 0
    outer loop
      vertex 13.4106 -17.8132 1.2
      vertex 13.3836 -17.7609 0
      vertex 13.3836 -17.7609 1.2
    endloop
  endfacet
  facet normal 0.888576 0.458729 0
    outer loop
      vertex 13.3836 -17.7609 0
      vertex 13.4106 -17.8132 1.2
      vertex 13.4106 -17.8132 0
    endloop
  endfacet
  facet normal -0.973439 -0.228945 0
    outer loop
      vertex 15.637 -16.9891 0
      vertex 15.6235 -16.9317 1.2
      vertex 15.6235 -16.9317 0
    endloop
  endfacet
  facet normal -0.973439 -0.228945 0
    outer loop
      vertex 15.6235 -16.9317 1.2
      vertex 15.637 -16.9891 0
      vertex 15.637 -16.9891 1.2
    endloop
  endfacet
  facet normal -0.999424 -0.0339363 0
    outer loop
      vertex 15.6626 -17.2229 0
      vertex 15.6606 -17.164 1.2
      vertex 15.6606 -17.164 0
    endloop
  endfacet
  facet normal -0.999424 -0.0339363 0
    outer loop
      vertex 15.6606 -17.164 1.2
      vertex 15.6626 -17.2229 0
      vertex 15.6626 -17.2229 1.2
    endloop
  endfacet
  facet normal 0.716382 0.697708 0
    outer loop
      vertex 13.6235 -18.0937 1.2
      vertex 13.5824 -18.0515 0
      vertex 13.5824 -18.0515 1.2
    endloop
  endfacet
  facet normal 0.716382 0.697708 0
    outer loop
      vertex 13.5824 -18.0515 0
      vertex 13.6235 -18.0937 1.2
      vertex 13.6235 -18.0937 0
    endloop
  endfacet
  facet normal -0.936886 0.349635 0
    outer loop
      vertex 15.5763 -17.6831 0
      vertex 15.5969 -17.6279 1.2
      vertex 15.5969 -17.6279 0
    endloop
  endfacet
  facet normal -0.936886 0.349635 0
    outer loop
      vertex 15.5969 -17.6279 1.2
      vertex 15.5763 -17.6831 0
      vertex 15.5763 -17.6831 1.2
    endloop
  endfacet
  facet normal 0.458038 -0.888933 0
    outer loop
      vertex 13.8855 -16.1839 0
      vertex 13.9379 -16.1569 1.2
      vertex 13.8855 -16.1839 1.2
    endloop
  endfacet
  facet normal 0.458038 -0.888933 0
    outer loop
      vertex 13.9379 -16.1569 1.2
      vertex 13.8855 -16.1839 0
      vertex 13.9379 -16.1569 0
    endloop
  endfacet
  facet normal -0.888576 -0.458729 0
    outer loop
      vertex 15.5418 -16.7111 0
      vertex 15.5148 -16.6588 1.2
      vertex 15.5148 -16.6588 0
    endloop
  endfacet
  facet normal -0.888576 -0.458729 0
    outer loop
      vertex 15.5148 -16.6588 1.2
      vertex 15.5418 -16.7111 0
      vertex 15.5418 -16.7111 1.2
    endloop
  endfacet
  facet normal -0.749838 -0.661622 0
    outer loop
      vertex 15.382 -16.4647 0
      vertex 15.343 -16.4205 1.2
      vertex 15.343 -16.4205 0
    endloop
  endfacet
  facet normal -0.749838 -0.661622 0
    outer loop
      vertex 15.343 -16.4205 1.2
      vertex 15.382 -16.4647 0
      vertex 15.382 -16.4647 1.2
    endloop
  endfacet
  facet normal 0.161368 0.986894 -0
    outer loop
      vertex 14.2996 -18.4249 0
      vertex 14.2415 -18.4154 1.2
      vertex 14.2996 -18.4249 1.2
    endloop
  endfacet
  facet normal 0.161368 0.986894 0
    outer loop
      vertex 14.2415 -18.4154 1.2
      vertex 14.2996 -18.4249 0
      vertex 14.2415 -18.4154 0
    endloop
  endfacet
  facet normal -0.864456 -0.502709 0
    outer loop
      vertex 15.5148 -16.6588 0
      vertex 15.4852 -16.6079 1.2
      vertex 15.4852 -16.6079 0
    endloop
  endfacet
  facet normal -0.864456 -0.502709 0
    outer loop
      vertex 15.4852 -16.6079 1.2
      vertex 15.5148 -16.6588 0
      vertex 15.5148 -16.6588 1.2
    endloop
  endfacet
  facet normal -0.395558 -0.918441 0
    outer loop
      vertex 14.9098 -16.1224 0
      vertex 14.9639 -16.1457 1.2
      vertex 14.9098 -16.1224 1.2
    endloop
  endfacet
  facet normal -0.395558 -0.918441 -0
    outer loop
      vertex 14.9639 -16.1457 1.2
      vertex 14.9098 -16.1224 0
      vertex 14.9639 -16.1457 0
    endloop
  endfacet
  facet normal 0.439728 0.898131 -0
    outer loop
      vertex 13.9615 -18.3263 0
      vertex 13.9086 -18.3004 1.2
      vertex 13.9615 -18.3263 1.2
    endloop
  endfacet
  facet normal 0.439728 0.898131 0
    outer loop
      vertex 13.9086 -18.3004 1.2
      vertex 13.9615 -18.3263 0
      vertex 13.9086 -18.3004 0
    endloop
  endfacet
  facet normal 0.918441 -0.395558 0
    outer loop
      vertex 13.3491 -16.7889 1.2
      vertex 13.3724 -16.7348 0
      vertex 13.3724 -16.7348 1.2
    endloop
  endfacet
  facet normal 0.918441 -0.395558 0
    outer loop
      vertex 13.3724 -16.7348 0
      vertex 13.3491 -16.7889 1.2
      vertex 13.3491 -16.7889 0
    endloop
  endfacet
  facet normal 0.794261 -0.607576 0
    outer loop
      vertex 13.4911 -16.5317 1.2
      vertex 13.5269 -16.4849 0
      vertex 13.5269 -16.4849 1.2
    endloop
  endfacet
  facet normal 0.794261 -0.607576 0
    outer loop
      vertex 13.5269 -16.4849 0
      vertex 13.4911 -16.5317 1.2
      vertex 13.4911 -16.5317 0
    endloop
  endfacet
  facet normal 0.369636 -0.929177 0
    outer loop
      vertex 13.9914 -16.1324 0
      vertex 14.0462 -16.1106 1.2
      vertex 13.9914 -16.1324 1.2
    endloop
  endfacet
  facet normal 0.369636 -0.929177 0
    outer loop
      vertex 14.0462 -16.1106 1.2
      vertex 13.9914 -16.1324 0
      vertex 14.0462 -16.1106 0
    endloop
  endfacet
  facet normal 0.875355 -0.483481 0
    outer loop
      vertex 13.3983 -16.6819 1.2
      vertex 13.4268 -16.6303 0
      vertex 13.4268 -16.6303 1.2
    endloop
  endfacet
  facet normal 0.875355 -0.483481 0
    outer loop
      vertex 13.4268 -16.6303 0
      vertex 13.3983 -16.6819 1.2
      vertex 13.3983 -16.6819 0
    endloop
  endfacet
  facet normal 0.303975 0.95268 -0
    outer loop
      vertex 14.1269 -18.3881 0
      vertex 14.0708 -18.3702 1.2
      vertex 14.1269 -18.3881 1.2
    endloop
  endfacet
  facet normal 0.303975 0.95268 0
    outer loop
      vertex 14.0708 -18.3702 1.2
      vertex 14.1269 -18.3881 0
      vertex 14.0708 -18.3702 0
    endloop
  endfacet
  facet normal 0.083186 -0.996534 0
    outer loop
      vertex 14.3321 -16.0431 0
      vertex 14.3908 -16.0382 1.2
      vertex 14.3321 -16.0431 1.2
    endloop
  endfacet
  facet normal 0.083186 -0.996534 0
    outer loop
      vertex 14.3908 -16.0382 1.2
      vertex 14.3321 -16.0431 0
      vertex 14.3908 -16.0382 0
    endloop
  endfacet
  facet normal 0.999365 0.035631 0
    outer loop
      vertex 13.2649 -17.308 1.2
      vertex 13.2628 -17.2491 0
      vertex 13.2628 -17.2491 1.2
    endloop
  endfacet
  facet normal 0.999365 0.035631 0
    outer loop
      vertex 13.2628 -17.2491 0
      vertex 13.2649 -17.308 1.2
      vertex 13.2649 -17.308 0
    endloop
  endfacet
  facet normal -0.69686 0.717207 0
    outer loop
      vertex 15.3205 -18.0752 0
      vertex 15.2782 -18.1163 1.2
      vertex 15.3205 -18.0752 1.2
    endloop
  endfacet
  facet normal -0.69686 0.717207 0
    outer loop
      vertex 15.2782 -18.1163 1.2
      vertex 15.3205 -18.0752 0
      vertex 15.2782 -18.1163 0
    endloop
  endfacet
  facet normal -0.035631 0.999365 0
    outer loop
      vertex 14.5347 -18.4338 0
      vertex 14.4758 -18.4359 1.2
      vertex 14.5347 -18.4338 1.2
    endloop
  endfacet
  facet normal -0.035631 0.999365 0
    outer loop
      vertex 14.4758 -18.4359 1.2
      vertex 14.5347 -18.4338 0
      vertex 14.4758 -18.4359 0
    endloop
  endfacet
  facet normal 0.697708 -0.716382 0
    outer loop
      vertex 13.605 -16.3968 0
      vertex 13.6472 -16.3557 1.2
      vertex 13.605 -16.3968 1.2
    endloop
  endfacet
  facet normal 0.697708 -0.716382 0
    outer loop
      vertex 13.6472 -16.3557 1.2
      vertex 13.605 -16.3968 0
      vertex 13.6472 -16.3557 0
    endloop
  endfacet
  facet normal -0.978297 0.207209 0
    outer loop
      vertex 15.6299 -17.5149 0
      vertex 15.6421 -17.4573 1.2
      vertex 15.6421 -17.4573 0
    endloop
  endfacet
  facet normal -0.978297 0.207209 0
    outer loop
      vertex 15.6421 -17.4573 1.2
      vertex 15.6299 -17.5149 0
      vertex 15.6299 -17.5149 1.2
    endloop
  endfacet
  facet normal -0.458729 0.888576 0
    outer loop
      vertex 15.0399 -18.2881 0
      vertex 14.9876 -18.3151 1.2
      vertex 15.0399 -18.2881 1.2
    endloop
  endfacet
  facet normal -0.458729 0.888576 0
    outer loop
      vertex 14.9876 -18.3151 1.2
      vertex 15.0399 -18.2881 0
      vertex 14.9876 -18.3151 0
    endloop
  endfacet
  facet normal 0.229323 -0.97335 0
    outer loop
      vertex 14.1585 -16.0752 0
      vertex 14.2158 -16.0617 1.2
      vertex 14.1585 -16.0752 1.2
    endloop
  endfacet
  facet normal 0.229323 -0.97335 0
    outer loop
      vertex 14.2158 -16.0617 1.2
      vertex 14.1585 -16.0752 0
      vertex 14.2158 -16.0617 0
    endloop
  endfacet
  facet normal -0.622831 0.782357 0
    outer loop
      vertex 15.2341 -18.1553 0
      vertex 15.188 -18.192 1.2
      vertex 15.2341 -18.1553 1.2
    endloop
  endfacet
  facet normal -0.622831 0.782357 0
    outer loop
      vertex 15.188 -18.192 1.2
      vertex 15.2341 -18.1553 0
      vertex 15.188 -18.192 0
    endloop
  endfacet
  facet normal 0.349635 0.936886 -0
    outer loop
      vertex 14.0708 -18.3702 0
      vertex 14.0156 -18.3496 1.2
      vertex 14.0708 -18.3702 1.2
    endloop
  endfacet
  facet normal 0.349635 0.936886 0
    outer loop
      vertex 14.0156 -18.3496 1.2
      vertex 14.0708 -18.3702 0
      vertex 14.0156 -18.3496 0
    endloop
  endfacet
  facet normal -0.584126 0.811663 0
    outer loop
      vertex 15.188 -18.192 0
      vertex 15.1402 -18.2264 1.2
      vertex 15.188 -18.192 1.2
    endloop
  endfacet
  facet normal -0.584126 0.811663 0
    outer loop
      vertex 15.1402 -18.2264 1.2
      vertex 15.188 -18.192 0
      vertex 15.1402 -18.2264 0
    endloop
  endfacet
  facet normal -0.276739 0.960945 0
    outer loop
      vertex 14.8236 -18.3805 0
      vertex 14.767 -18.3968 1.2
      vertex 14.8236 -18.3805 1.2
    endloop
  endfacet
  facet normal -0.276739 0.960945 0
    outer loop
      vertex 14.767 -18.3968 1.2
      vertex 14.8236 -18.3805 0
      vertex 14.767 -18.3968 0
    endloop
  endfacet
  facet normal 0.973439 0.228945 0
    outer loop
      vertex 13.3019 -17.5403 1.2
      vertex 13.2884 -17.4829 0
      vertex 13.2884 -17.4829 1.2
    endloop
  endfacet
  facet normal 0.973439 0.228945 0
    outer loop
      vertex 13.2884 -17.4829 0
      vertex 13.3019 -17.5403 1.2
      vertex 13.3019 -17.5403 0
    endloop
  endfacet
  facet normal -0.918441 0.395558 0
    outer loop
      vertex 15.553 -17.7372 0
      vertex 15.5763 -17.6831 1.2
      vertex 15.5763 -17.6831 0
    endloop
  endfacet
  facet normal -0.918441 0.395558 0
    outer loop
      vertex 15.5763 -17.6831 1.2
      vertex 15.553 -17.7372 0
      vertex 15.553 -17.7372 1.2
    endloop
  endfacet
  facet normal 0.838521 0.544869 0
    outer loop
      vertex 13.4723 -17.9135 1.2
      vertex 13.4402 -17.8641 0
      vertex 13.4402 -17.8641 1.2
    endloop
  endfacet
  facet normal 0.838521 0.544869 0
    outer loop
      vertex 13.4402 -17.8641 0
      vertex 13.4723 -17.9135 1.2
      vertex 13.4723 -17.9135 0
    endloop
  endfacet
  facet normal -0.502709 0.864456 0
    outer loop
      vertex 15.0908 -18.2585 0
      vertex 15.0399 -18.2881 1.2
      vertex 15.0908 -18.2585 1.2
    endloop
  endfacet
  facet normal -0.502709 0.864456 0
    outer loop
      vertex 15.0399 -18.2881 1.2
      vertex 15.0908 -18.2585 0
      vertex 15.0399 -18.2881 0
    endloop
  endfacet
  facet normal -0.850374 0.526179 0
    outer loop
      vertex 15.4677 -17.8918 0
      vertex 15.4987 -17.8417 1.2
      vertex 15.4987 -17.8417 0
    endloop
  endfacet
  facet normal -0.850374 0.526179 0
    outer loop
      vertex 15.4987 -17.8417 1.2
      vertex 15.4677 -17.8918 0
      vertex 15.4677 -17.8918 1.2
    endloop
  endfacet
  facet normal 0.0135811 0.999908 -0
    outer loop
      vertex 14.4758 -18.4359 0
      vertex 14.4169 -18.4351 1.2
      vertex 14.4758 -18.4359 1.2
    endloop
  endfacet
  facet normal 0.0135811 0.999908 0
    outer loop
      vertex 14.4169 -18.4351 1.2
      vertex 14.4758 -18.4359 0
      vertex 14.4169 -18.4351 0
    endloop
  endfacet
  facet normal -0.966544 0.256499 0
    outer loop
      vertex 15.6148 -17.5718 0
      vertex 15.6299 -17.5149 1.2
      vertex 15.6299 -17.5149 0
    endloop
  endfacet
  facet normal -0.966544 0.256499 0
    outer loop
      vertex 15.6299 -17.5149 1.2
      vertex 15.6148 -17.5718 0
      vertex 15.6148 -17.5718 1.2
    endloop
  endfacet
  facet normal -0.76403 0.645181 0
    outer loop
      vertex 15.3606 -18.0321 0
      vertex 15.3986 -17.9871 1.2
      vertex 15.3986 -17.9871 0
    endloop
  endfacet
  facet normal -0.76403 0.645181 0
    outer loop
      vertex 15.3986 -17.9871 1.2
      vertex 15.3606 -18.0321 0
      vertex 15.3606 -18.0321 1.2
    endloop
  endfacet
  facet normal 0.4842 0.874957 -0
    outer loop
      vertex 13.9086 -18.3004 0
      vertex 13.8571 -18.2719 1.2
      vertex 13.9086 -18.3004 1.2
    endloop
  endfacet
  facet normal 0.4842 0.874957 0
    outer loop
      vertex 13.8571 -18.2719 1.2
      vertex 13.9086 -18.3004 0
      vertex 13.8571 -18.2719 0
    endloop
  endfacet
  facet normal 0.987207 -0.159446 0
    outer loop
      vertex 13.2739 -17.0729 1.2
      vertex 13.2833 -17.0147 0
      vertex 13.2833 -17.0147 1.2
    endloop
  endfacet
  facet normal 0.987207 -0.159446 0
    outer loop
      vertex 13.2833 -17.0147 0
      vertex 13.2739 -17.0729 1.2
      vertex 13.2739 -17.0729 0
    endloop
  endfacet
  facet normal -0.960815 -0.277191 0
    outer loop
      vertex 15.6235 -16.9317 0
      vertex 15.6072 -16.8752 1.2
      vertex 15.6072 -16.8752 0
    endloop
  endfacet
  facet normal -0.960815 -0.277191 0
    outer loop
      vertex 15.6072 -16.8752 1.2
      vertex 15.6235 -16.9317 0
      vertex 15.6235 -16.9317 1.2
    endloop
  endfacet
  facet normal -0.370219 0.928944 0
    outer loop
      vertex 14.934 -18.3396 0
      vertex 14.8793 -18.3614 1.2
      vertex 14.934 -18.3396 1.2
    endloop
  endfacet
  facet normal -0.370219 0.928944 0
    outer loop
      vertex 14.8793 -18.3614 1.2
      vertex 14.934 -18.3396 0
      vertex 14.8793 -18.3614 0
    endloop
  endfacet
  facet normal -0.41572 0.909493 0
    outer loop
      vertex 14.9876 -18.3151 0
      vertex 14.934 -18.3396 1.2
      vertex 14.9876 -18.3151 1.2
    endloop
  endfacet
  facet normal -0.41572 0.909493 0
    outer loop
      vertex 14.934 -18.3396 1.2
      vertex 14.9876 -18.3151 0
      vertex 14.934 -18.3396 0
    endloop
  endfacet
  facet normal -0.898131 0.439728 0
    outer loop
      vertex 15.5271 -17.7901 0
      vertex 15.553 -17.7372 1.2
      vertex 15.553 -17.7372 0
    endloop
  endfacet
  facet normal -0.898131 0.439728 0
    outer loop
      vertex 15.553 -17.7372 1.2
      vertex 15.5271 -17.7901 0
      vertex 15.5271 -17.7901 1.2
    endloop
  endfacet
  facet normal 0.977951 -0.208833 0
    outer loop
      vertex 13.2833 -17.0147 1.2
      vertex 13.2956 -16.9571 0
      vertex 13.2956 -16.9571 1.2
    endloop
  endfacet
  facet normal 0.977951 -0.208833 0
    outer loop
      vertex 13.2956 -16.9571 0
      vertex 13.2833 -17.0147 1.2
      vertex 13.2833 -17.0147 0
    endloop
  endfacet
  facet normal 0.645181 0.76403 -0
    outer loop
      vertex 13.7116 -18.1719 0
      vertex 13.6666 -18.1339 1.2
      vertex 13.7116 -18.1719 1.2
    endloop
  endfacet
  facet normal 0.645181 0.76403 0
    outer loop
      vertex 13.6666 -18.1339 1.2
      vertex 13.7116 -18.1719 0
      vertex 13.6666 -18.1339 0
    endloop
  endfacet
  facet normal 0.928944 0.370219 0
    outer loop
      vertex 13.3591 -17.7073 1.2
      vertex 13.3373 -17.6526 0
      vertex 13.3373 -17.6526 1.2
    endloop
  endfacet
  facet normal 0.928944 0.370219 0
    outer loop
      vertex 13.3373 -17.6526 0
      vertex 13.3591 -17.7073 1.2
      vertex 13.3591 -17.7073 0
    endloop
  endfacet
  facet normal -0.99638 -0.0850153 0
    outer loop
      vertex 15.6606 -17.164 0
      vertex 15.6556 -17.1054 1.2
      vertex 15.6556 -17.1054 0
    endloop
  endfacet
  facet normal -0.99638 -0.0850153 0
    outer loop
      vertex 15.6556 -17.1054 1.2
      vertex 15.6606 -17.164 0
      vertex 15.6606 -17.164 1.2
    endloop
  endfacet
  facet normal 0.998026 -0.062801 0
    outer loop
      vertex 13.2636 -17.1902 1.2
      vertex 13.2673 -17.1314 0
      vertex 13.2673 -17.1314 1.2
    endloop
  endfacet
  facet normal 0.998026 -0.062801 0
    outer loop
      vertex 13.2673 -17.1314 0
      vertex 13.2636 -17.1902 1.2
      vertex 13.2636 -17.1902 0
    endloop
  endfacet
  facet normal 0.731281 -0.682076 0
    outer loop
      vertex 13.5648 -16.4399 1.2
      vertex 13.605 -16.3968 0
      vertex 13.605 -16.3968 1.2
    endloop
  endfacet
  facet normal 0.731281 -0.682076 0
    outer loop
      vertex 13.605 -16.3968 0
      vertex 13.5648 -16.4399 1.2
      vertex 13.5648 -16.4399 0
    endloop
  endfacet
  facet normal 0.254493 0.967075 -0
    outer loop
      vertex 14.1839 -18.4031 0
      vertex 14.1269 -18.3881 1.2
      vertex 14.1839 -18.4031 1.2
    endloop
  endfacet
  facet normal 0.254493 0.967075 0
    outer loop
      vertex 14.1269 -18.3881 1.2
      vertex 14.1839 -18.4031 0
      vertex 14.1269 -18.3881 0
    endloop
  endfacet
  facet normal 0.993696 -0.112109 0
    outer loop
      vertex 13.2673 -17.1314 1.2
      vertex 13.2739 -17.0729 0
      vertex 13.2739 -17.0729 1.2
    endloop
  endfacet
  facet normal 0.993696 -0.112109 0
    outer loop
      vertex 13.2739 -17.0729 0
      vertex 13.2673 -17.1314 1.2
      vertex 13.2673 -17.1314 0
    endloop
  endfacet
  facet normal 0.584126 -0.811663 0
    outer loop
      vertex 13.7374 -16.28 0
      vertex 13.7852 -16.2456 1.2
      vertex 13.7374 -16.28 1.2
    endloop
  endfacet
  facet normal 0.584126 -0.811663 0
    outer loop
      vertex 13.7852 -16.2456 1.2
      vertex 13.7374 -16.28 0
      vertex 13.7852 -16.2456 0
    endloop
  endfacet
  facet normal -0.990974 -0.134053 0
    outer loop
      vertex 15.6556 -17.1054 0
      vertex 15.6477 -17.047 1.2
      vertex 15.6477 -17.047 0
    endloop
  endfacet
  facet normal -0.990974 -0.134053 0
    outer loop
      vertex 15.6477 -17.047 1.2
      vertex 15.6556 -17.1054 0
      vertex 15.6556 -17.1054 1.2
    endloop
  endfacet
  facet normal -0.999908 0.0135811 0
    outer loop
      vertex 15.6618 -17.2818 0
      vertex 15.6626 -17.2229 1.2
      vertex 15.6626 -17.2229 0
    endloop
  endfacet
  facet normal -0.999908 0.0135811 0
    outer loop
      vertex 15.6626 -17.2229 1.2
      vertex 15.6618 -17.2818 0
      vertex 15.6618 -17.2818 1.2
    endloop
  endfacet
  facet normal -0.52495 -0.851133 0
    outer loop
      vertex 15.0684 -16.2001 0
      vertex 15.1185 -16.231 1.2
      vertex 15.0684 -16.2001 1.2
    endloop
  endfacet
  facet normal -0.52495 -0.851133 -0
    outer loop
      vertex 15.1185 -16.231 1.2
      vertex 15.0684 -16.2001 0
      vertex 15.1185 -16.231 0
    endloop
  endfacet
  facet normal -0.645181 -0.76403 0
    outer loop
      vertex 15.2138 -16.3001 0
      vertex 15.2588 -16.3381 1.2
      vertex 15.2138 -16.3001 1.2
    endloop
  endfacet
  facet normal -0.645181 -0.76403 -0
    outer loop
      vertex 15.2588 -16.3381 1.2
      vertex 15.2138 -16.3001 0
      vertex 15.2588 -16.3381 0
    endloop
  endfacet
  facet normal -0.062801 -0.998026 0
    outer loop
      vertex 14.5085 -16.0369 0
      vertex 14.5673 -16.0406 1.2
      vertex 14.5085 -16.0369 1.2
    endloop
  endfacet
  facet normal -0.062801 -0.998026 -0
    outer loop
      vertex 14.5673 -16.0406 1.2
      vertex 14.5085 -16.0369 0
      vertex 14.5673 -16.0406 0
    endloop
  endfacet
  facet normal -0.544869 0.838521 0
    outer loop
      vertex 15.1402 -18.2264 0
      vertex 15.0908 -18.2585 1.2
      vertex 15.1402 -18.2264 1.2
    endloop
  endfacet
  facet normal -0.544869 0.838521 0
    outer loop
      vertex 15.0908 -18.2585 1.2
      vertex 15.1402 -18.2264 0
      vertex 15.0908 -18.2585 0
    endloop
  endfacet
  facet normal -0.110432 -0.993884 0
    outer loop
      vertex 14.5673 -16.0406 0
      vertex 14.6258 -16.0471 1.2
      vertex 14.5673 -16.0406 1.2
    endloop
  endfacet
  facet normal -0.110432 -0.993884 -0
    outer loop
      vertex 14.6258 -16.0471 1.2
      vertex 14.5673 -16.0406 0
      vertex 14.6258 -16.0471 0
    endloop
  endfacet
  facet normal -0.716382 -0.697708 0
    outer loop
      vertex 15.343 -16.4205 0
      vertex 15.3019 -16.3783 1.2
      vertex 15.3019 -16.3783 0
    endloop
  endfacet
  facet normal -0.716382 -0.697708 0
    outer loop
      vertex 15.3019 -16.3783 1.2
      vertex 15.343 -16.4205 0
      vertex 15.343 -16.4205 1.2
    endloop
  endfacet
  facet normal -0.161098 -0.986938 0
    outer loop
      vertex 14.6258 -16.0471 0
      vertex 14.684 -16.0566 1.2
      vertex 14.6258 -16.0471 1.2
    endloop
  endfacet
  facet normal -0.161098 -0.986938 -0
    outer loop
      vertex 14.684 -16.0566 1.2
      vertex 14.6258 -16.0471 0
      vertex 14.684 -16.0566 0
    endloop
  endfacet
  facet normal 0.780869 0.624695 0
    outer loop
      vertex 13.5435 -18.0073 1.2
      vertex 13.5067 -17.9613 0
      vertex 13.5067 -17.9613 1.2
    endloop
  endfacet
  facet normal 0.780869 0.624695 0
    outer loop
      vertex 13.5067 -17.9613 0
      vertex 13.5435 -18.0073 1.2
      vertex 13.5435 -18.0073 0
    endloop
  endfacet
  facet normal -0.682076 -0.731281 0
    outer loop
      vertex 15.2588 -16.3381 0
      vertex 15.3019 -16.3783 1.2
      vertex 15.2588 -16.3381 1.2
    endloop
  endfacet
  facet normal -0.682076 -0.731281 -0
    outer loop
      vertex 15.3019 -16.3783 1.2
      vertex 15.2588 -16.3381 0
      vertex 15.3019 -16.3783 0
    endloop
  endfacet
  facet normal 0.395558 0.918441 -0
    outer loop
      vertex 14.0156 -18.3496 0
      vertex 13.9615 -18.3263 1.2
      vertex 14.0156 -18.3496 1.2
    endloop
  endfacet
  facet normal 0.395558 0.918441 0
    outer loop
      vertex 13.9615 -18.3263 1.2
      vertex 14.0156 -18.3496 0
      vertex 13.9615 -18.3263 0
    endloop
  endfacet
  facet normal -0.083186 0.996534 0
    outer loop
      vertex 14.5934 -18.4289 0
      vertex 14.5347 -18.4338 1.2
      vertex 14.5934 -18.4289 1.2
    endloop
  endfacet
  facet normal -0.083186 0.996534 0
    outer loop
      vertex 14.5347 -18.4338 1.2
      vertex 14.5934 -18.4289 0
      vertex 14.5347 -18.4338 0
    endloop
  endfacet
  facet normal 0.811663 0.584126 0
    outer loop
      vertex 13.5067 -17.9613 1.2
      vertex 13.4723 -17.9135 0
      vertex 13.4723 -17.9135 1.2
    endloop
  endfacet
  facet normal 0.811663 0.584126 0
    outer loop
      vertex 13.4723 -17.9135 0
      vertex 13.5067 -17.9613 1.2
      vertex 13.5067 -17.9613 0
    endloop
  endfacet
  facet normal -0.839297 -0.543674 0
    outer loop
      vertex 15.4852 -16.6079 0
      vertex 15.4532 -16.5585 1.2
      vertex 15.4532 -16.5585 0
    endloop
  endfacet
  facet normal -0.839297 -0.543674 0
    outer loop
      vertex 15.4532 -16.5585 1.2
      vertex 15.4852 -16.6079 0
      vertex 15.4852 -16.6079 1.2
    endloop
  endfacet
  facet normal -0.946109 -0.323847 0
    outer loop
      vertex 15.6072 -16.8752 0
      vertex 15.5881 -16.8194 1.2
      vertex 15.5881 -16.8194 0
    endloop
  endfacet
  facet normal -0.946109 -0.323847 0
    outer loop
      vertex 15.5881 -16.8194 1.2
      vertex 15.6072 -16.8752 0
      vertex 15.6072 -16.8752 1.2
    endloop
  endfacet
  facet normal -0.0135811 -0.999908 0
    outer loop
      vertex 14.4496 -16.0361 0
      vertex 14.5085 -16.0369 1.2
      vertex 14.4496 -16.0361 1.2
    endloop
  endfacet
  facet normal -0.0135811 -0.999908 -0
    outer loop
      vertex 14.5085 -16.0369 1.2
      vertex 14.4496 -16.0361 0
      vertex 14.5085 -16.0369 0
    endloop
  endfacet
  facet normal -0.986938 0.161098 0
    outer loop
      vertex 15.6421 -17.4573 0
      vertex 15.6516 -17.3991 1.2
      vertex 15.6516 -17.3991 0
    endloop
  endfacet
  facet normal -0.986938 0.161098 0
    outer loop
      vertex 15.6516 -17.3991 1.2
      vertex 15.6421 -17.4573 0
      vertex 15.6421 -17.4573 1.2
    endloop
  endfacet
  facet normal -0.993696 0.112109 0
    outer loop
      vertex 15.6516 -17.3991 0
      vertex 15.6582 -17.3406 1.2
      vertex 15.6582 -17.3406 0
    endloop
  endfacet
  facet normal -0.993696 0.112109 0
    outer loop
      vertex 15.6582 -17.3406 1.2
      vertex 15.6516 -17.3991 0
      vertex 15.6516 -17.3991 1.2
    endloop
  endfacet
  facet normal -0.303975 -0.95268 0
    outer loop
      vertex 14.7985 -16.0839 0
      vertex 14.8546 -16.1018 1.2
      vertex 14.7985 -16.0839 1.2
    endloop
  endfacet
  facet normal -0.303975 -0.95268 -0
    outer loop
      vertex 14.8546 -16.1018 1.2
      vertex 14.7985 -16.0839 0
      vertex 14.8546 -16.1018 0
    endloop
  endfacet
  facet normal 0.416362 -0.909199 0
    outer loop
      vertex 13.9379 -16.1569 0
      vertex 13.9914 -16.1324 1.2
      vertex 13.9379 -16.1569 1.2
    endloop
  endfacet
  facet normal 0.416362 -0.909199 0
    outer loop
      vertex 13.9914 -16.1324 1.2
      vertex 13.9379 -16.1569 0
      vertex 13.9914 -16.1324 0
    endloop
  endfacet
  facet normal 0.134053 -0.990974 0
    outer loop
      vertex 14.2737 -16.051 0
      vertex 14.3321 -16.0431 1.2
      vertex 14.2737 -16.051 1.2
    endloop
  endfacet
  facet normal 0.134053 -0.990974 0
    outer loop
      vertex 14.3321 -16.0431 1.2
      vertex 14.2737 -16.051 0
      vertex 14.3321 -16.0431 0
    endloop
  endfacet
  facet normal 0.764867 -0.644188 0
    outer loop
      vertex 13.5269 -16.4849 1.2
      vertex 13.5648 -16.4399 0
      vertex 13.5648 -16.4399 1.2
    endloop
  endfacet
  facet normal 0.764867 -0.644188 0
    outer loop
      vertex 13.5648 -16.4399 0
      vertex 13.5269 -16.4849 1.2
      vertex 13.5269 -16.4849 0
    endloop
  endfacet
  facet normal -0.781697 -0.623658 0
    outer loop
      vertex 15.4187 -16.5107 0
      vertex 15.382 -16.4647 1.2
      vertex 15.382 -16.4647 0
    endloop
  endfacet
  facet normal -0.781697 -0.623658 0
    outer loop
      vertex 15.382 -16.4647 1.2
      vertex 15.4187 -16.5107 0
      vertex 15.4187 -16.5107 1.2
    endloop
  endfacet
  facet normal -0.134279 0.990944 0
    outer loop
      vertex 14.6517 -18.421 0
      vertex 14.5934 -18.4289 1.2
      vertex 14.6517 -18.421 1.2
    endloop
  endfacet
  facet normal -0.134279 0.990944 0
    outer loop
      vertex 14.5934 -18.4289 1.2
      vertex 14.6517 -18.421 0
      vertex 14.5934 -18.4289 0
    endloop
  endfacet
  facet normal 0.682076 0.731281 -0
    outer loop
      vertex 13.6666 -18.1339 0
      vertex 13.6235 -18.0937 1.2
      vertex 13.6666 -18.1339 1.2
    endloop
  endfacet
  facet normal 0.682076 0.731281 0
    outer loop
      vertex 13.6235 -18.0937 1.2
      vertex 13.6666 -18.1339 0
      vertex 13.6235 -18.0937 0
    endloop
  endfacet
  facet normal -0.181421 0.983405 0
    outer loop
      vertex 14.7097 -18.4103 0
      vertex 14.6517 -18.421 1.2
      vertex 14.7097 -18.4103 1.2
    endloop
  endfacet
  facet normal -0.181421 0.983405 0
    outer loop
      vertex 14.6517 -18.421 1.2
      vertex 14.7097 -18.4103 0
      vertex 14.6517 -18.421 0
    endloop
  endfacet
  facet normal 0.953171 -0.302432 0
    outer loop
      vertex 13.3107 -16.9002 1.2
      vertex 13.3285 -16.8441 0
      vertex 13.3285 -16.8441 1.2
    endloop
  endfacet
  facet normal 0.953171 -0.302432 0
    outer loop
      vertex 13.3285 -16.8441 0
      vertex 13.3107 -16.9002 1.2
      vertex 13.3107 -16.9002 0
    endloop
  endfacet
  facet normal 0.062801 0.998026 -0
    outer loop
      vertex 14.4169 -18.4351 0
      vertex 14.3581 -18.4314 1.2
      vertex 14.4169 -18.4351 1.2
    endloop
  endfacet
  facet normal 0.062801 0.998026 0
    outer loop
      vertex 14.3581 -18.4314 1.2
      vertex 14.4169 -18.4351 0
      vertex 14.3581 -18.4314 0
    endloop
  endfacet
  facet normal 0.936886 -0.349635 0
    outer loop
      vertex 13.3285 -16.8441 1.2
      vertex 13.3491 -16.7889 0
      vertex 13.3491 -16.7889 1.2
    endloop
  endfacet
  facet normal 0.936886 -0.349635 0
    outer loop
      vertex 13.3491 -16.7889 0
      vertex 13.3285 -16.8441 1.2
      vertex 13.3285 -16.8441 0
    endloop
  endfacet
  facet normal 0.946628 0.322328 0
    outer loop
      vertex 13.3373 -17.6526 1.2
      vertex 13.3183 -17.5968 0
      vertex 13.3183 -17.5968 1.2
    endloop
  endfacet
  facet normal 0.946628 0.322328 0
    outer loop
      vertex 13.3183 -17.5968 0
      vertex 13.3373 -17.6526 1.2
      vertex 13.3373 -17.6526 0
    endloop
  endfacet
  facet normal 0.623658 -0.781697 0
    outer loop
      vertex 13.6914 -16.3167 0
      vertex 13.7374 -16.28 1.2
      vertex 13.6914 -16.3167 1.2
    endloop
  endfacet
  facet normal 0.623658 -0.781697 0
    outer loop
      vertex 13.7374 -16.28 1.2
      vertex 13.6914 -16.3167 0
      vertex 13.7374 -16.28 0
    endloop
  endfacet
  facet normal -0.606504 -0.795081 0
    outer loop
      vertex 15.167 -16.2644 0
      vertex 15.2138 -16.3001 1.2
      vertex 15.167 -16.2644 1.2
    endloop
  endfacet
  facet normal -0.606504 -0.795081 -0
    outer loop
      vertex 15.2138 -16.3001 1.2
      vertex 15.167 -16.2644 0
      vertex 15.2138 -16.3001 0
    endloop
  endfacet
  facet normal 0.502709 -0.864456 0
    outer loop
      vertex 13.8346 -16.2135 0
      vertex 13.8855 -16.1839 1.2
      vertex 13.8346 -16.2135 1.2
    endloop
  endfacet
  facet normal 0.502709 -0.864456 0
    outer loop
      vertex 13.8855 -16.1839 1.2
      vertex 13.8346 -16.2135 0
      vertex 13.8855 -16.1839 0
    endloop
  endfacet
  facet normal 0.544869 -0.838521 0
    outer loop
      vertex 13.7852 -16.2456 0
      vertex 13.8346 -16.2135 1.2
      vertex 13.7852 -16.2456 1.2
    endloop
  endfacet
  facet normal 0.544869 -0.838521 0
    outer loop
      vertex 13.8346 -16.2135 1.2
      vertex 13.7852 -16.2456 0
      vertex 13.8346 -16.2135 0
    endloop
  endfacet
  facet normal -0.567177 -0.823596 0
    outer loop
      vertex 15.1185 -16.231 0
      vertex 15.167 -16.2644 1.2
      vertex 15.1185 -16.231 1.2
    endloop
  endfacet
  facet normal -0.567177 -0.823596 -0
    outer loop
      vertex 15.167 -16.2644 1.2
      vertex 15.1185 -16.231 0
      vertex 15.167 -16.2644 0
    endloop
  endfacet
  facet normal 0.999908 -0.0135811 0
    outer loop
      vertex 13.2628 -17.2491 1.2
      vertex 13.2636 -17.1902 0
      vertex 13.2636 -17.1902 1.2
    endloop
  endfacet
  facet normal 0.999908 -0.0135811 0
    outer loop
      vertex 13.2636 -17.1902 0
      vertex 13.2628 -17.2491 1.2
      vertex 13.2628 -17.2491 0
    endloop
  endfacet
  facet normal 0.208833 0.977951 -0
    outer loop
      vertex 14.2415 -18.4154 0
      vertex 14.1839 -18.4031 1.2
      vertex 14.2415 -18.4154 1.2
    endloop
  endfacet
  facet normal 0.208833 0.977951 0
    outer loop
      vertex 14.1839 -18.4031 1.2
      vertex 14.2415 -18.4154 0
      vertex 14.1839 -18.4031 0
    endloop
  endfacet
  facet normal -0.909493 -0.41572 0
    outer loop
      vertex 15.5663 -16.7647 0
      vertex 15.5418 -16.7111 1.2
      vertex 15.5418 -16.7111 0
    endloop
  endfacet
  facet normal -0.909493 -0.41572 0
    outer loop
      vertex 15.5418 -16.7111 1.2
      vertex 15.5663 -16.7647 0
      vertex 15.5663 -16.7647 1.2
    endloop
  endfacet
  facet normal 0.909493 0.41572 0
    outer loop
      vertex 13.3836 -17.7609 1.2
      vertex 13.3591 -17.7073 0
      vertex 13.3591 -17.7073 1.2
    endloop
  endfacet
  facet normal 0.909493 0.41572 0
    outer loop
      vertex 13.3591 -17.7073 0
      vertex 13.3836 -17.7609 1.2
      vertex 13.3836 -17.7609 0
    endloop
  endfacet
  facet normal 0.960361 0.27876 0
    outer loop
      vertex 13.3183 -17.5968 1.2
      vertex 13.3019 -17.5403 0
      vertex 13.3019 -17.5403 1.2
    endloop
  endfacet
  facet normal 0.960361 0.27876 0
    outer loop
      vertex 13.3019 -17.5403 0
      vertex 13.3183 -17.5968 1.2
      vertex 13.3183 -17.5968 0
    endloop
  endfacet
  facet normal 0.99638 0.0850153 0
    outer loop
      vertex 13.2699 -17.3666 1.2
      vertex 13.2649 -17.308 0
      vertex 13.2649 -17.308 1.2
    endloop
  endfacet
  facet normal 0.99638 0.0850153 0
    outer loop
      vertex 13.2649 -17.308 0
      vertex 13.2699 -17.3666 1.2
      vertex 13.2699 -17.3666 0
    endloop
  endfacet
  facet normal 0.823596 -0.567177 0
    outer loop
      vertex 13.4577 -16.5802 1.2
      vertex 13.4911 -16.5317 0
      vertex 13.4911 -16.5317 1.2
    endloop
  endfacet
  facet normal 0.823596 -0.567177 0
    outer loop
      vertex 13.4911 -16.5317 0
      vertex 13.4577 -16.5802 1.2
      vertex 13.4577 -16.5802 0
    endloop
  endfacet
  facet normal -0.439728 -0.898131 0
    outer loop
      vertex 14.9639 -16.1457 0
      vertex 15.0168 -16.1716 1.2
      vertex 14.9639 -16.1457 1.2
    endloop
  endfacet
  facet normal -0.439728 -0.898131 -0
    outer loop
      vertex 15.0168 -16.1716 1.2
      vertex 14.9639 -16.1457 0
      vertex 15.0168 -16.1716 0
    endloop
  endfacet
  facet normal 0.991198 0.132386 0
    outer loop
      vertex 13.2777 -17.425 1.2
      vertex 13.2699 -17.3666 0
      vertex 13.2699 -17.3666 1.2
    endloop
  endfacet
  facet normal 0.991198 0.132386 0
    outer loop
      vertex 13.2699 -17.3666 0
      vertex 13.2777 -17.425 1.2
      vertex 13.2777 -17.425 0
    endloop
  endfacet
  facet normal 0.898131 -0.439728 0
    outer loop
      vertex 13.3724 -16.7348 1.2
      vertex 13.3983 -16.6819 0
      vertex 13.3983 -16.6819 1.2
    endloop
  endfacet
  facet normal 0.898131 -0.439728 0
    outer loop
      vertex 13.3983 -16.6819 0
      vertex 13.3724 -16.7348 1.2
      vertex 13.3724 -16.7348 0
    endloop
  endfacet
  facet normal -0.322536 -0.946557 0
    outer loop
      vertex 8.75907 20.9361 0
      vertex 8.81483 20.9171 1.2
      vertex 8.75907 20.9361 1.2
    endloop
  endfacet
  facet normal -0.322536 -0.946557 -0
    outer loop
      vertex 8.81483 20.9171 1.2
      vertex 8.75907 20.9361 0
      vertex 8.81483 20.9171 0
    endloop
  endfacet
  facet normal -0.366876 -0.93027 0
    outer loop
      vertex 8.81483 20.9171 0
      vertex 8.8696 20.8955 1.2
      vertex 8.81483 20.9171 1.2
    endloop
  endfacet
  facet normal -0.366876 -0.93027 -0
    outer loop
      vertex 8.8696 20.8955 1.2
      vertex 8.81483 20.9171 0
      vertex 8.8696 20.8955 0
    endloop
  endfacet
  facet normal -0.275035 -0.961434 0
    outer loop
      vertex 8.70244 20.9523 0
      vertex 8.75907 20.9361 1.2
      vertex 8.70244 20.9523 1.2
    endloop
  endfacet
  facet normal -0.275035 -0.961434 -0
    outer loop
      vertex 8.75907 20.9361 1.2
      vertex 8.70244 20.9523 0
      vertex 8.75907 20.9361 0
    endloop
  endfacet
  facet normal 0.305613 -0.952156 0
    outer loop
      vertex 8.00633 20.9242 0
      vertex 8.06241 20.9422 1.2
      vertex 8.00633 20.9242 1.2
    endloop
  endfacet
  facet normal 0.305613 -0.952156 0
    outer loop
      vertex 8.06241 20.9422 1.2
      vertex 8.00633 20.9242 0
      vertex 8.06241 20.9422 0
    endloop
  endfacet
  facet normal -0.929644 0.368459 0
    outer loop
      vertex 9.50532 19.322 0
      vertex 9.527 19.3767 1.2
      vertex 9.527 19.3767 0
    endloop
  endfacet
  facet normal -0.929644 0.368459 0
    outer loop
      vertex 9.527 19.3767 1.2
      vertex 9.50532 19.322 0
      vertex 9.50532 19.322 1.2
    endloop
  endfacet
  facet normal -0.961351 0.275327 0
    outer loop
      vertex 9.54596 19.4325 0
      vertex 9.56217 19.4891 1.2
      vertex 9.56217 19.4891 0
    endloop
  endfacet
  facet normal -0.961351 0.275327 0
    outer loop
      vertex 9.56217 19.4891 1.2
      vertex 9.54596 19.4325 0
      vertex 9.54596 19.4325 1.2
    endloop
  endfacet
  facet normal 0.441499 -0.897262 0
    outer loop
      vertex 7.8443 20.8541 0
      vertex 7.89714 20.8801 1.2
      vertex 7.8443 20.8541 1.2
    endloop
  endfacet
  facet normal 0.441499 -0.897262 0
    outer loop
      vertex 7.89714 20.8801 1.2
      vertex 7.8443 20.8541 0
      vertex 7.89714 20.8801 0
    endloop
  endfacet
  facet normal -0.718224 0.695812 0
    outer loop
      vertex 9.24181 18.935 0
      vertex 9.28279 18.9773 1.2
      vertex 9.28279 18.9773 0
    endloop
  endfacet
  facet normal -0.718224 0.695812 0
    outer loop
      vertex 9.28279 18.9773 1.2
      vertex 9.24181 18.935 0
      vertex 9.24181 18.935 1.2
    endloop
  endfacet
  facet normal -0.874381 -0.485239 0
    outer loop
      vertex 9.46392 20.3473 0
      vertex 9.43534 20.3988 1.2
      vertex 9.43534 20.3988 0
    endloop
  endfacet
  facet normal -0.874381 -0.485239 0
    outer loop
      vertex 9.43534 20.3988 1.2
      vertex 9.46392 20.3473 0
      vertex 9.46392 20.3473 1.2
    endloop
  endfacet
  facet normal 0.258085 -0.966122 0
    outer loop
      vertex 8.06241 20.9422 0
      vertex 8.11931 20.9574 1.2
      vertex 8.06241 20.9422 1.2
    endloop
  endfacet
  facet normal 0.258085 -0.966122 0
    outer loop
      vertex 8.11931 20.9574 1.2
      vertex 8.06241 20.9422 0
      vertex 8.11931 20.9574 0
    endloop
  endfacet
  facet normal 0.0339536 0.999423 -0
    outer loop
      vertex 8.39025 18.5909 0
      vertex 8.33138 18.5929 1.2
      vertex 8.39025 18.5909 1.2
    endloop
  endfacet
  facet normal 0.0339536 0.999423 0
    outer loop
      vertex 8.33138 18.5929 1.2
      vertex 8.39025 18.5909 0
      vertex 8.33138 18.5929 0
    endloop
  endfacet
  facet normal -0.917556 -0.397607 0
    outer loop
      vertex 9.51334 20.2404 0
      vertex 9.48994 20.2944 1.2
      vertex 9.48994 20.2944 0
    endloop
  endfacet
  facet normal -0.917556 -0.397607 0
    outer loop
      vertex 9.48994 20.2944 1.2
      vertex 9.51334 20.2404 0
      vertex 9.51334 20.2404 1.2
    endloop
  endfacet
  facet normal -0.583723 -0.811953 0
    outer loop
      vertex 9.07609 20.7828 0
      vertex 9.12394 20.7484 1.2
      vertex 9.07609 20.7828 1.2
    endloop
  endfacet
  facet normal -0.583723 -0.811953 -0
    outer loop
      vertex 9.12394 20.7484 1.2
      vertex 9.07609 20.7828 0
      vertex 9.12394 20.7484 0
    endloop
  endfacet
  facet normal 0.917556 0.397607 0
    outer loop
      vertex 7.3115 19.2873 1.2
      vertex 7.2881 19.3413 0
      vertex 7.2881 19.3413 1.2
    endloop
  endfacet
  facet normal 0.917556 0.397607 0
    outer loop
      vertex 7.2881 19.3413 0
      vertex 7.3115 19.2873 1.2
      vertex 7.3115 19.2873 0
    endloop
  endfacet
  facet normal -0.0814997 -0.996673 0
    outer loop
      vertex 8.47006 20.9888 0
      vertex 8.52876 20.984 1.2
      vertex 8.47006 20.9888 1.2
    endloop
  endfacet
  facet normal -0.0814997 -0.996673 -0
    outer loop
      vertex 8.52876 20.984 1.2
      vertex 8.47006 20.9888 0
      vertex 8.52876 20.984 0
    endloop
  endfacet
  facet normal -0.946835 0.32172 0
    outer loop
      vertex 9.527 19.3767 0
      vertex 9.54596 19.4325 1.2
      vertex 9.54596 19.4325 0
    endloop
  endfacet
  facet normal -0.946835 0.32172 0
    outer loop
      vertex 9.54596 19.4325 1.2
      vertex 9.527 19.3767 0
      vertex 9.527 19.3767 1.2
    endloop
  endfacet
  facet normal 0.456834 0.889552 -0
    outer loop
      vertex 7.87821 18.7106 0
      vertex 7.82583 18.7375 1.2
      vertex 7.87821 18.7106 1.2
    endloop
  endfacet
  facet normal 0.456834 0.889552 0
    outer loop
      vertex 7.82583 18.7375 1.2
      vertex 7.87821 18.7106 0
      vertex 7.82583 18.7375 0
    endloop
  endfacet
  facet normal -0.996618 0.0821743 0
    outer loop
      vertex 9.59387 19.6628 0
      vertex 9.59871 19.7215 1.2
      vertex 9.59871 19.7215 0
    endloop
  endfacet
  facet normal -0.996618 0.0821743 0
    outer loop
      vertex 9.59871 19.7215 1.2
      vertex 9.59387 19.6628 0
      vertex 9.59387 19.6628 1.2
    endloop
  endfacet
  facet normal 0.993527 0.113594 0
    outer loop
      vertex 7.21222 19.6251 1.2
      vertex 7.20552 19.6837 0
      vertex 7.20552 19.6837 1.2
    endloop
  endfacet
  facet normal 0.993527 0.113594 0
    outer loop
      vertex 7.20552 19.6837 0
      vertex 7.21222 19.6251 1.2
      vertex 7.21222 19.6251 0
    endloop
  endfacet
  facet normal 0.113767 -0.993507 0
    outer loop
      vertex 8.23501 20.9794 0
      vertex 8.29352 20.9861 1.2
      vertex 8.23501 20.9794 1.2
    endloop
  endfacet
  facet normal 0.113767 -0.993507 0
    outer loop
      vertex 8.29352 20.9861 1.2
      vertex 8.23501 20.9794 0
      vertex 8.29352 20.9861 0
    endloop
  endfacet
  facet normal -0.977603 -0.210456 0
    outer loop
      vertex 9.57966 20.0147 0
      vertex 9.56726 20.0723 1.2
      vertex 9.56726 20.0723 0
    endloop
  endfacet
  facet normal -0.977603 -0.210456 0
    outer loop
      vertex 9.56726 20.0723 1.2
      vertex 9.57966 20.0147 0
      vertex 9.57966 20.0147 1.2
    endloop
  endfacet
  facet normal -0.983712 0.179753 0
    outer loop
      vertex 9.57557 19.5465 0
      vertex 9.58615 19.6044 1.2
      vertex 9.58615 19.6044 0
    endloop
  endfacet
  facet normal -0.983712 0.179753 0
    outer loop
      vertex 9.58615 19.6044 1.2
      vertex 9.57557 19.5465 0
      vertex 9.57557 19.5465 1.2
    endloop
  endfacet
  facet normal 0.527937 -0.849283 0
    outer loop
      vertex 7.74277 20.7944 0
      vertex 7.7928 20.8255 1.2
      vertex 7.74277 20.7944 1.2
    endloop
  endfacet
  facet normal 0.527937 -0.849283 0
    outer loop
      vertex 7.7928 20.8255 1.2
      vertex 7.74277 20.7944 0
      vertex 7.7928 20.8255 0
    endloop
  endfacet
  facet normal 0.162967 -0.986631 0
    outer loop
      vertex 8.17689 20.9698 0
      vertex 8.23501 20.9794 1.2
      vertex 8.17689 20.9698 1.2
    endloop
  endfacet
  facet normal 0.162967 -0.986631 0
    outer loop
      vertex 8.23501 20.9794 1.2
      vertex 8.17689 20.9698 0
      vertex 8.23501 20.9794 0
    endloop
  endfacet
  facet normal -0.897326 -0.441369 0
    outer loop
      vertex 9.48994 20.2944 0
      vertex 9.46392 20.3473 1.2
      vertex 9.46392 20.3473 0
    endloop
  endfacet
  facet normal -0.897326 -0.441369 0
    outer loop
      vertex 9.46392 20.3473 1.2
      vertex 9.48994 20.2944 0
      vertex 9.48994 20.2944 1.2
    endloop
  endfacet
  facet normal 0.0645132 -0.997917 0
    outer loop
      vertex 8.29352 20.9861 0
      vertex 8.3523 20.9899 1.2
      vertex 8.29352 20.9861 1.2
    endloop
  endfacet
  facet normal 0.0645132 -0.997917 0
    outer loop
      vertex 8.3523 20.9899 1.2
      vertex 8.29352 20.9861 0
      vertex 8.3523 20.9899 0
    endloop
  endfacet
  facet normal -0.997889 -0.0649393 0
    outer loop
      vertex 9.59974 19.8393 0
      vertex 9.59592 19.898 1.2
      vertex 9.59592 19.898 0
    endloop
  endfacet
  facet normal -0.997889 -0.0649393 0
    outer loop
      vertex 9.59592 19.898 1.2
      vertex 9.59974 19.8393 0
      vertex 9.59974 19.8393 1.2
    endloop
  endfacet
  facet normal -0.986731 -0.162361 0
    outer loop
      vertex 9.58922 19.9566 0
      vertex 9.57966 20.0147 1.2
      vertex 9.57966 20.0147 0
    endloop
  endfacet
  facet normal -0.986731 -0.162361 0
    outer loop
      vertex 9.57966 20.0147 1.2
      vertex 9.58922 19.9566 0
      vertex 9.58922 19.9566 1.2
    endloop
  endfacet
  facet normal 0.366876 0.93027 -0
    outer loop
      vertex 7.98661 18.6646 0
      vertex 7.93184 18.6862 1.2
      vertex 7.98661 18.6646 1.2
    endloop
  endfacet
  facet normal 0.366876 0.93027 0
    outer loop
      vertex 7.93184 18.6862 1.2
      vertex 7.98661 18.6646 0
      vertex 7.93184 18.6862 0
    endloop
  endfacet
  facet normal -0.621625 -0.783315 0
    outer loop
      vertex 9.12394 20.7484 0
      vertex 9.17006 20.7118 1.2
      vertex 9.12394 20.7484 1.2
    endloop
  endfacet
  facet normal -0.621625 -0.783315 -0
    outer loop
      vertex 9.17006 20.7118 1.2
      vertex 9.12394 20.7484 0
      vertex 9.17006 20.7118 0
    endloop
  endfacet
  facet normal -0.865767 0.500447 0
    outer loop
      vertex 9.42457 19.165 0
      vertex 9.45405 19.216 1.2
      vertex 9.45405 19.216 0
    endloop
  endfacet
  facet normal -0.865767 0.500447 0
    outer loop
      vertex 9.45405 19.216 1.2
      vertex 9.42457 19.165 0
      vertex 9.42457 19.165 1.2
    endloop
  endfacet
  facet normal 0.983742 -0.179588 0
    outer loop
      vertex 7.21529 19.9773 1.2
      vertex 7.22586 20.0352 0
      vertex 7.22586 20.0352 1.2
    endloop
  endfacet
  facet normal 0.983742 -0.179588 0
    outer loop
      vertex 7.22586 20.0352 0
      vertex 7.21529 19.9773 1.2
      vertex 7.21529 19.9773 0
    endloop
  endfacet
  facet normal -0.840262 0.542181 0
    outer loop
      vertex 9.39263 19.1155 0
      vertex 9.42457 19.165 1.2
      vertex 9.42457 19.165 0
    endloop
  endfacet
  facet normal -0.840262 0.542181 0
    outer loop
      vertex 9.42457 19.165 1.2
      vertex 9.39263 19.1155 0
      vertex 9.39263 19.1155 1.2
    endloop
  endfacet
  facet normal -0.660161 -0.751124 0
    outer loop
      vertex 9.17006 20.7118 0
      vertex 9.21432 20.6729 1.2
      vertex 9.17006 20.7118 1.2
    endloop
  endfacet
  facet normal -0.660161 -0.751124 -0
    outer loop
      vertex 9.21432 20.6729 1.2
      vertex 9.17006 20.7118 0
      vertex 9.21432 20.6729 0
    endloop
  endfacet
  facet normal 0.275035 0.961434 -0
    outer loop
      vertex 8.099 18.6294 0
      vertex 8.04237 18.6456 1.2
      vertex 8.099 18.6294 1.2
    endloop
  endfacet
  facet normal 0.275035 0.961434 0
    outer loop
      vertex 8.04237 18.6456 1.2
      vertex 8.099 18.6294 0
      vertex 8.04237 18.6456 0
    endloop
  endfacet
  facet normal 0.500775 0.865577 -0
    outer loop
      vertex 7.82583 18.7375 0
      vertex 7.77484 18.767 1.2
      vertex 7.82583 18.7375 1.2
    endloop
  endfacet
  facet normal 0.500775 0.865577 0
    outer loop
      vertex 7.77484 18.767 1.2
      vertex 7.82583 18.7375 0
      vertex 7.77484 18.767 0
    endloop
  endfacet
  facet normal -0.351458 0.936204 0
    outer loop
      vertex 8.85025 18.6782 0
      vertex 8.79511 18.6575 1.2
      vertex 8.85025 18.6782 1.2
    endloop
  endfacet
  facet normal -0.351458 0.936204 0
    outer loop
      vertex 8.79511 18.6575 1.2
      vertex 8.85025 18.6782 0
      vertex 8.79511 18.6575 0
    endloop
  endfacet
  facet normal -0.0152809 0.999883 0
    outer loop
      vertex 8.44914 18.5918 0
      vertex 8.39025 18.5909 1.2
      vertex 8.44914 18.5918 1.2
    endloop
  endfacet
  facet normal -0.0152809 0.999883 0
    outer loop
      vertex 8.39025 18.5909 1.2
      vertex 8.44914 18.5918 0
      vertex 8.39025 18.5909 0
    endloop
  endfacet
  facet normal -0.500775 -0.865577 0
    outer loop
      vertex 8.97561 20.8442 0
      vertex 9.0266 20.8147 1.2
      vertex 8.97561 20.8442 1.2
    endloop
  endfacet
  facet normal -0.500775 -0.865577 -0
    outer loop
      vertex 9.0266 20.8147 1.2
      vertex 8.97561 20.8442 0
      vertex 9.0266 20.8147 0
    endloop
  endfacet
  facet normal -0.812723 0.58265 0
    outer loop
      vertex 9.35829 19.0676 0
      vertex 9.39263 19.1155 1.2
      vertex 9.39263 19.1155 0
    endloop
  endfacet
  facet normal -0.812723 0.58265 0
    outer loop
      vertex 9.39263 19.1155 1.2
      vertex 9.35829 19.0676 0
      vertex 9.35829 19.0676 1.2
    endloop
  endfacet
  facet normal -0.0339536 -0.999423 0
    outer loop
      vertex 8.41119 20.9908 0
      vertex 8.47006 20.9888 1.2
      vertex 8.41119 20.9908 1.2
    endloop
  endfacet
  facet normal -0.0339536 -0.999423 -0
    outer loop
      vertex 8.47006 20.9888 1.2
      vertex 8.41119 20.9908 0
      vertex 8.47006 20.9888 0
    endloop
  endfacet
  facet normal -0.751017 0.660283 0
    outer loop
      vertex 9.28279 18.9773 0
      vertex 9.32165 19.0215 1.2
      vertex 9.32165 19.0215 0
    endloop
  endfacet
  facet normal -0.751017 0.660283 0
    outer loop
      vertex 9.32165 19.0215 1.2
      vertex 9.28279 18.9773 0
      vertex 9.28279 18.9773 1.2
    endloop
  endfacet
  facet normal -0.397298 0.91769 0
    outer loop
      vertex 8.9043 18.7016 0
      vertex 8.85025 18.6782 1.2
      vertex 8.9043 18.7016 1.2
    endloop
  endfacet
  facet normal -0.397298 0.91769 0
    outer loop
      vertex 8.85025 18.6782 1.2
      vertex 8.9043 18.7016 0
      vertex 8.85025 18.6782 0
    endloop
  endfacet
  facet normal 0.782853 -0.622207 0
    outer loop
      vertex 7.44314 20.5141 1.2
      vertex 7.47978 20.5602 0
      vertex 7.47978 20.5602 1.2
    endloop
  endfacet
  facet normal 0.782853 -0.622207 0
    outer loop
      vertex 7.47978 20.5602 0
      vertex 7.44314 20.5141 1.2
      vertex 7.44314 20.5141 0
    endloop
  endfacet
  facet normal -0.210526 0.977588 0
    outer loop
      vertex 8.68213 18.6243 0
      vertex 8.62455 18.6119 1.2
      vertex 8.68213 18.6243 1.2
    endloop
  endfacet
  facet normal -0.210526 0.977588 0
    outer loop
      vertex 8.62455 18.6119 1.2
      vertex 8.68213 18.6243 0
      vertex 8.62455 18.6119 0
    endloop
  endfacet
  facet normal 0.874381 0.485239 0
    outer loop
      vertex 7.3661 19.1829 1.2
      vertex 7.33752 19.2344 0
      vertex 7.33752 19.2344 1.2
    endloop
  endfacet
  facet normal 0.874381 0.485239 0
    outer loop
      vertex 7.33752 19.2344 0
      vertex 7.3661 19.1829 1.2
      vertex 7.3661 19.1829 0
    endloop
  endfacet
  facet normal 0.910807 -0.412832 0
    outer loop
      vertex 7.29611 20.2597 1.2
      vertex 7.32045 20.3134 0
      vertex 7.32045 20.3134 1.2
    endloop
  endfacet
  facet normal 0.910807 -0.412832 0
    outer loop
      vertex 7.32045 20.3134 0
      vertex 7.29611 20.2597 1.2
      vertex 7.29611 20.2597 0
    endloop
  endfacet
  facet normal -0.793388 -0.608717 0
    outer loop
      vertex 9.37077 20.4973 0
      vertex 9.33494 20.544 1.2
      vertex 9.33494 20.544 0
    endloop
  endfacet
  facet normal -0.793388 -0.608717 0
    outer loop
      vertex 9.33494 20.544 1.2
      vertex 9.37077 20.4973 0
      vertex 9.37077 20.4973 1.2
    endloop
  endfacet
  facet normal 0.936218 0.351421 0
    outer loop
      vertex 7.2881 19.3413 1.2
      vertex 7.26738 19.3965 0
      vertex 7.26738 19.3965 1.2
    endloop
  endfacet
  facet normal 0.936218 0.351421 0
    outer loop
      vertex 7.26738 19.3965 0
      vertex 7.2881 19.3413 1.2
      vertex 7.2881 19.3413 0
    endloop
  endfacet
  facet normal 0.646756 -0.762697 0
    outer loop
      vertex 7.60264 20.687 0
      vertex 7.64757 20.7251 1.2
      vertex 7.60264 20.687 1.2
    endloop
  endfacet
  facet normal 0.646756 -0.762697 0
    outer loop
      vertex 7.64757 20.7251 1.2
      vertex 7.60264 20.687 0
      vertex 7.64757 20.7251 0
    endloop
  endfacet
  facet normal 0.888991 -0.457924 0
    outer loop
      vertex 7.32045 20.3134 1.2
      vertex 7.34739 20.3657 0
      vertex 7.34739 20.3657 1.2
    endloop
  endfacet
  facet normal 0.888991 -0.457924 0
    outer loop
      vertex 7.34739 20.3657 0
      vertex 7.32045 20.3134 1.2
      vertex 7.32045 20.3134 0
    endloop
  endfacet
  facet normal 0.865767 -0.500447 0
    outer loop
      vertex 7.34739 20.3657 1.2
      vertex 7.37687 20.4167 0
      vertex 7.37687 20.4167 1.2
    endloop
  endfacet
  facet normal 0.865767 -0.500447 0
    outer loop
      vertex 7.37687 20.4167 0
      vertex 7.34739 20.3657 1.2
      vertex 7.34739 20.3657 0
    endloop
  endfacet
  facet normal -0.991376 0.131052 0
    outer loop
      vertex 9.58615 19.6044 0
      vertex 9.59387 19.6628 1.2
      vertex 9.59387 19.6628 0
    endloop
  endfacet
  facet normal -0.991376 0.131052 0
    outer loop
      vertex 9.59387 19.6628 1.2
      vertex 9.58615 19.6044 0
      vertex 9.58615 19.6044 1.2
    endloop
  endfacet
  facet normal 0.751756 -0.659441 0
    outer loop
      vertex 7.47978 20.5602 1.2
      vertex 7.51864 20.6045 0
      vertex 7.51864 20.6045 1.2
    endloop
  endfacet
  facet normal 0.751756 -0.659441 0
    outer loop
      vertex 7.51864 20.6045 0
      vertex 7.47978 20.5602 1.2
      vertex 7.47978 20.5602 0
    endloop
  endfacet
  facet normal 0.718139 -0.695899 0
    outer loop
      vertex 7.51864 20.6045 1.2
      vertex 7.55963 20.6468 0
      vertex 7.55963 20.6468 1.2
    endloop
  endfacet
  facet normal 0.718139 -0.695899 0
    outer loop
      vertex 7.55963 20.6468 0
      vertex 7.51864 20.6045 1.2
      vertex 7.51864 20.6045 0
    endloop
  endfacet
  facet normal 0.999447 -0.0332583 0
    outer loop
      vertex 7.20076 19.8013 1.2
      vertex 7.20272 19.8602 0
      vertex 7.20272 19.8602 1.2
    endloop
  endfacet
  facet normal 0.999447 -0.0332583 0
    outer loop
      vertex 7.20272 19.8602 0
      vertex 7.20076 19.8013 1.2
      vertex 7.20076 19.8013 0
    endloop
  endfacet
  facet normal 0.999873 0.0159572 0
    outer loop
      vertex 7.2017 19.7424 1.2
      vertex 7.20076 19.8013 0
      vertex 7.20076 19.8013 1.2
    endloop
  endfacet
  facet normal 0.999873 0.0159572 0
    outer loop
      vertex 7.20076 19.8013 0
      vertex 7.2017 19.7424 1.2
      vertex 7.2017 19.7424 0
    endloop
  endfacet
  facet normal 0.607986 -0.793948 0
    outer loop
      vertex 7.64757 20.7251 0
      vertex 7.69432 20.7609 1.2
      vertex 7.64757 20.7251 1.2
    endloop
  endfacet
  facet normal 0.607986 -0.793948 0
    outer loop
      vertex 7.69432 20.7609 1.2
      vertex 7.64757 20.7251 0
      vertex 7.69432 20.7609 0
    endloop
  endfacet
  facet normal 0.929702 -0.368312 0
    outer loop
      vertex 7.27444 20.205 1.2
      vertex 7.29611 20.2597 0
      vertex 7.29611 20.2597 1.2
    endloop
  endfacet
  facet normal 0.929702 -0.368312 0
    outer loop
      vertex 7.29611 20.2597 0
      vertex 7.27444 20.205 1.2
      vertex 7.27444 20.205 0
    endloop
  endfacet
  facet normal 0.621625 0.783315 -0
    outer loop
      vertex 7.6775 18.8333 0
      vertex 7.63138 18.8699 1.2
      vertex 7.6775 18.8333 1.2
    endloop
  endfacet
  facet normal 0.621625 0.783315 0
    outer loop
      vertex 7.63138 18.8699 1.2
      vertex 7.6775 18.8333 0
      vertex 7.63138 18.8699 0
    endloop
  endfacet
  facet normal -0.258085 0.966122 0
    outer loop
      vertex 8.73903 18.6395 0
      vertex 8.68213 18.6243 1.2
      vertex 8.73903 18.6395 1.2
    endloop
  endfacet
  facet normal -0.258085 0.966122 0
    outer loop
      vertex 8.68213 18.6243 1.2
      vertex 8.73903 18.6395 0
      vertex 8.68213 18.6243 0
    endloop
  endfacet
  facet normal 0.397298 -0.91769 0
    outer loop
      vertex 7.89714 20.8801 0
      vertex 7.95119 20.9035 1.2
      vertex 7.89714 20.8801 1.2
    endloop
  endfacet
  facet normal 0.397298 -0.91769 0
    outer loop
      vertex 7.95119 20.9035 1.2
      vertex 7.89714 20.8801 0
      vertex 7.95119 20.9035 0
    endloop
  endfacet
  facet normal -0.973816 0.227337 0
    outer loop
      vertex 9.56217 19.4891 0
      vertex 9.57557 19.5465 1.2
      vertex 9.57557 19.5465 0
    endloop
  endfacet
  facet normal -0.973816 0.227337 0
    outer loop
      vertex 9.57557 19.5465 1.2
      vertex 9.56217 19.4891 0
      vertex 9.56217 19.4891 1.2
    endloop
  endfacet
  facet normal 0.210526 -0.977588 0
    outer loop
      vertex 8.11931 20.9574 0
      vertex 8.17689 20.9698 1.2
      vertex 8.11931 20.9574 1.2
    endloop
  endfacet
  facet normal 0.210526 -0.977588 0
    outer loop
      vertex 8.17689 20.9698 1.2
      vertex 8.11931 20.9574 0
      vertex 8.17689 20.9698 0
    endloop
  endfacet
  facet normal 0.227525 0.973772 -0
    outer loop
      vertex 8.15635 18.616 0
      vertex 8.099 18.6294 1.2
      vertex 8.15635 18.616 1.2
    endloop
  endfacet
  facet normal 0.227525 0.973772 0
    outer loop
      vertex 8.099 18.6294 1.2
      vertex 8.15635 18.616 0
      vertex 8.099 18.6294 0
    endloop
  endfacet
  facet normal 0.682839 -0.730569 0
    outer loop
      vertex 7.55963 20.6468 0
      vertex 7.60264 20.687 1.2
      vertex 7.55963 20.6468 1.2
    endloop
  endfacet
  facet normal 0.682839 -0.730569 0
    outer loop
      vertex 7.60264 20.687 1.2
      vertex 7.55963 20.6468 0
      vertex 7.60264 20.687 0
    endloop
  endfacet
  facet normal 0.977603 0.210456 0
    outer loop
      vertex 7.23418 19.5094 1.2
      vertex 7.22178 19.567 0
      vertex 7.22178 19.567 1.2
    endloop
  endfacet
  facet normal 0.977603 0.210456 0
    outer loop
      vertex 7.22178 19.567 0
      vertex 7.23418 19.5094 1.2
      vertex 7.23418 19.5094 0
    endloop
  endfacet
  facet normal 0.973779 -0.227498 0
    outer loop
      vertex 7.22586 20.0352 1.2
      vertex 7.23927 20.0926 0
      vertex 7.23927 20.0926 1.2
    endloop
  endfacet
  facet normal 0.973779 -0.227498 0
    outer loop
      vertex 7.23927 20.0926 0
      vertex 7.22586 20.0352 1.2
      vertex 7.22586 20.0352 0
    endloop
  endfacet
  facet normal -0.227525 -0.973772 0
    outer loop
      vertex 8.64509 20.9657 0
      vertex 8.70244 20.9523 1.2
      vertex 8.64509 20.9657 1.2
    endloop
  endfacet
  facet normal -0.227525 -0.973772 -0
    outer loop
      vertex 8.70244 20.9523 1.2
      vertex 8.64509 20.9657 0
      vertex 8.70244 20.9523 0
    endloop
  endfacet
  facet normal -0.936218 -0.351421 0
    outer loop
      vertex 9.53406 20.1852 0
      vertex 9.51334 20.2404 1.2
      vertex 9.51334 20.2404 0
    endloop
  endfacet
  facet normal -0.936218 -0.351421 0
    outer loop
      vertex 9.51334 20.2404 1.2
      vertex 9.53406 20.1852 0
      vertex 9.53406 20.1852 1.2
    endloop
  endfacet
  facet normal 0.730151 0.683286 0
    outer loop
      vertex 7.54482 18.9498 1.2
      vertex 7.50458 18.9928 0
      vertex 7.50458 18.9928 1.2
    endloop
  endfacet
  facet normal 0.730151 0.683286 0
    outer loop
      vertex 7.50458 18.9928 0
      vertex 7.54482 18.9498 1.2
      vertex 7.54482 18.9498 0
    endloop
  endfacet
  facet normal -0.456834 -0.889552 0
    outer loop
      vertex 8.92323 20.8711 0
      vertex 8.97561 20.8442 1.2
      vertex 8.92323 20.8711 1.2
    endloop
  endfacet
  facet normal -0.456834 -0.889552 -0
    outer loop
      vertex 8.97561 20.8442 1.2
      vertex 8.92323 20.8711 0
      vertex 8.97561 20.8442 0
    endloop
  endfacet
  facet normal -0.414123 -0.910221 0
    outer loop
      vertex 8.8696 20.8955 0
      vertex 8.92323 20.8711 1.2
      vertex 8.8696 20.8955 1.2
    endloop
  endfacet
  facet normal -0.414123 -0.910221 -0
    outer loop
      vertex 8.92323 20.8711 1.2
      vertex 8.8696 20.8955 0
      vertex 8.92323 20.8711 0
    endloop
  endfacet
  facet normal 0.946783 -0.321872 0
    outer loop
      vertex 7.25547 20.1492 1.2
      vertex 7.27444 20.205 0
      vertex 7.27444 20.205 1.2
    endloop
  endfacet
  facet normal 0.946783 -0.321872 0
    outer loop
      vertex 7.27444 20.205 0
      vertex 7.25547 20.1492 1.2
      vertex 7.25547 20.1492 0
    endloop
  endfacet
  facet normal 0.414123 0.910221 -0
    outer loop
      vertex 7.93184 18.6862 0
      vertex 7.87821 18.7106 1.2
      vertex 7.93184 18.6862 1.2
    endloop
  endfacet
  facet normal 0.414123 0.910221 0
    outer loop
      vertex 7.87821 18.7106 1.2
      vertex 7.93184 18.6862 0
      vertex 7.87821 18.7106 0
    endloop
  endfacet
  facet normal 0.0152809 -0.999883 0
    outer loop
      vertex 8.3523 20.9899 0
      vertex 8.41119 20.9908 1.2
      vertex 8.3523 20.9899 1.2
    endloop
  endfacet
  facet normal 0.0152809 -0.999883 0
    outer loop
      vertex 8.41119 20.9908 1.2
      vertex 8.3523 20.9899 0
      vertex 8.41119 20.9908 0
    endloop
  endfacet
  facet normal -0.179961 -0.983674 0
    outer loop
      vertex 8.58715 20.9763 0
      vertex 8.64509 20.9657 1.2
      vertex 8.58715 20.9763 1.2
    endloop
  endfacet
  facet normal -0.179961 -0.983674 -0
    outer loop
      vertex 8.64509 20.9657 1.2
      vertex 8.58715 20.9763 0
      vertex 8.64509 20.9657 0
    endloop
  endfacet
  facet normal 0.351458 -0.936204 0
    outer loop
      vertex 7.95119 20.9035 0
      vertex 8.00633 20.9242 1.2
      vertex 7.95119 20.9035 1.2
    endloop
  endfacet
  facet normal 0.351458 -0.936204 0
    outer loop
      vertex 8.00633 20.9242 1.2
      vertex 7.95119 20.9035 0
      vertex 8.00633 20.9242 0
    endloop
  endfacet
  facet normal -0.13074 -0.991417 0
    outer loop
      vertex 8.52876 20.984 0
      vertex 8.58715 20.9763 1.2
      vertex 8.52876 20.984 1.2
    endloop
  endfacet
  facet normal -0.13074 -0.991417 -0
    outer loop
      vertex 8.58715 20.9763 1.2
      vertex 8.52876 20.984 0
      vertex 8.58715 20.9763 0
    endloop
  endfacet
  facet normal 0.568724 -0.822528 0
    outer loop
      vertex 7.69432 20.7609 0
      vertex 7.74277 20.7944 1.2
      vertex 7.69432 20.7609 1.2
    endloop
  endfacet
  facet normal 0.568724 -0.822528 0
    outer loop
      vertex 7.74277 20.7944 1.2
      vertex 7.69432 20.7609 0
      vertex 7.74277 20.7944 0
    endloop
  endfacet
  facet normal -0.849294 -0.527921 0
    outer loop
      vertex 9.43534 20.3988 0
      vertex 9.40426 20.4488 1.2
      vertex 9.40426 20.4488 0
    endloop
  endfacet
  facet normal -0.849294 -0.527921 0
    outer loop
      vertex 9.40426 20.4488 1.2
      vertex 9.43534 20.3988 0
      vertex 9.43534 20.3988 1.2
    endloop
  endfacet
  facet normal -0.568724 0.822528 0
    outer loop
      vertex 9.10712 18.8208 0
      vertex 9.05867 18.7873 1.2
      vertex 9.10712 18.8208 1.2
    endloop
  endfacet
  facet normal -0.568724 0.822528 0
    outer loop
      vertex 9.05867 18.7873 1.2
      vertex 9.10712 18.8208 0
      vertex 9.05867 18.7873 0
    endloop
  endfacet
  facet normal 0.961396 -0.27517 0
    outer loop
      vertex 7.23927 20.0926 1.2
      vertex 7.25547 20.1492 0
      vertex 7.25547 20.1492 1.2
    endloop
  endfacet
  facet normal 0.961396 -0.27517 0
    outer loop
      vertex 7.25547 20.1492 0
      vertex 7.23927 20.0926 1.2
      vertex 7.23927 20.0926 0
    endloop
  endfacet
  facet normal 0.13074 0.991417 -0
    outer loop
      vertex 8.27268 18.5977 0
      vertex 8.21429 18.6054 1.2
      vertex 8.27268 18.5977 1.2
    endloop
  endfacet
  facet normal 0.13074 0.991417 0
    outer loop
      vertex 8.21429 18.6054 1.2
      vertex 8.27268 18.5977 0
      vertex 8.21429 18.6054 0
    endloop
  endfacet
  facet normal 0.485499 -0.874237 0
    outer loop
      vertex 7.7928 20.8255 0
      vertex 7.8443 20.8541 1.2
      vertex 7.7928 20.8255 1.2
    endloop
  endfacet
  facet normal 0.485499 -0.874237 0
    outer loop
      vertex 7.8443 20.8541 1.2
      vertex 7.7928 20.8255 0
      vertex 7.8443 20.8541 0
    endloop
  endfacet
  facet normal 0.541779 0.840521 -0
    outer loop
      vertex 7.77484 18.767 0
      vertex 7.72535 18.7989 1.2
      vertex 7.77484 18.767 1.2
    endloop
  endfacet
  facet normal 0.541779 0.840521 0
    outer loop
      vertex 7.72535 18.7989 1.2
      vertex 7.77484 18.767 0
      vertex 7.72535 18.7989 0
    endloop
  endfacet
  facet normal -0.646756 0.762697 0
    outer loop
      vertex 9.1988 18.8947 0
      vertex 9.15387 18.8566 1.2
      vertex 9.1988 18.8947 1.2
    endloop
  endfacet
  facet normal -0.646756 0.762697 0
    outer loop
      vertex 9.15387 18.8566 1.2
      vertex 9.1988 18.8947 0
      vertex 9.15387 18.8566 0
    endloop
  endfacet
  facet normal -0.782853 0.622207 0
    outer loop
      vertex 9.32165 19.0215 0
      vertex 9.35829 19.0676 1.2
      vertex 9.35829 19.0676 0
    endloop
  endfacet
  facet normal -0.782853 0.622207 0
    outer loop
      vertex 9.35829 19.0676 1.2
      vertex 9.32165 19.0215 0
      vertex 9.32165 19.0215 1.2
    endloop
  endfacet
  facet normal 0.762651 0.64681 0
    outer loop
      vertex 7.50458 18.9928 1.2
      vertex 7.4665 19.0377 0
      vertex 7.4665 19.0377 1.2
    endloop
  endfacet
  facet normal 0.762651 0.64681 0
    outer loop
      vertex 7.4665 19.0377 0
      vertex 7.50458 18.9928 1.2
      vertex 7.50458 18.9928 0
    endloop
  endfacet
  facet normal 0.660161 0.751124 -0
    outer loop
      vertex 7.63138 18.8699 0
      vertex 7.58712 18.9088 1.2
      vertex 7.63138 18.8699 1.2
    endloop
  endfacet
  facet normal 0.660161 0.751124 0
    outer loop
      vertex 7.58712 18.9088 1.2
      vertex 7.63138 18.8699 0
      vertex 7.58712 18.9088 0
    endloop
  endfacet
  facet normal 0.840262 -0.542181 0
    outer loop
      vertex 7.37687 20.4167 1.2
      vertex 7.40881 20.4662 0
      vertex 7.40881 20.4662 1.2
    endloop
  endfacet
  facet normal 0.840262 -0.542181 0
    outer loop
      vertex 7.40881 20.4662 0
      vertex 7.37687 20.4167 1.2
      vertex 7.37687 20.4167 0
    endloop
  endfacet
  facet normal 0.322536 0.946557 -0
    outer loop
      vertex 8.04237 18.6456 0
      vertex 7.98661 18.6646 1.2
      vertex 8.04237 18.6456 1.2
    endloop
  endfacet
  facet normal 0.322536 0.946557 0
    outer loop
      vertex 7.98661 18.6646 1.2
      vertex 8.04237 18.6456 0
      vertex 7.98661 18.6646 0
    endloop
  endfacet
  facet normal -0.993527 -0.113594 0
    outer loop
      vertex 9.59592 19.898 0
      vertex 9.58922 19.9566 1.2
      vertex 9.58922 19.9566 0
    endloop
  endfacet
  facet normal -0.993527 -0.113594 0
    outer loop
      vertex 9.58922 19.9566 1.2
      vertex 9.59592 19.898 0
      vertex 9.59592 19.898 1.2
    endloop
  endfacet
  facet normal -0.966037 -0.258402 0
    outer loop
      vertex 9.56726 20.0723 0
      vertex 9.55204 20.1292 1.2
      vertex 9.55204 20.1292 0
    endloop
  endfacet
  facet normal -0.966037 -0.258402 0
    outer loop
      vertex 9.55204 20.1292 1.2
      vertex 9.56726 20.0723 0
      vertex 9.56726 20.0723 1.2
    endloop
  endfacet
  facet normal -0.161314 0.986903 0
    outer loop
      vertex 8.62455 18.6119 0
      vertex 8.56643 18.6024 1.2
      vertex 8.62455 18.6119 1.2
    endloop
  endfacet
  facet normal -0.161314 0.986903 0
    outer loop
      vertex 8.56643 18.6024 1.2
      vertex 8.62455 18.6119 0
      vertex 8.56643 18.6024 0
    endloop
  endfacet
  facet normal -0.822882 -0.568213 0
    outer loop
      vertex 9.40426 20.4488 0
      vertex 9.37077 20.4973 1.2
      vertex 9.37077 20.4973 0
    endloop
  endfacet
  facet normal -0.822882 -0.568213 0
    outer loop
      vertex 9.37077 20.4973 1.2
      vertex 9.40426 20.4488 0
      vertex 9.40426 20.4488 1.2
    endloop
  endfacet
  facet normal 0.849294 0.527921 0
    outer loop
      vertex 7.39718 19.1329 1.2
      vertex 7.3661 19.1829 0
      vertex 7.3661 19.1829 1.2
    endloop
  endfacet
  facet normal 0.849294 0.527921 0
    outer loop
      vertex 7.3661 19.1829 0
      vertex 7.39718 19.1329 1.2
      vertex 7.39718 19.1329 0
    endloop
  endfacet
  facet normal -0.683744 0.729722 0
    outer loop
      vertex 9.24181 18.935 0
      vertex 9.1988 18.8947 1.2
      vertex 9.24181 18.935 1.2
    endloop
  endfacet
  facet normal -0.683744 0.729722 0
    outer loop
      vertex 9.1988 18.8947 1.2
      vertex 9.24181 18.935 0
      vertex 9.1988 18.8947 0
    endloop
  endfacet
  facet normal 0.96608 0.258244 0
    outer loop
      vertex 7.24939 19.4525 1.2
      vertex 7.23418 19.5094 0
      vertex 7.23418 19.5094 1.2
    endloop
  endfacet
  facet normal 0.96608 0.258244 0
    outer loop
      vertex 7.23418 19.5094 0
      vertex 7.24939 19.4525 1.2
      vertex 7.24939 19.4525 0
    endloop
  endfacet
  facet normal 0.179961 0.983674 -0
    outer loop
      vertex 8.21429 18.6054 0
      vertex 8.15635 18.616 1.2
      vertex 8.21429 18.6054 1.2
    endloop
  endfacet
  facet normal 0.179961 0.983674 0
    outer loop
      vertex 8.15635 18.616 1.2
      vertex 8.21429 18.6054 0
      vertex 8.15635 18.616 0
    endloop
  endfacet
  facet normal -0.762651 -0.64681 0
    outer loop
      vertex 9.33494 20.544 0
      vertex 9.29686 20.5889 1.2
      vertex 9.29686 20.5889 0
    endloop
  endfacet
  facet normal -0.762651 -0.64681 0
    outer loop
      vertex 9.29686 20.5889 1.2
      vertex 9.33494 20.544 0
      vertex 9.33494 20.544 1.2
    endloop
  endfacet
  facet normal 0.952078 0.305855 0
    outer loop
      vertex 7.26738 19.3965 1.2
      vertex 7.24939 19.4525 0
      vertex 7.24939 19.4525 1.2
    endloop
  endfacet
  facet normal 0.952078 0.305855 0
    outer loop
      vertex 7.24939 19.4525 0
      vertex 7.26738 19.3965 1.2
      vertex 7.26738 19.3965 0
    endloop
  endfacet
  facet normal -0.910871 0.412691 0
    outer loop
      vertex 9.48099 19.2683 0
      vertex 9.50532 19.322 1.2
      vertex 9.50532 19.322 0
    endloop
  endfacet
  facet normal -0.910871 0.412691 0
    outer loop
      vertex 9.50532 19.322 1.2
      vertex 9.48099 19.2683 0
      vertex 9.48099 19.2683 1.2
    endloop
  endfacet
  facet normal 0.822333 0.569007 0
    outer loop
      vertex 7.43067 19.0845 1.2
      vertex 7.39718 19.1329 0
      vertex 7.39718 19.1329 1.2
    endloop
  endfacet
  facet normal 0.822333 0.569007 0
    outer loop
      vertex 7.39718 19.1329 0
      vertex 7.43067 19.0845 1.2
      vertex 7.43067 19.0845 0
    endloop
  endfacet
  facet normal -0.888991 0.457924 0
    outer loop
      vertex 9.45405 19.216 0
      vertex 9.48099 19.2683 1.2
      vertex 9.48099 19.2683 0
    endloop
  endfacet
  facet normal -0.888991 0.457924 0
    outer loop
      vertex 9.48099 19.2683 1.2
      vertex 9.45405 19.216 0
      vertex 9.45405 19.216 1.2
    endloop
  endfacet
  facet normal -0.541779 -0.840521 0
    outer loop
      vertex 9.0266 20.8147 0
      vertex 9.07609 20.7828 1.2
      vertex 9.0266 20.8147 1.2
    endloop
  endfacet
  facet normal -0.541779 -0.840521 -0
    outer loop
      vertex 9.07609 20.7828 1.2
      vertex 9.0266 20.8147 0
      vertex 9.07609 20.7828 0
    endloop
  endfacet
  facet normal -0.527937 0.849283 0
    outer loop
      vertex 9.05867 18.7873 0
      vertex 9.00864 18.7562 1.2
      vertex 9.05867 18.7873 1.2
    endloop
  endfacet
  facet normal -0.527937 0.849283 0
    outer loop
      vertex 9.00864 18.7562 1.2
      vertex 9.05867 18.7873 0
      vertex 9.00864 18.7562 0
    endloop
  endfacet
  facet normal 0.583723 0.811953 -0
    outer loop
      vertex 7.72535 18.7989 0
      vertex 7.6775 18.8333 1.2
      vertex 7.72535 18.7989 1.2
    endloop
  endfacet
  facet normal 0.583723 0.811953 0
    outer loop
      vertex 7.6775 18.8333 1.2
      vertex 7.72535 18.7989 0
      vertex 7.6775 18.8333 0
    endloop
  endfacet
  facet normal 0.794016 0.607897 0
    outer loop
      vertex 7.4665 19.0377 1.2
      vertex 7.43067 19.0845 0
      vertex 7.43067 19.0845 1.2
    endloop
  endfacet
  facet normal 0.794016 0.607897 0
    outer loop
      vertex 7.43067 19.0845 0
      vertex 7.4665 19.0377 1.2
      vertex 7.4665 19.0377 0
    endloop
  endfacet
  facet normal 0.991376 -0.131052 0
    outer loop
      vertex 7.20757 19.9189 1.2
      vertex 7.21529 19.9773 0
      vertex 7.21529 19.9773 1.2
    endloop
  endfacet
  facet normal 0.991376 -0.131052 0
    outer loop
      vertex 7.21529 19.9773 0
      vertex 7.20757 19.9189 1.2
      vertex 7.20757 19.9189 0
    endloop
  endfacet
  facet normal 0.897326 0.441369 0
    outer loop
      vertex 7.33752 19.2344 1.2
      vertex 7.3115 19.2873 0
      vertex 7.3115 19.2873 1.2
    endloop
  endfacet
  facet normal 0.897326 0.441369 0
    outer loop
      vertex 7.3115 19.2873 0
      vertex 7.33752 19.2344 1.2
      vertex 7.33752 19.2344 0
    endloop
  endfacet
  facet normal 0.986731 0.162361 0
    outer loop
      vertex 7.22178 19.567 1.2
      vertex 7.21222 19.6251 0
      vertex 7.21222 19.6251 1.2
    endloop
  endfacet
  facet normal 0.986731 0.162361 0
    outer loop
      vertex 7.21222 19.6251 0
      vertex 7.22178 19.567 1.2
      vertex 7.22178 19.567 0
    endloop
  endfacet
  facet normal -0.442865 0.896589 0
    outer loop
      vertex 8.95714 18.7277 0
      vertex 8.9043 18.7016 1.2
      vertex 8.95714 18.7277 1.2
    endloop
  endfacet
  facet normal -0.442865 0.896589 0
    outer loop
      vertex 8.9043 18.7016 1.2
      vertex 8.95714 18.7277 0
      vertex 8.9043 18.7016 0
    endloop
  endfacet
  facet normal -0.999447 0.0332583 0
    outer loop
      vertex 9.59871 19.7215 0
      vertex 9.60067 19.7804 1.2
      vertex 9.60067 19.7804 0
    endloop
  endfacet
  facet normal -0.999447 0.0332583 0
    outer loop
      vertex 9.60067 19.7804 1.2
      vertex 9.59871 19.7215 0
      vertex 9.59871 19.7215 1.2
    endloop
  endfacet
  facet normal -0.999875 -0.0157875 0
    outer loop
      vertex 9.60067 19.7804 0
      vertex 9.59974 19.8393 1.2
      vertex 9.59974 19.8393 0
    endloop
  endfacet
  facet normal -0.999875 -0.0157875 0
    outer loop
      vertex 9.59974 19.8393 1.2
      vertex 9.60067 19.7804 0
      vertex 9.60067 19.7804 1.2
    endloop
  endfacet
  facet normal 0.996604 -0.0823429 0
    outer loop
      vertex 7.20272 19.8602 1.2
      vertex 7.20757 19.9189 0
      vertex 7.20757 19.9189 1.2
    endloop
  endfacet
  facet normal 0.996604 -0.0823429 0
    outer loop
      vertex 7.20757 19.9189 0
      vertex 7.20272 19.8602 1.2
      vertex 7.20272 19.8602 0
    endloop
  endfacet
  facet normal -0.305613 0.952156 0
    outer loop
      vertex 8.79511 18.6575 0
      vertex 8.73903 18.6395 1.2
      vertex 8.79511 18.6575 1.2
    endloop
  endfacet
  facet normal -0.305613 0.952156 0
    outer loop
      vertex 8.73903 18.6395 1.2
      vertex 8.79511 18.6575 0
      vertex 8.73903 18.6395 0
    endloop
  endfacet
  facet normal -0.952128 -0.305701 0
    outer loop
      vertex 9.55204 20.1292 0
      vertex 9.53406 20.1852 1.2
      vertex 9.53406 20.1852 0
    endloop
  endfacet
  facet normal -0.952128 -0.305701 0
    outer loop
      vertex 9.53406 20.1852 1.2
      vertex 9.55204 20.1292 0
      vertex 9.55204 20.1292 1.2
    endloop
  endfacet
  facet normal 0.812804 -0.582538 0
    outer loop
      vertex 7.40881 20.4662 1.2
      vertex 7.44314 20.5141 0
      vertex 7.44314 20.5141 1.2
    endloop
  endfacet
  facet normal 0.812804 -0.582538 0
    outer loop
      vertex 7.44314 20.5141 0
      vertex 7.40881 20.4662 1.2
      vertex 7.40881 20.4662 0
    endloop
  endfacet
  facet normal 0.695987 0.718055 -0
    outer loop
      vertex 7.58712 18.9088 0
      vertex 7.54482 18.9498 1.2
      vertex 7.58712 18.9088 1.2
    endloop
  endfacet
  facet normal 0.695987 0.718055 0
    outer loop
      vertex 7.54482 18.9498 1.2
      vertex 7.58712 18.9088 0
      vertex 7.54482 18.9498 0
    endloop
  endfacet
  facet normal -0.4842 0.874957 0
    outer loop
      vertex 9.00864 18.7562 0
      vertex 8.95714 18.7277 1.2
      vertex 9.00864 18.7562 1.2
    endloop
  endfacet
  facet normal -0.4842 0.874957 0
    outer loop
      vertex 8.95714 18.7277 1.2
      vertex 9.00864 18.7562 0
      vertex 8.95714 18.7277 0
    endloop
  endfacet
  facet normal -0.730151 -0.683286 0
    outer loop
      vertex 9.29686 20.5889 0
      vertex 9.25662 20.6319 1.2
      vertex 9.25662 20.6319 0
    endloop
  endfacet
  facet normal -0.730151 -0.683286 0
    outer loop
      vertex 9.25662 20.6319 1.2
      vertex 9.29686 20.5889 0
      vertex 9.29686 20.5889 1.2
    endloop
  endfacet
  facet normal 0.0814997 0.996673 -0
    outer loop
      vertex 8.33138 18.5929 0
      vertex 8.27268 18.5977 1.2
      vertex 8.33138 18.5929 1.2
    endloop
  endfacet
  facet normal 0.0814997 0.996673 0
    outer loop
      vertex 8.27268 18.5977 1.2
      vertex 8.33138 18.5929 0
      vertex 8.27268 18.5977 0
    endloop
  endfacet
  facet normal -0.695987 -0.718055 0
    outer loop
      vertex 9.21432 20.6729 0
      vertex 9.25662 20.6319 1.2
      vertex 9.21432 20.6729 1.2
    endloop
  endfacet
  facet normal -0.695987 -0.718055 -0
    outer loop
      vertex 9.25662 20.6319 1.2
      vertex 9.21432 20.6729 0
      vertex 9.25662 20.6319 0
    endloop
  endfacet
  facet normal -0.0662148 0.997805 0
    outer loop
      vertex 8.50791 18.5957 0
      vertex 8.44914 18.5918 1.2
      vertex 8.50791 18.5957 1.2
    endloop
  endfacet
  facet normal -0.0662148 0.997805 0
    outer loop
      vertex 8.44914 18.5918 1.2
      vertex 8.50791 18.5957 0
      vertex 8.44914 18.5918 0
    endloop
  endfacet
  facet normal -0.607986 0.793948 0
    outer loop
      vertex 9.15387 18.8566 0
      vertex 9.10712 18.8208 1.2
      vertex 9.15387 18.8566 1.2
    endloop
  endfacet
  facet normal -0.607986 0.793948 0
    outer loop
      vertex 9.10712 18.8208 1.2
      vertex 9.15387 18.8566 0
      vertex 9.10712 18.8208 0
    endloop
  endfacet
  facet normal 0.997889 0.0649393 0
    outer loop
      vertex 7.20552 19.6837 1.2
      vertex 7.2017 19.7424 0
      vertex 7.2017 19.7424 1.2
    endloop
  endfacet
  facet normal 0.997889 0.0649393 0
    outer loop
      vertex 7.2017 19.7424 0
      vertex 7.20552 19.6837 1.2
      vertex 7.20552 19.6837 0
    endloop
  endfacet
  facet normal -0.113748 0.99351 0
    outer loop
      vertex 8.56643 18.6024 0
      vertex 8.50791 18.5957 1.2
      vertex 8.56643 18.6024 1.2
    endloop
  endfacet
  facet normal -0.113748 0.99351 0
    outer loop
      vertex 8.50791 18.5957 1.2
      vertex 8.56643 18.6024 0
      vertex 8.50791 18.5957 0
    endloop
  endfacet
  facet normal 0.945373 0.325991 0
    outer loop
      vertex -21.1765 -4.68121 1.2
      vertex -21.1957 -4.62553 0
      vertex -21.1957 -4.62553 1.2
    endloop
  endfacet
  facet normal 0.945373 0.325991 0
    outer loop
      vertex -21.1957 -4.62553 0
      vertex -21.1765 -4.68121 1.2
      vertex -21.1765 -4.68121 0
    endloop
  endfacet
  facet normal -0.876191 0.481964 0
    outer loop
      vertex -19.0148 -4.86559 0
      vertex -18.9864 -4.81396 1.2
      vertex -18.9864 -4.81396 0
    endloop
  endfacet
  facet normal -0.876191 0.481964 0
    outer loop
      vertex -18.9864 -4.81396 1.2
      vertex -19.0148 -4.86559 0
      vertex -19.0148 -4.86559 1.2
    endloop
  endfacet
  facet normal -0.183694 0.982983 0
    outer loop
      vertex -19.8025 -5.43597 0
      vertex -19.8604 -5.44679 1.2
      vertex -19.8025 -5.43597 1.2
    endloop
  endfacet
  facet normal -0.183694 0.982983 0
    outer loop
      vertex -19.8604 -5.44679 1.2
      vertex -19.8025 -5.43597 0
      vertex -19.8604 -5.44679 0
    endloop
  endfacet
  facet normal 0.679865 0.733337 -0
    outer loop
      vertex -20.8462 -5.1618 0
      vertex -20.8894 -5.12175 1.2
      vertex -20.8462 -5.1618 1.2
    endloop
  endfacet
  facet normal 0.679865 0.733337 0
    outer loop
      vertex -20.8894 -5.12175 1.2
      vertex -20.8462 -5.1618 0
      vertex -20.8894 -5.12175 0
    endloop
  endfacet
  facet normal -0.545585 0.838056 0
    outer loop
      vertex -19.3723 -5.25114 0
      vertex -19.4217 -5.2833 1.2
      vertex -19.3723 -5.25114 1.2
    endloop
  endfacet
  facet normal -0.545585 0.838056 0
    outer loop
      vertex -19.4217 -5.2833 1.2
      vertex -19.3723 -5.25114 0
      vertex -19.4217 -5.2833 0
    endloop
  endfacet
  facet normal -0.37183 0.928301 0
    outer loop
      vertex -19.5783 -5.36474 0
      vertex -19.633 -5.38665 1.2
      vertex -19.5783 -5.36474 1.2
    endloop
  endfacet
  facet normal -0.37183 0.928301 0
    outer loop
      vertex -19.633 -5.38665 1.2
      vertex -19.5783 -5.36474 0
      vertex -19.633 -5.38665 0
    endloop
  endfacet
  facet normal -0.852218 0.523187 0
    outer loop
      vertex -19.0456 -4.91576 0
      vertex -19.0148 -4.86559 1.2
      vertex -19.0148 -4.86559 0
    endloop
  endfacet
  facet normal -0.852218 0.523187 0
    outer loop
      vertex -19.0148 -4.86559 1.2
      vertex -19.0456 -4.91576 0
      vertex -19.0456 -4.91576 1.2
    endloop
  endfacet
  facet normal 0.71572 0.698388 0
    outer loop
      vertex -20.8894 -5.12175 1.2
      vertex -20.9305 -5.07963 0
      vertex -20.9305 -5.07963 1.2
    endloop
  endfacet
  facet normal 0.71572 0.698388 0
    outer loop
      vertex -20.9305 -5.07963 0
      vertex -20.8894 -5.12175 1.2
      vertex -20.8894 -5.12175 0
    endloop
  endfacet
  facet normal -0.928289 -0.371859 0
    outer loop
      vertex -18.9276 -3.84317 0
      vertex -18.9495 -3.7885 1.2
      vertex -18.9495 -3.7885 0
    endloop
  endfacet
  facet normal -0.928289 -0.371859 0
    outer loop
      vertex -18.9495 -3.7885 1.2
      vertex -18.9276 -3.84317 0
      vertex -18.9276 -3.84317 1.2
    endloop
  endfacet
  facet normal 0.586494 -0.809953 0
    outer loop
      vertex -20.7794 -3.30778 0
      vertex -20.7317 -3.27324 1.2
      vertex -20.7794 -3.30778 1.2
    endloop
  endfacet
  facet normal 0.586494 -0.809953 0
    outer loop
      vertex -20.7317 -3.27324 1.2
      vertex -20.7794 -3.30778 0
      vertex -20.7317 -3.27324 0
    endloop
  endfacet
  facet normal 0.347845 0.937552 -0
    outer loop
      vertex -20.4415 -5.39724 0
      vertex -20.4967 -5.37676 1.2
      vertex -20.4415 -5.39724 1.2
    endloop
  endfacet
  facet normal 0.347845 0.937552 0
    outer loop
      vertex -20.4967 -5.37676 1.2
      vertex -20.4415 -5.39724 0
      vertex -20.4967 -5.37676 0
    endloop
  endfacet
  facet normal 0.972587 0.232538 0
    outer loop
      vertex -21.2121 -4.56898 1.2
      vertex -21.2258 -4.51168 0
      vertex -21.2258 -4.51168 1.2
    endloop
  endfacet
  facet normal 0.972587 0.232538 0
    outer loop
      vertex -21.2258 -4.51168 0
      vertex -21.2121 -4.56898 1.2
      vertex -21.2121 -4.56898 0
    endloop
  endfacet
  facet normal 0.733682 -0.679493 0
    outer loop
      vertex -20.9516 -3.46803 1.2
      vertex -20.9116 -3.42484 0
      vertex -20.9116 -3.42484 1.2
    endloop
  endfacet
  facet normal 0.733682 -0.679493 0
    outer loop
      vertex -20.9116 -3.42484 0
      vertex -20.9516 -3.46803 1.2
      vertex -20.9516 -3.46803 0
    endloop
  endfacet
  facet normal -0.796522 0.604609 0
    outer loop
      vertex -19.1145 -5.01125 0
      vertex -19.0789 -4.96435 1.2
      vertex -19.0789 -4.96435 0
    endloop
  endfacet
  facet normal -0.796522 0.604609 0
    outer loop
      vertex -19.0789 -4.96435 1.2
      vertex -19.1145 -5.01125 0
      vertex -19.1145 -5.01125 1.2
    endloop
  endfacet
  facet normal 0.503977 -0.863717 0
    outer loop
      vertex -20.6824 -3.24108 0
      vertex -20.6315 -3.21138 1.2
      vertex -20.6824 -3.24108 1.2
    endloop
  endfacet
  facet normal 0.503977 -0.863717 0
    outer loop
      vertex -20.6315 -3.21138 1.2
      vertex -20.6824 -3.24108 0
      vertex -20.6315 -3.21138 0
    endloop
  endfacet
  facet normal 0.699166 -0.71496 0
    outer loop
      vertex -20.9116 -3.42484 0
      vertex -20.8695 -3.38367 1.2
      vertex -20.9116 -3.42484 1.2
    endloop
  endfacet
  facet normal 0.699166 -0.71496 0
    outer loop
      vertex -20.8695 -3.38367 1.2
      vertex -20.9116 -3.42484 0
      vertex -20.8695 -3.38367 0
    endloop
  endfacet
  facet normal 0.780604 0.625026 0
    outer loop
      vertex -20.9696 -5.03554 1.2
      vertex -21.0064 -4.98958 0
      vertex -21.0064 -4.98958 1.2
    endloop
  endfacet
  facet normal 0.780604 0.625026 0
    outer loop
      vertex -21.0064 -4.98958 0
      vertex -20.9696 -5.03554 1.2
      vertex -20.9696 -5.03554 0
    endloop
  endfacet
  facet normal -0.779709 -0.626143 0
    outer loop
      vertex -19.0976 -3.53479 0
      vertex -19.1345 -3.48884 1.2
      vertex -19.1345 -3.48884 0
    endloop
  endfacet
  facet normal -0.779709 -0.626143 0
    outer loop
      vertex -19.1345 -3.48884 1.2
      vertex -19.0976 -3.53479 0
      vertex -19.0976 -3.53479 1.2
    endloop
  endfacet
  facet normal 0.999302 0.0373571 0
    outer loop
      vertex -21.2497 -4.33675 1.2
      vertex -21.2519 -4.2779 0
      vertex -21.2519 -4.2779 1.2
    endloop
  endfacet
  facet normal 0.999302 0.0373571 0
    outer loop
      vertex -21.2519 -4.2779 0
      vertex -21.2497 -4.33675 1.2
      vertex -21.2497 -4.33675 0
    endloop
  endfacet
  facet normal 0.824878 -0.565311 0
    outer loop
      vertex -21.0584 -3.60862 1.2
      vertex -21.0251 -3.56003 0
      vertex -21.0251 -3.56003 1.2
    endloop
  endfacet
  facet normal 0.824878 -0.565311 0
    outer loop
      vertex -21.0251 -3.56003 0
      vertex -21.0584 -3.60862 1.2
      vertex -21.0584 -3.60862 0
    endloop
  endfacet
  facet normal 0.5237 0.851903 -0
    outer loop
      vertex -20.6554 -5.29945 0
      vertex -20.7056 -5.26859 1.2
      vertex -20.6554 -5.29945 1.2
    endloop
  endfacet
  facet normal 0.5237 0.851903 0
    outer loop
      vertex -20.7056 -5.26859 1.2
      vertex -20.6554 -5.29945 0
      vertex -20.7056 -5.26859 0
    endloop
  endfacet
  facet normal 0.919189 -0.393817 0
    outer loop
      vertex -21.1666 -3.81752 1.2
      vertex -21.1434 -3.76337 0
      vertex -21.1434 -3.76337 1.2
    endloop
  endfacet
  facet normal 0.919189 -0.393817 0
    outer loop
      vertex -21.1434 -3.76337 0
      vertex -21.1666 -3.81752 1.2
      vertex -21.1666 -3.81752 0
    endloop
  endfacet
  facet normal 0.279088 -0.960266 0
    outer loop
      vertex -20.4154 -3.11852 0
      vertex -20.3588 -3.10207 1.2
      vertex -20.4154 -3.11852 1.2
    endloop
  endfacet
  facet normal 0.279088 -0.960266 0
    outer loop
      vertex -20.3588 -3.10207 1.2
      vertex -20.4154 -3.11852 0
      vertex -20.3588 -3.10207 0
    endloop
  endfacet
  facet normal 0.0115442 0.999933 -0
    outer loop
      vertex -20.0363 -5.46209 0
      vertex -20.0952 -5.46141 1.2
      vertex -20.0363 -5.46209 1.2
    endloop
  endfacet
  facet normal 0.0115442 0.999933 0
    outer loop
      vertex -20.0952 -5.46141 1.2
      vertex -20.0363 -5.46209 0
      vertex -20.0952 -5.46141 0
    endloop
  endfacet
  facet normal -0.987455 0.157898 0
    outer loop
      vertex -18.8721 -4.48087 0
      vertex -18.8628 -4.42271 1.2
      vertex -18.8628 -4.42271 0
    endloop
  endfacet
  facet normal -0.987455 0.157898 0
    outer loop
      vertex -18.8628 -4.42271 1.2
      vertex -18.8721 -4.48087 0
      vertex -18.8721 -4.48087 1.2
    endloop
  endfacet
  facet normal -0.504716 0.863285 0
    outer loop
      vertex -19.4217 -5.2833 0
      vertex -19.4725 -5.313 1.2
      vertex -19.4217 -5.2833 1.2
    endloop
  endfacet
  facet normal -0.504716 0.863285 0
    outer loop
      vertex -19.4725 -5.313 1.2
      vertex -19.4217 -5.2833 0
      vertex -19.4725 -5.313 0
    endloop
  endfacet
  facet normal 0.967042 -0.254619 0
    outer loop
      vertex -21.2198 -3.98588 1.2
      vertex -21.2048 -3.92891 0
      vertex -21.2048 -3.92891 1.2
    endloop
  endfacet
  facet normal 0.967042 -0.254619 0
    outer loop
      vertex -21.2048 -3.92891 0
      vertex -21.2198 -3.98588 1.2
      vertex -21.2198 -3.98588 0
    endloop
  endfacet
  facet normal 0.937503 -0.347978 0
    outer loop
      vertex -21.1871 -3.87275 1.2
      vertex -21.1666 -3.81752 0
      vertex -21.1666 -3.81752 1.2
    endloop
  endfacet
  facet normal 0.937503 -0.347978 0
    outer loop
      vertex -21.1666 -3.81752 0
      vertex -21.1871 -3.87275 1.2
      vertex -21.1871 -3.87275 0
    endloop
  endfacet
  facet normal 0.928289 0.371859 0
    outer loop
      vertex -21.1546 -4.73588 1.2
      vertex -21.1765 -4.68121 0
      vertex -21.1765 -4.68121 1.2
    endloop
  endfacet
  facet normal 0.928289 0.371859 0
    outer loop
      vertex -21.1765 -4.68121 0
      vertex -21.1546 -4.73588 1.2
      vertex -21.1546 -4.73588 0
    endloop
  endfacet
  facet normal 0.863545 0.504272 0
    outer loop
      vertex -21.0731 -4.89253 1.2
      vertex -21.1028 -4.84167 0
      vertex -21.1028 -4.84167 1.2
    endloop
  endfacet
  facet normal 0.863545 0.504272 0
    outer loop
      vertex -21.1028 -4.84167 0
      vertex -21.0731 -4.89253 1.2
      vertex -21.0731 -4.89253 0
    endloop
  endfacet
  facet normal 0.437551 0.899194 -0
    outer loop
      vertex -20.5508 -5.3536 0
      vertex -20.6038 -5.32781 1.2
      vertex -20.5508 -5.3536 1.2
    endloop
  endfacet
  facet normal 0.437551 0.899194 0
    outer loop
      vertex -20.6038 -5.32781 1.2
      vertex -20.5508 -5.3536 0
      vertex -20.6038 -5.32781 0
    endloop
  endfacet
  facet normal 0.625109 -0.780538 0
    outer loop
      vertex -20.8254 -3.34462 0
      vertex -20.7794 -3.30778 1.2
      vertex -20.8254 -3.34462 1.2
    endloop
  endfacet
  facet normal 0.625109 -0.780538 0
    outer loop
      vertex -20.7794 -3.30778 1.2
      vertex -20.8254 -3.34462 0
      vertex -20.7794 -3.30778 0
    endloop
  endfacet
  facet normal 0.809469 0.587162 0
    outer loop
      vertex -21.0064 -4.98958 1.2
      vertex -21.041 -4.94188 0
      vertex -21.041 -4.94188 1.2
    endloop
  endfacet
  facet normal 0.809469 0.587162 0
    outer loop
      vertex -21.041 -4.94188 0
      vertex -21.0064 -4.98958 1.2
      vertex -21.0064 -4.98958 0
    endloop
  endfacet
  facet normal -0.909287 -0.416169 0
    outer loop
      vertex -18.9495 -3.7885 0
      vertex -18.974 -3.73497 1.2
      vertex -18.974 -3.73497 0
    endloop
  endfacet
  facet normal -0.909287 -0.416169 0
    outer loop
      vertex -18.974 -3.73497 1.2
      vertex -18.9495 -3.7885 0
      vertex -18.9495 -3.7885 1.2
    endloop
  endfacet
  facet normal 0.996244 0.0865857 0
    outer loop
      vertex -21.2446 -4.39543 1.2
      vertex -21.2497 -4.33675 0
      vertex -21.2497 -4.33675 1.2
    endloop
  endfacet
  facet normal 0.996244 0.0865857 0
    outer loop
      vertex -21.2497 -4.33675 0
      vertex -21.2446 -4.39543 1.2
      vertex -21.2446 -4.39543 0
    endloop
  endfacet
  facet normal -0.231896 0.972741 0
    outer loop
      vertex -19.7452 -5.42231 0
      vertex -19.8025 -5.43597 1.2
      vertex -19.7452 -5.42231 1.2
    endloop
  endfacet
  facet normal -0.231896 0.972741 0
    outer loop
      vertex -19.8025 -5.43597 1.2
      vertex -19.7452 -5.42231 0
      vertex -19.8025 -5.43597 0
    endloop
  endfacet
  facet normal 0.796584 -0.604528 0
    outer loop
      vertex -21.0251 -3.56003 1.2
      vertex -20.9895 -3.51312 0
      vertex -20.9895 -3.51312 1.2
    endloop
  endfacet
  facet normal 0.796584 -0.604528 0
    outer loop
      vertex -20.9895 -3.51312 0
      vertex -21.0251 -3.56003 1.2
      vertex -21.0251 -3.56003 0
    endloop
  endfacet
  facet normal -0.953264 0.302139 0
    outer loop
      vertex -18.917 -4.65163 0
      vertex -18.8992 -4.59547 1.2
      vertex -18.8992 -4.59547 0
    endloop
  endfacet
  facet normal -0.953264 0.302139 0
    outer loop
      vertex -18.8992 -4.59547 1.2
      vertex -18.917 -4.65163 0
      vertex -18.917 -4.65163 1.2
    endloop
  endfacet
  facet normal 0.748177 0.6635 0
    outer loop
      vertex -20.9305 -5.07963 1.2
      vertex -20.9696 -5.03554 0
      vertex -20.9696 -5.03554 1.2
    endloop
  endfacet
  facet normal 0.748177 0.6635 0
    outer loop
      vertex -20.9696 -5.03554 0
      vertex -20.9305 -5.07963 1.2
      vertex -20.9305 -5.07963 0
    endloop
  endfacet
  facet normal 0.565 0.825091 -0
    outer loop
      vertex -20.7056 -5.26859 0
      vertex -20.7542 -5.23531 1.2
      vertex -20.7056 -5.26859 1.2
    endloop
  endfacet
  facet normal 0.565 0.825091 0
    outer loop
      vertex -20.7542 -5.23531 1.2
      vertex -20.7056 -5.26859 0
      vertex -20.7542 -5.23531 0
    endloop
  endfacet
  facet normal 0.183858 -0.982953 0
    outer loop
      vertex -20.3015 -3.08841 0
      vertex -20.2436 -3.07758 1.2
      vertex -20.3015 -3.08841 1.2
    endloop
  endfacet
  facet normal 0.183858 -0.982953 0
    outer loop
      vertex -20.2436 -3.07758 1.2
      vertex -20.3015 -3.08841 0
      vertex -20.2436 -3.07758 0
    endloop
  endfacet
  facet normal 0.461005 -0.887397 0
    outer loop
      vertex -20.6315 -3.21138 0
      vertex -20.5792 -3.18421 1.2
      vertex -20.6315 -3.21138 1.2
    endloop
  endfacet
  facet normal 0.461005 -0.887397 0
    outer loop
      vertex -20.5792 -3.18421 1.2
      vertex -20.6315 -3.21138 0
      vertex -20.5792 -3.18421 0
    endloop
  endfacet
  facet normal -0.157957 -0.987446 0
    outer loop
      vertex -19.8915 -3.07297 0
      vertex -19.8333 -3.08228 1.2
      vertex -19.8915 -3.07297 1.2
    endloop
  endfacet
  facet normal -0.157957 -0.987446 -0
    outer loop
      vertex -19.8333 -3.08228 1.2
      vertex -19.8915 -3.07297 0
      vertex -19.8333 -3.08228 0
    endloop
  endfacet
  facet normal -0.109424 -0.993995 0
    outer loop
      vertex -19.95 -3.06653 0
      vertex -19.8915 -3.07297 1.2
      vertex -19.95 -3.06653 1.2
    endloop
  endfacet
  facet normal -0.109424 -0.993995 -0
    outer loop
      vertex -19.8915 -3.07297 1.2
      vertex -19.95 -3.06653 0
      vertex -19.8915 -3.07297 0
    endloop
  endfacet
  facet normal -0.417345 0.908748 0
    outer loop
      vertex -19.5248 -5.34017 0
      vertex -19.5783 -5.36474 1.2
      vertex -19.5248 -5.34017 1.2
    endloop
  endfacet
  facet normal -0.417345 0.908748 0
    outer loop
      vertex -19.5783 -5.36474 1.2
      vertex -19.5248 -5.34017 0
      vertex -19.5783 -5.36474 0
    endloop
  endfacet
  facet normal -0.732836 0.680406 0
    outer loop
      vertex -19.1925 -5.09954 0
      vertex -19.1524 -5.05635 1.2
      vertex -19.1524 -5.05635 0
    endloop
  endfacet
  facet normal -0.732836 0.680406 0
    outer loop
      vertex -19.1524 -5.05635 1.2
      vertex -19.1925 -5.09954 0
      vertex -19.1925 -5.09954 1.2
    endloop
  endfacet
  facet normal 0.39355 0.919303 -0
    outer loop
      vertex -20.4967 -5.37676 0
      vertex -20.5508 -5.3536 1.2
      vertex -20.4967 -5.37676 1.2
    endloop
  endfacet
  facet normal 0.39355 0.919303 0
    outer loop
      vertex -20.5508 -5.3536 1.2
      vertex -20.4967 -5.37676 0
      vertex -20.5508 -5.3536 0
    endloop
  endfacet
  facet normal 0.0865564 -0.996247 0
    outer loop
      vertex -20.1853 -3.06961 0
      vertex -20.1266 -3.06451 1.2
      vertex -20.1853 -3.06961 1.2
    endloop
  endfacet
  facet normal 0.0865564 -0.996247 0
    outer loop
      vertex -20.1266 -3.06451 1.2
      vertex -20.1853 -3.06961 0
      vertex -20.1266 -3.06451 0
    endloop
  endfacet
  facet normal 0.481658 0.876359 -0
    outer loop
      vertex -20.6038 -5.32781 0
      vertex -20.6554 -5.29945 1.2
      vertex -20.6038 -5.32781 1.2
    endloop
  endfacet
  facet normal 0.481658 0.876359 0
    outer loop
      vertex -20.6554 -5.29945 1.2
      vertex -20.6038 -5.32781 0
      vertex -20.6554 -5.29945 0
    endloop
  endfacet
  facet normal -0.438219 -0.898868 0
    outer loop
      vertex -19.5532 -3.17078 0
      vertex -19.5003 -3.19657 1.2
      vertex -19.5532 -3.17078 1.2
    endloop
  endfacet
  facet normal -0.438219 -0.898868 -0
    outer loop
      vertex -19.5003 -3.19657 1.2
      vertex -19.5532 -3.17078 0
      vertex -19.5003 -3.19657 0
    endloop
  endfacet
  facet normal 0.371976 -0.928242 0
    outer loop
      vertex -20.5257 -3.15964 0
      vertex -20.471 -3.13772 1.2
      vertex -20.5257 -3.15964 1.2
    endloop
  endfacet
  facet normal 0.371976 -0.928242 0
    outer loop
      vertex -20.471 -3.13772 1.2
      vertex -20.5257 -3.15964 0
      vertex -20.471 -3.13772 0
    endloop
  endfacet
  facet normal 0.643252 0.765655 -0
    outer loop
      vertex -20.8011 -5.19969 0
      vertex -20.8462 -5.1618 1.2
      vertex -20.8011 -5.19969 1.2
    endloop
  endfacet
  facet normal 0.643252 0.765655 0
    outer loop
      vertex -20.8462 -5.1618 1.2
      vertex -20.8011 -5.19969 0
      vertex -20.8462 -5.1618 0
    endloop
  endfacet
  facet normal 0.301018 0.953619 -0
    outer loop
      vertex -20.3853 -5.41498 0
      vertex -20.4415 -5.39724 1.2
      vertex -20.3853 -5.41498 1.2
    endloop
  endfacet
  facet normal 0.301018 0.953619 0
    outer loop
      vertex -20.4415 -5.39724 1.2
      vertex -20.3853 -5.41498 0
      vertex -20.4415 -5.39724 0
    endloop
  endfacet
  facet normal -0.983039 -0.183396 0
    outer loop
      vertex -18.8674 -4.07059 0
      vertex -18.8782 -4.0127 1.2
      vertex -18.8782 -4.0127 0
    endloop
  endfacet
  facet normal -0.983039 -0.183396 0
    outer loop
      vertex -18.8782 -4.0127 1.2
      vertex -18.8674 -4.07059 0
      vertex -18.8674 -4.07059 1.2
    endloop
  endfacet
  facet normal 0.960427 0.278532 0
    outer loop
      vertex -21.1957 -4.62553 1.2
      vertex -21.2121 -4.56898 0
      vertex -21.2121 -4.56898 1.2
    endloop
  endfacet
  facet normal 0.960427 0.278532 0
    outer loop
      vertex -21.2121 -4.56898 0
      vertex -21.1957 -4.62553 1.2
      vertex -21.1957 -4.62553 0
    endloop
  endfacet
  facet normal 0.66294 -0.748672 0
    outer loop
      vertex -20.8695 -3.38367 0
      vertex -20.8254 -3.34462 1.2
      vertex -20.8695 -3.38367 1.2
    endloop
  endfacet
  facet normal 0.66294 -0.748672 0
    outer loop
      vertex -20.8254 -3.34462 1.2
      vertex -20.8695 -3.38367 0
      vertex -20.8254 -3.34462 0
    endloop
  endfacet
  facet normal 0.546361 -0.83755 0
    outer loop
      vertex -20.7317 -3.27324 0
      vertex -20.6824 -3.24108 1.2
      vertex -20.7317 -3.27324 1.2
    endloop
  endfacet
  facet normal 0.546361 -0.83755 0
    outer loop
      vertex -20.6824 -3.24108 1.2
      vertex -20.7317 -3.27324 0
      vertex -20.6824 -3.24108 0
    endloop
  endfacet
  facet normal 0.999929 -0.0118837 0
    outer loop
      vertex -21.2519 -4.2779 1.2
      vertex -21.2512 -4.219 0
      vertex -21.2512 -4.219 1.2
    endloop
  endfacet
  facet normal 0.999929 -0.0118837 0
    outer loop
      vertex -21.2512 -4.219 0
      vertex -21.2519 -4.2779 1.2
      vertex -21.2519 -4.2779 0
    endloop
  endfacet
  facet normal -0.714871 -0.699256 0
    outer loop
      vertex -19.1735 -3.44475 0
      vertex -19.2147 -3.40263 1.2
      vertex -19.2147 -3.40263 0
    endloop
  endfacet
  facet normal -0.714871 -0.699256 0
    outer loop
      vertex -19.2147 -3.40263 1.2
      vertex -19.1735 -3.44475 0
      vertex -19.1735 -3.44475 1.2
    endloop
  endfacet
  facet normal -0.919803 0.392381 0
    outer loop
      vertex -18.9606 -4.76101 0
      vertex -18.9375 -4.70686 1.2
      vertex -18.9375 -4.70686 0
    endloop
  endfacet
  facet normal -0.919803 0.392381 0
    outer loop
      vertex -18.9375 -4.70686 1.2
      vertex -18.9606 -4.76101 0
      vertex -18.9606 -4.76101 1.2
    endloop
  endfacet
  facet normal 0.231896 -0.972741 0
    outer loop
      vertex -20.3588 -3.10207 0
      vertex -20.3015 -3.08841 1.2
      vertex -20.3588 -3.10207 1.2
    endloop
  endfacet
  facet normal 0.231896 -0.972741 0
    outer loop
      vertex -20.3015 -3.08841 1.2
      vertex -20.3588 -3.10207 0
      vertex -20.3015 -3.08841 0
    endloop
  endfacet
  facet normal 0.983039 0.183396 0
    outer loop
      vertex -21.2258 -4.51168 1.2
      vertex -21.2366 -4.45379 0
      vertex -21.2366 -4.45379 1.2
    endloop
  endfacet
  facet normal 0.983039 0.183396 0
    outer loop
      vertex -21.2366 -4.45379 0
      vertex -21.2258 -4.51168 1.2
      vertex -21.2258 -4.51168 0
    endloop
  endfacet
  facet normal -0.279543 0.960133 0
    outer loop
      vertex -19.6887 -5.40586 0
      vertex -19.7452 -5.42231 1.2
      vertex -19.6887 -5.40586 1.2
    endloop
  endfacet
  facet normal -0.279543 0.960133 0
    outer loop
      vertex -19.7452 -5.42231 1.2
      vertex -19.6887 -5.40586 0
      vertex -19.7452 -5.42231 0
    endloop
  endfacet
  facet normal -0.945373 -0.325991 0
    outer loop
      vertex -18.9084 -3.89885 0
      vertex -18.9276 -3.84317 1.2
      vertex -18.9276 -3.84317 0
    endloop
  endfacet
  facet normal -0.945373 -0.325991 0
    outer loop
      vertex -18.9276 -3.84317 1.2
      vertex -18.9084 -3.89885 0
      vertex -18.9084 -3.89885 1.2
    endloop
  endfacet
  facet normal 0.990735 0.13581 0
    outer loop
      vertex -21.2366 -4.45379 1.2
      vertex -21.2446 -4.39543 0
      vertex -21.2446 -4.39543 1.2
    endloop
  endfacet
  facet normal 0.990735 0.13581 0
    outer loop
      vertex -21.2446 -4.39543 0
      vertex -21.2366 -4.45379 1.2
      vertex -21.2366 -4.45379 0
    endloop
  endfacet
  facet normal -0.565116 -0.825012 0
    outer loop
      vertex -19.3985 -3.25578 0
      vertex -19.3499 -3.28907 1.2
      vertex -19.3985 -3.25578 1.2
    endloop
  endfacet
  facet normal -0.565116 -0.825012 -0
    outer loop
      vertex -19.3499 -3.28907 1.2
      vertex -19.3985 -3.25578 0
      vertex -19.3499 -3.28907 0
    endloop
  endfacet
  facet normal -0.0377282 0.999288 0
    outer loop
      vertex -19.9775 -5.45987 0
      vertex -20.0363 -5.46209 1.2
      vertex -19.9775 -5.45987 1.2
    endloop
  endfacet
  facet normal -0.0377282 0.999288 0
    outer loop
      vertex -20.0363 -5.46209 1.2
      vertex -19.9775 -5.45987 0
      vertex -20.0363 -5.46209 0
    endloop
  endfacet
  facet normal 0.987455 -0.157898 0
    outer loop
      vertex -21.2412 -4.10167 1.2
      vertex -21.2319 -4.04351 0
      vertex -21.2319 -4.04351 1.2
    endloop
  endfacet
  facet normal 0.987455 -0.157898 0
    outer loop
      vertex -21.2319 -4.04351 0
      vertex -21.2412 -4.10167 1.2
      vertex -21.2412 -4.10167 0
    endloop
  endfacet
  facet normal -0.898964 0.438022 0
    outer loop
      vertex -18.9864 -4.81396 0
      vertex -18.9606 -4.76101 1.2
      vertex -18.9606 -4.76101 0
    endloop
  endfacet
  facet normal -0.898964 0.438022 0
    outer loop
      vertex -18.9606 -4.76101 1.2
      vertex -18.9864 -4.81396 0
      vertex -18.9864 -4.81396 1.2
    endloop
  endfacet
  facet normal -0.604825 -0.796358 0
    outer loop
      vertex -19.3499 -3.28907 0
      vertex -19.303 -3.32469 1.2
      vertex -19.3499 -3.28907 1.2
    endloop
  endfacet
  facet normal -0.604825 -0.796358 -0
    outer loop
      vertex -19.303 -3.32469 1.2
      vertex -19.3499 -3.28907 0
      vertex -19.303 -3.32469 0
    endloop
  endfacet
  facet normal 0.253858 0.967241 -0
    outer loop
      vertex -20.3283 -5.42994 0
      vertex -20.3853 -5.41498 1.2
      vertex -20.3283 -5.42994 1.2
    endloop
  endfacet
  facet normal 0.253858 0.967241 0
    outer loop
      vertex -20.3853 -5.41498 1.2
      vertex -20.3283 -5.42994 0
      vertex -20.3853 -5.41498 0
    endloop
  endfacet
  facet normal -0.679865 -0.733337 0
    outer loop
      vertex -19.2579 -3.36258 0
      vertex -19.2147 -3.40263 1.2
      vertex -19.2579 -3.36258 1.2
    endloop
  endfacet
  facet normal -0.679865 -0.733337 -0
    outer loop
      vertex -19.2147 -3.40263 1.2
      vertex -19.2579 -3.36258 0
      vertex -19.2147 -3.40263 0
    endloop
  endfacet
  facet normal 0.876868 -0.480732 0
    outer loop
      vertex -21.1176 -3.71041 1.2
      vertex -21.0893 -3.65879 0
      vertex -21.0893 -3.65879 1.2
    endloop
  endfacet
  facet normal 0.876868 -0.480732 0
    outer loop
      vertex -21.0893 -3.65879 0
      vertex -21.1176 -3.71041 1.2
      vertex -21.1176 -3.71041 0
    endloop
  endfacet
  facet normal -0.765571 0.643351 0
    outer loop
      vertex -19.1524 -5.05635 0
      vertex -19.1145 -5.01125 1.2
      vertex -19.1145 -5.01125 0
    endloop
  endfacet
  facet normal -0.765571 0.643351 0
    outer loop
      vertex -19.1145 -5.01125 1.2
      vertex -19.1524 -5.05635 0
      vertex -19.1524 -5.05635 1.2
    endloop
  endfacet
  facet normal 0.0604336 0.998172 -0
    outer loop
      vertex -20.0952 -5.46141 0
      vertex -20.154 -5.45785 1.2
      vertex -20.0952 -5.46141 1.2
    endloop
  endfacet
  facet normal 0.0604336 0.998172 0
    outer loop
      vertex -20.154 -5.45785 1.2
      vertex -20.0952 -5.46141 0
      vertex -20.154 -5.45785 0
    endloop
  endfacet
  facet normal 0.206396 0.978469 -0
    outer loop
      vertex -20.2707 -5.44209 0
      vertex -20.3283 -5.42994 1.2
      vertex -20.2707 -5.44209 1.2
    endloop
  endfacet
  facet normal 0.206396 0.978469 0
    outer loop
      vertex -20.3283 -5.42994 1.2
      vertex -20.2707 -5.44209 0
      vertex -20.3283 -5.42994 0
    endloop
  endfacet
  facet normal 0.908644 0.417572 0
    outer loop
      vertex -21.13 -4.78941 1.2
      vertex -21.1546 -4.73588 0
      vertex -21.1546 -4.73588 1.2
    endloop
  endfacet
  facet normal 0.908644 0.417572 0
    outer loop
      vertex -21.1546 -4.73588 0
      vertex -21.13 -4.78941 1.2
      vertex -21.13 -4.78941 0
    endloop
  endfacet
  facet normal 0.887044 0.461684 0
    outer loop
      vertex -21.1028 -4.84167 1.2
      vertex -21.13 -4.78941 0
      vertex -21.13 -4.78941 1.2
    endloop
  endfacet
  facet normal 0.887044 0.461684 0
    outer loop
      vertex -21.13 -4.78941 0
      vertex -21.1028 -4.84167 1.2
      vertex -21.1028 -4.84167 0
    endloop
  endfacet
  facet normal -0.0604336 -0.998172 0
    outer loop
      vertex -20.0088 -3.06297 0
      vertex -19.95 -3.06653 1.2
      vertex -20.0088 -3.06297 1.2
    endloop
  endfacet
  facet normal -0.0604336 -0.998172 -0
    outer loop
      vertex -19.95 -3.06653 1.2
      vertex -20.0088 -3.06297 0
      vertex -19.95 -3.06653 0
    endloop
  endfacet
  facet normal -0.978319 0.207105 0
    outer loop
      vertex -18.8843 -4.5385 0
      vertex -18.8721 -4.48087 1.2
      vertex -18.8721 -4.48087 0
    endloop
  endfacet
  facet normal -0.978319 0.207105 0
    outer loop
      vertex -18.8721 -4.48087 1.2
      vertex -18.8843 -4.5385 0
      vertex -18.8843 -4.5385 1.2
    endloop
  endfacet
  facet normal -0.326038 0.945357 0
    outer loop
      vertex -19.633 -5.38665 0
      vertex -19.6887 -5.40586 1.2
      vertex -19.633 -5.38665 1.2
    endloop
  endfacet
  facet normal -0.326038 0.945357 0
    outer loop
      vertex -19.6887 -5.40586 1.2
      vertex -19.633 -5.38665 0
      vertex -19.6887 -5.40586 0
    endloop
  endfacet
  facet normal -0.206396 -0.978469 0
    outer loop
      vertex -19.8333 -3.08228 0
      vertex -19.7757 -3.09443 1.2
      vertex -19.8333 -3.08228 1.2
    endloop
  endfacet
  facet normal -0.206396 -0.978469 -0
    outer loop
      vertex -19.7757 -3.09443 1.2
      vertex -19.8333 -3.08228 0
      vertex -19.7757 -3.09443 0
    endloop
  endfacet
  facet normal -0.480942 -0.876752 0
    outer loop
      vertex -19.5003 -3.19657 0
      vertex -19.4486 -3.22493 1.2
      vertex -19.5003 -3.19657 1.2
    endloop
  endfacet
  facet normal -0.480942 -0.876752 -0
    outer loop
      vertex -19.4486 -3.22493 1.2
      vertex -19.5003 -3.19657 0
      vertex -19.4486 -3.22493 0
    endloop
  endfacet
  facet normal 0.838269 0.545257 0
    outer loop
      vertex -21.041 -4.94188 1.2
      vertex -21.0731 -4.89253 0
      vertex -21.0731 -4.89253 1.2
    endloop
  endfacet
  facet normal 0.838269 0.545257 0
    outer loop
      vertex -21.0731 -4.89253 0
      vertex -21.041 -4.94188 1.2
      vertex -21.041 -4.94188 0
    endloop
  endfacet
  facet normal -0.972587 -0.232538 0
    outer loop
      vertex -18.8782 -4.0127 0
      vertex -18.8919 -3.9554 1.2
      vertex -18.8919 -3.9554 0
    endloop
  endfacet
  facet normal -0.972587 -0.232538 0
    outer loop
      vertex -18.8919 -3.9554 1.2
      vertex -18.8782 -4.0127 0
      vertex -18.8782 -4.0127 1.2
    endloop
  endfacet
  facet normal 0.978661 -0.20548 0
    outer loop
      vertex -21.2319 -4.04351 1.2
      vertex -21.2198 -3.98588 0
      vertex -21.2198 -3.98588 1.2
    endloop
  endfacet
  facet normal 0.978661 -0.20548 0
    outer loop
      vertex -21.2198 -3.98588 0
      vertex -21.2319 -4.04351 1.2
      vertex -21.2319 -4.04351 0
    endloop
  endfacet
  facet normal -0.837492 -0.546449 0
    outer loop
      vertex -19.0309 -3.63185 0
      vertex -19.0631 -3.5825 1.2
      vertex -19.0631 -3.5825 0
    endloop
  endfacet
  facet normal -0.837492 -0.546449 0
    outer loop
      vertex -19.0631 -3.5825 1.2
      vertex -19.0309 -3.63185 0
      vertex -19.0309 -3.63185 1.2
    endloop
  endfacet
  facet normal -0.643252 -0.765655 0
    outer loop
      vertex -19.303 -3.32469 0
      vertex -19.2579 -3.36258 1.2
      vertex -19.303 -3.32469 1.2
    endloop
  endfacet
  facet normal -0.643252 -0.765655 -0
    outer loop
      vertex -19.2579 -3.36258 1.2
      vertex -19.303 -3.32469 0
      vertex -19.2579 -3.36258 0
    endloop
  endfacet
  facet normal -0.999302 -0.0373507 0
    outer loop
      vertex -18.8521 -4.24648 0
      vertex -18.8543 -4.18762 1.2
      vertex -18.8543 -4.18762 0
    endloop
  endfacet
  facet normal -0.999302 -0.0373507 0
    outer loop
      vertex -18.8543 -4.18762 1.2
      vertex -18.8521 -4.24648 0
      vertex -18.8521 -4.24648 1.2
    endloop
  endfacet
  facet normal 0.109592 0.993977 -0
    outer loop
      vertex -20.154 -5.45785 0
      vertex -20.2125 -5.4514 1.2
      vertex -20.154 -5.45785 1.2
    endloop
  endfacet
  facet normal 0.109592 0.993977 0
    outer loop
      vertex -20.2125 -5.4514 1.2
      vertex -20.154 -5.45785 0
      vertex -20.2125 -5.4514 0
    endloop
  endfacet
  facet normal -0.699166 0.71496 0
    outer loop
      vertex -19.1925 -5.09954 0
      vertex -19.2346 -5.14071 1.2
      vertex -19.1925 -5.09954 1.2
    endloop
  endfacet
  facet normal -0.699166 0.71496 0
    outer loop
      vertex -19.2346 -5.14071 1.2
      vertex -19.1925 -5.09954 0
      vertex -19.2346 -5.14071 0
    endloop
  endfacet
  facet normal -0.824878 0.565311 0
    outer loop
      vertex -19.0789 -4.96435 0
      vertex -19.0456 -4.91576 1.2
      vertex -19.0456 -4.91576 0
    endloop
  endfacet
  facet normal -0.824878 0.565311 0
    outer loop
      vertex -19.0456 -4.91576 1.2
      vertex -19.0789 -4.96435 0
      vertex -19.0789 -4.96435 1.2
    endloop
  endfacet
  facet normal 0.765501 -0.643435 0
    outer loop
      vertex -20.9895 -3.51312 1.2
      vertex -20.9516 -3.46803 0
      vertex -20.9516 -3.46803 1.2
    endloop
  endfacet
  facet normal 0.765501 -0.643435 0
    outer loop
      vertex -20.9516 -3.46803 0
      vertex -20.9895 -3.51312 1.2
      vertex -20.9895 -3.51312 0
    endloop
  endfacet
  facet normal -0.994077 0.108679 0
    outer loop
      vertex -18.8628 -4.42271 0
      vertex -18.8564 -4.36417 1.2
      vertex -18.8564 -4.36417 0
    endloop
  endfacet
  facet normal -0.994077 0.108679 0
    outer loop
      vertex -18.8564 -4.36417 1.2
      vertex -18.8628 -4.42271 0
      vertex -18.8628 -4.42271 1.2
    endloop
  endfacet
  facet normal 0.993892 -0.110357 0
    outer loop
      vertex -21.2477 -4.16021 1.2
      vertex -21.2412 -4.10167 0
      vertex -21.2412 -4.10167 1.2
    endloop
  endfacet
  facet normal 0.993892 -0.110357 0
    outer loop
      vertex -21.2412 -4.10167 0
      vertex -21.2477 -4.16021 1.2
      vertex -21.2477 -4.16021 0
    endloop
  endfacet
  facet normal -0.863545 -0.504272 0
    outer loop
      vertex -19.0012 -3.68271 0
      vertex -19.0309 -3.63185 1.2
      vertex -19.0309 -3.63185 0
    endloop
  endfacet
  facet normal -0.863545 -0.504272 0
    outer loop
      vertex -19.0309 -3.63185 1.2
      vertex -19.0012 -3.68271 0
      vertex -19.0012 -3.68271 1.2
    endloop
  endfacet
  facet normal -0.99813 0.0611204 0
    outer loop
      vertex -18.8564 -4.36417 0
      vertex -18.8528 -4.30538 1.2
      vertex -18.8528 -4.30538 0
    endloop
  endfacet
  facet normal -0.99813 0.0611204 0
    outer loop
      vertex -18.8528 -4.30538 1.2
      vertex -18.8564 -4.36417 0
      vertex -18.8564 -4.36417 1.2
    endloop
  endfacet
  facet normal 0.953752 -0.300595 0
    outer loop
      vertex -21.2048 -3.92891 1.2
      vertex -21.1871 -3.87275 0
      vertex -21.1871 -3.87275 1.2
    endloop
  endfacet
  facet normal 0.953752 -0.300595 0
    outer loop
      vertex -21.1871 -3.87275 0
      vertex -21.2048 -3.92891 1.2
      vertex -21.2048 -3.92891 0
    endloop
  endfacet
  facet normal -0.967458 0.25303 0
    outer loop
      vertex -18.8992 -4.59547 0
      vertex -18.8843 -4.5385 1.2
      vertex -18.8843 -4.5385 0
    endloop
  endfacet
  facet normal -0.967458 0.25303 0
    outer loop
      vertex -18.8843 -4.5385 1.2
      vertex -18.8992 -4.59547 0
      vertex -18.8992 -4.59547 1.2
    endloop
  endfacet
  facet normal -0.959971 -0.280098 0
    outer loop
      vertex -18.8919 -3.9554 0
      vertex -18.9084 -3.89885 1.2
      vertex -18.9084 -3.89885 0
    endloop
  endfacet
  facet normal -0.959971 -0.280098 0
    outer loop
      vertex -18.9084 -3.89885 1.2
      vertex -18.8919 -3.9554 0
      vertex -18.8919 -3.9554 1.2
    endloop
  endfacet
  facet normal 0.85146 -0.524419 0
    outer loop
      vertex -21.0893 -3.65879 1.2
      vertex -21.0584 -3.60862 0
      vertex -21.0584 -3.60862 1.2
    endloop
  endfacet
  facet normal 0.85146 -0.524419 0
    outer loop
      vertex -21.0584 -3.60862 0
      vertex -21.0893 -3.65879 1.2
      vertex -21.0893 -3.65879 0
    endloop
  endfacet
  facet normal 0.135447 -0.990785 0
    outer loop
      vertex -20.2436 -3.07758 0
      vertex -20.1853 -3.06961 1.2
      vertex -20.2436 -3.07758 1.2
    endloop
  endfacet
  facet normal 0.135447 -0.990785 0
    outer loop
      vertex -20.1853 -3.06961 1.2
      vertex -20.2436 -3.07758 0
      vertex -20.1853 -3.06961 0
    endloop
  endfacet
  facet normal 0.998233 -0.0594287 0
    outer loop
      vertex -21.2512 -4.219 1.2
      vertex -21.2477 -4.16021 0
      vertex -21.2477 -4.16021 1.2
    endloop
  endfacet
  facet normal 0.998233 -0.0594287 0
    outer loop
      vertex -21.2477 -4.16021 0
      vertex -21.2512 -4.219 1.2
      vertex -21.2512 -4.219 0
    endloop
  endfacet
  facet normal -0.0865564 0.996247 0
    outer loop
      vertex -19.9188 -5.45477 0
      vertex -19.9775 -5.45987 1.2
      vertex -19.9188 -5.45477 1.2
    endloop
  endfacet
  facet normal -0.0865564 0.996247 0
    outer loop
      vertex -19.9775 -5.45987 1.2
      vertex -19.9188 -5.45477 0
      vertex -19.9775 -5.45987 0
    endloop
  endfacet
  facet normal -0.810334 -0.585968 0
    outer loop
      vertex -19.0631 -3.5825 0
      vertex -19.0976 -3.53479 1.2
      vertex -19.0976 -3.53479 0
    endloop
  endfacet
  facet normal -0.810334 -0.585968 0
    outer loop
      vertex -19.0976 -3.53479 1.2
      vertex -19.0631 -3.5825 0
      vertex -19.0631 -3.5825 1.2
    endloop
  endfacet
  facet normal -0.347845 -0.937552 0
    outer loop
      vertex -19.6626 -3.12714 0
      vertex -19.6074 -3.14762 1.2
      vertex -19.6626 -3.12714 1.2
    endloop
  endfacet
  facet normal -0.347845 -0.937552 -0
    outer loop
      vertex -19.6074 -3.14762 1.2
      vertex -19.6626 -3.12714 0
      vertex -19.6074 -3.14762 0
    endloop
  endfacet
  facet normal -0.524334 -0.851512 0
    outer loop
      vertex -19.4486 -3.22493 0
      vertex -19.3985 -3.25578 1.2
      vertex -19.4486 -3.22493 1.2
    endloop
  endfacet
  facet normal -0.524334 -0.851512 -0
    outer loop
      vertex -19.3985 -3.25578 1.2
      vertex -19.4486 -3.22493 0
      vertex -19.3985 -3.25578 0
    endloop
  endfacet
  facet normal -0.999929 0.0118837 0
    outer loop
      vertex -18.8528 -4.30538 0
      vertex -18.8521 -4.24648 1.2
      vertex -18.8521 -4.24648 0
    endloop
  endfacet
  facet normal -0.999929 0.0118837 0
    outer loop
      vertex -18.8521 -4.24648 1.2
      vertex -18.8528 -4.30538 0
      vertex -18.8528 -4.30538 1.2
    endloop
  endfacet
  facet normal -0.625937 0.779873 0
    outer loop
      vertex -19.2787 -5.17976 0
      vertex -19.3246 -5.2166 1.2
      vertex -19.2787 -5.17976 1.2
    endloop
  endfacet
  facet normal -0.625937 0.779873 0
    outer loop
      vertex -19.3246 -5.2166 1.2
      vertex -19.2787 -5.17976 0
      vertex -19.3246 -5.2166 0
    endloop
  endfacet
  facet normal 0.32641 -0.945228 0
    outer loop
      vertex -20.471 -3.13772 0
      vertex -20.4154 -3.11852 1.2
      vertex -20.471 -3.13772 1.2
    endloop
  endfacet
  facet normal 0.32641 -0.945228 0
    outer loop
      vertex -20.4154 -3.11852 1.2
      vertex -20.471 -3.13772 0
      vertex -20.4154 -3.11852 0
    endloop
  endfacet
  facet normal -0.0115442 -0.999933 0
    outer loop
      vertex -20.0677 -3.06229 0
      vertex -20.0088 -3.06297 1.2
      vertex -20.0677 -3.06229 1.2
    endloop
  endfacet
  facet normal -0.0115442 -0.999933 -0
    outer loop
      vertex -20.0088 -3.06297 1.2
      vertex -20.0677 -3.06229 0
      vertex -20.0088 -3.06297 0
    endloop
  endfacet
  facet normal -0.996243 -0.0866003 0
    outer loop
      vertex -18.8543 -4.18762 0
      vertex -18.8594 -4.12895 1.2
      vertex -18.8594 -4.12895 0
    endloop
  endfacet
  facet normal -0.996243 -0.0866003 0
    outer loop
      vertex -18.8594 -4.12895 1.2
      vertex -18.8543 -4.18762 0
      vertex -18.8543 -4.18762 1.2
    endloop
  endfacet
  facet normal 0.0376643 -0.99929 0
    outer loop
      vertex -20.1266 -3.06451 0
      vertex -20.0677 -3.06229 1.2
      vertex -20.1266 -3.06451 1.2
    endloop
  endfacet
  facet normal 0.0376643 -0.99929 0
    outer loop
      vertex -20.0677 -3.06229 1.2
      vertex -20.1266 -3.06451 0
      vertex -20.0677 -3.06229 0
    endloop
  endfacet
  facet normal -0.990735 -0.13581 0
    outer loop
      vertex -18.8594 -4.12895 0
      vertex -18.8674 -4.07059 1.2
      vertex -18.8674 -4.07059 0
    endloop
  endfacet
  facet normal -0.990735 -0.13581 0
    outer loop
      vertex -18.8674 -4.07059 1.2
      vertex -18.8594 -4.12895 0
      vertex -18.8594 -4.12895 1.2
    endloop
  endfacet
  facet normal -0.135386 0.990793 0
    outer loop
      vertex -19.8604 -5.44679 0
      vertex -19.9188 -5.45477 1.2
      vertex -19.8604 -5.44679 1.2
    endloop
  endfacet
  facet normal -0.135386 0.990793 0
    outer loop
      vertex -19.9188 -5.45477 1.2
      vertex -19.8604 -5.44679 0
      vertex -19.9188 -5.45477 0
    endloop
  endfacet
  facet normal -0.66294 0.748672 0
    outer loop
      vertex -19.2346 -5.14071 0
      vertex -19.2787 -5.17976 1.2
      vertex -19.2346 -5.14071 1.2
    endloop
  endfacet
  facet normal -0.66294 0.748672 0
    outer loop
      vertex -19.2787 -5.17976 1.2
      vertex -19.2346 -5.14071 0
      vertex -19.2787 -5.17976 0
    endloop
  endfacet
  facet normal -0.461005 0.887397 0
    outer loop
      vertex -19.4725 -5.313 0
      vertex -19.5248 -5.34017 1.2
      vertex -19.4725 -5.313 1.2
    endloop
  endfacet
  facet normal -0.461005 0.887397 0
    outer loop
      vertex -19.5248 -5.34017 1.2
      vertex -19.4725 -5.313 0
      vertex -19.5248 -5.34017 0
    endloop
  endfacet
  facet normal 0.898997 -0.437955 0
    outer loop
      vertex -21.1434 -3.76337 1.2
      vertex -21.1176 -3.71041 0
      vertex -21.1176 -3.71041 1.2
    endloop
  endfacet
  facet normal 0.898997 -0.437955 0
    outer loop
      vertex -21.1176 -3.71041 0
      vertex -21.1434 -3.76337 1.2
      vertex -21.1434 -3.76337 0
    endloop
  endfacet
  facet normal 0.604825 0.796358 -0
    outer loop
      vertex -20.7542 -5.23531 0
      vertex -20.8011 -5.19969 1.2
      vertex -20.7542 -5.23531 1.2
    endloop
  endfacet
  facet normal 0.604825 0.796358 0
    outer loop
      vertex -20.8011 -5.19969 1.2
      vertex -20.7542 -5.23531 0
      vertex -20.8011 -5.19969 0
    endloop
  endfacet
  facet normal -0.301506 -0.953464 0
    outer loop
      vertex -19.7187 -3.1094 0
      vertex -19.6626 -3.12714 1.2
      vertex -19.7187 -3.1094 1.2
    endloop
  endfacet
  facet normal -0.301506 -0.953464 -0
    outer loop
      vertex -19.6626 -3.12714 1.2
      vertex -19.7187 -3.1094 0
      vertex -19.6626 -3.12714 0
    endloop
  endfacet
  facet normal 0.157957 0.987446 -0
    outer loop
      vertex -20.2125 -5.4514 0
      vertex -20.2707 -5.44209 1.2
      vertex -20.2125 -5.4514 1.2
    endloop
  endfacet
  facet normal 0.157957 0.987446 0
    outer loop
      vertex -20.2707 -5.44209 1.2
      vertex -20.2125 -5.4514 0
      vertex -20.2707 -5.44209 0
    endloop
  endfacet
  facet normal -0.254017 -0.9672 0
    outer loop
      vertex -19.7757 -3.09443 0
      vertex -19.7187 -3.1094 1.2
      vertex -19.7757 -3.09443 1.2
    endloop
  endfacet
  facet normal -0.254017 -0.9672 -0
    outer loop
      vertex -19.7187 -3.1094 1.2
      vertex -19.7757 -3.09443 0
      vertex -19.7187 -3.1094 0
    endloop
  endfacet
  facet normal -0.937503 0.347978 0
    outer loop
      vertex -18.9375 -4.70686 0
      vertex -18.917 -4.65163 1.2
      vertex -18.917 -4.65163 0
    endloop
  endfacet
  facet normal -0.937503 0.347978 0
    outer loop
      vertex -18.917 -4.65163 1.2
      vertex -18.9375 -4.70686 0
      vertex -18.9375 -4.70686 1.2
    endloop
  endfacet
  facet normal -0.749019 -0.662548 0
    outer loop
      vertex -19.1345 -3.48884 0
      vertex -19.1735 -3.44475 1.2
      vertex -19.1735 -3.44475 0
    endloop
  endfacet
  facet normal -0.749019 -0.662548 0
    outer loop
      vertex -19.1735 -3.44475 1.2
      vertex -19.1345 -3.48884 0
      vertex -19.1345 -3.48884 1.2
    endloop
  endfacet
  facet normal 0.417345 -0.908748 0
    outer loop
      vertex -20.5792 -3.18421 0
      vertex -20.5257 -3.15964 1.2
      vertex -20.5792 -3.18421 1.2
    endloop
  endfacet
  facet normal 0.417345 -0.908748 0
    outer loop
      vertex -20.5257 -3.15964 1.2
      vertex -20.5792 -3.18421 0
      vertex -20.5257 -3.15964 0
    endloop
  endfacet
  facet normal -0.887044 -0.461684 0
    outer loop
      vertex -18.974 -3.73497 0
      vertex -19.0012 -3.68271 1.2
      vertex -19.0012 -3.68271 0
    endloop
  endfacet
  facet normal -0.887044 -0.461684 0
    outer loop
      vertex -19.0012 -3.68271 1.2
      vertex -18.974 -3.73497 0
      vertex -18.974 -3.73497 1.2
    endloop
  endfacet
  facet normal -0.586494 0.809953 0
    outer loop
      vertex -19.3246 -5.2166 0
      vertex -19.3723 -5.25114 1.2
      vertex -19.3246 -5.2166 1.2
    endloop
  endfacet
  facet normal -0.586494 0.809953 0
    outer loop
      vertex -19.3723 -5.25114 1.2
      vertex -19.3246 -5.2166 0
      vertex -19.3723 -5.25114 0
    endloop
  endfacet
  facet normal -0.392936 -0.919566 0
    outer loop
      vertex -19.6074 -3.14762 0
      vertex -19.5532 -3.17078 1.2
      vertex -19.6074 -3.14762 1.2
    endloop
  endfacet
  facet normal -0.392936 -0.919566 -0
    outer loop
      vertex -19.5532 -3.17078 1.2
      vertex -19.6074 -3.14762 0
      vertex -19.5532 -3.17078 0
    endloop
  endfacet
  facet normal 0.997291 0.0735576 0
    outer loop
      vertex 26.9175 1.32237 5.2
      vertex 26.8202 2.64156 0
      vertex 26.8202 2.64156 5.2
    endloop
  endfacet
  facet normal 0.997291 0.0735576 0
    outer loop
      vertex 26.8202 2.64156 0
      vertex 26.9175 1.32237 5.2
      vertex 26.9175 1.32237 0
    endloop
  endfacet
  facet normal 0.999698 0.0245697 0
    outer loop
      vertex 26.95 0 5.2
      vertex 26.9175 1.32237 0
      vertex 26.9175 1.32237 5.2
    endloop
  endfacet
  facet normal 0.999698 0.0245697 0
    outer loop
      vertex 26.9175 1.32237 0
      vertex 26.95 0 5.2
      vertex 26.95 0 0
    endloop
  endfacet
  facet normal 0.992482 0.122394 0
    outer loop
      vertex 26.8202 2.64156 5.2
      vertex 26.6583 3.95439 0
      vertex 26.6583 3.95439 5.2
    endloop
  endfacet
  facet normal 0.992482 0.122394 0
    outer loop
      vertex 26.6583 3.95439 0
      vertex 26.8202 2.64156 5.2
      vertex 26.8202 2.64156 0
    endloop
  endfacet
  facet normal 0.575819 0.817577 -0
    outer loop
      vertex 16.0541 21.6464 0
      vertex 14.9726 22.4081 5.2
      vertex 16.0541 21.6464 5.2
    endloop
  endfacet
  facet normal 0.575819 0.817577 0
    outer loop
      vertex 14.9726 22.4081 5.2
      vertex 16.0541 21.6464 0
      vertex 14.9726 22.4081 0
    endloop
  endfacet
  facet normal 0.35986 -0.933006 0
    outer loop
      vertex 9.07918 -25.3746 0
      vertex 10.3133 -24.8986 5.2
      vertex 9.07918 -25.3746 5.2
    endloop
  endfacet
  facet normal 0.35986 -0.933006 0
    outer loop
      vertex 10.3133 -24.8986 5.2
      vertex 9.07918 -25.3746 0
      vertex 10.3133 -24.8986 0
    endloop
  endfacet
  facet normal -0.992482 0.122394 0
    outer loop
      vertex -26.8202 2.64156 0
      vertex -26.6583 3.95439 5.2
      vertex -26.6583 3.95439 0
    endloop
  endfacet
  facet normal -0.992482 0.122394 0
    outer loop
      vertex -26.6583 3.95439 5.2
      vertex -26.8202 2.64156 0
      vertex -26.8202 2.64156 5.2
    endloop
  endfacet
  facet normal 0.0735576 -0.997291 0
    outer loop
      vertex 1.32237 -26.9175 0
      vertex 2.64156 -26.8202 5.2
      vertex 1.32237 -26.9175 5.2
    endloop
  endfacet
  facet normal 0.0735576 -0.997291 0
    outer loop
      vertex 2.64156 -26.8202 5.2
      vertex 1.32237 -26.9175 0
      vertex 2.64156 -26.8202 0
    endloop
  endfacet
  facet normal -0.949535 0.313662 0
    outer loop
      vertex -25.7895 7.82317 0
      vertex -25.3746 9.07918 5.2
      vertex -25.3746 9.07918 0
    endloop
  endfacet
  facet normal -0.949535 0.313662 0
    outer loop
      vertex -25.3746 9.07918 5.2
      vertex -25.7895 7.82317 0
      vertex -25.7895 7.82317 5.2
    endloop
  endfacet
  facet normal -0.689544 0.724244 0
    outer loop
      vertex -18.0985 19.9686 0
      vertex -19.0565 19.0565 5.2
      vertex -18.0985 19.9686 5.2
    endloop
  endfacet
  facet normal -0.689544 0.724244 0
    outer loop
      vertex -19.0565 19.0565 5.2
      vertex -18.0985 19.9686 0
      vertex -19.0565 19.0565 0
    endloop
  endfacet
  facet normal -0.0735576 0.997291 0
    outer loop
      vertex -1.32237 26.9175 0
      vertex -2.64156 26.8202 5.2
      vertex -1.32237 26.9175 5.2
    endloop
  endfacet
  facet normal -0.0735576 0.997291 0
    outer loop
      vertex -2.64156 26.8202 5.2
      vertex -1.32237 26.9175 0
      vertex -2.64156 26.8202 0
    endloop
  endfacet
  facet normal 0.535025 -0.844836 0
    outer loop
      vertex 13.8551 -23.1158 0
      vertex 14.9726 -22.4081 5.2
      vertex 13.8551 -23.1158 5.2
    endloop
  endfacet
  facet normal 0.535025 -0.844836 0
    outer loop
      vertex 14.9726 -22.4081 5.2
      vertex 13.8551 -23.1158 0
      vertex 14.9726 -22.4081 0
    endloop
  endfacet
  facet normal 0.97569 -0.219157 0
    outer loop
      vertex 26.1423 -6.54832 5.2
      vertex 26.4322 -5.25768 0
      vertex 26.4322 -5.25768 5.2
    endloop
  endfacet
  facet normal 0.97569 -0.219157 0
    outer loop
      vertex 26.4322 -5.25768 0
      vertex 26.1423 -6.54832 5.2
      vertex 26.1423 -6.54832 0
    endloop
  endfacet
  facet normal 0.949535 0.313662 0
    outer loop
      vertex 25.7895 7.82317 5.2
      vertex 25.3746 9.07918 0
      vertex 25.3746 9.07918 5.2
    endloop
  endfacet
  facet normal 0.949535 0.313662 0
    outer loop
      vertex 25.3746 9.07918 0
      vertex 25.7895 7.82317 5.2
      vertex 25.7895 7.82317 0
    endloop
  endfacet
  facet normal 0.689544 -0.724244 0
    outer loop
      vertex 18.0985 -19.9686 0
      vertex 19.0565 -19.0565 5.2
      vertex 18.0985 -19.9686 5.2
    endloop
  endfacet
  facet normal 0.689544 -0.724244 0
    outer loop
      vertex 19.0565 -19.0565 5.2
      vertex 18.0985 -19.9686 0
      vertex 19.0565 -19.0565 0
    endloop
  endfacet
  facet normal 0.0244927 -0.9997 0
    outer loop
      vertex 0 -26.95 1.2
      vertex 0 -26.95 0
      vertex 1 -26.9255 1.2
    endloop
  endfacet
  facet normal 0.0248086 -0.999692 0
    outer loop
      vertex 1 -26.9255 1.2
      vertex 1.32237 -26.9175 5.2
      vertex 1 -26.9255 5.2
    endloop
  endfacet
  facet normal 0.0248086 -0.999692 0
    outer loop
      vertex 1 -26.9255 1.2
      vertex 1.32237 -26.9175 0
      vertex 1.32237 -26.9175 5.2
    endloop
  endfacet
  facet normal 0.0245697 -0.999698 -6.42182e-05
    outer loop
      vertex 1.32237 -26.9175 0
      vertex 1 -26.9255 1.2
      vertex 0 -26.95 0
    endloop
  endfacet
  facet normal 0.893229 -0.449601 0
    outer loop
      vertex 23.7678 -12.7041 5.2
      vertex 24.3625 -11.5226 0
      vertex 24.3625 -11.5226 5.2
    endloop
  endfacet
  facet normal 0.893229 -0.449601 0
    outer loop
      vertex 24.3625 -11.5226 0
      vertex 23.7678 -12.7041 5.2
      vertex 23.7678 -12.7041 0
    endloop
  endfacet
  facet normal 0.653179 0.757204 -0
    outer loop
      vertex 18.0985 19.9686 0
      vertex 17.0969 20.8326 5.2
      vertex 18.0985 19.9686 5.2
    endloop
  endfacet
  facet normal 0.653179 0.757204 0
    outer loop
      vertex 17.0969 20.8326 5.2
      vertex 18.0985 19.9686 0
      vertex 17.0969 20.8326 0
    endloop
  endfacet
  facet normal 0.870098 0.492879 0
    outer loop
      vertex 23.7678 12.7041 5.2
      vertex 23.1158 13.8551 0
      vertex 23.1158 13.8551 5.2
    endloop
  endfacet
  facet normal 0.870098 0.492879 0
    outer loop
      vertex 23.1158 13.8551 0
      vertex 23.7678 12.7041 5.2
      vertex 23.7678 12.7041 0
    endloop
  endfacet
  facet normal -0.653179 0.757204 0
    outer loop
      vertex -17.0969 20.8326 0
      vertex -18.0985 19.9686 5.2
      vertex -17.0969 20.8326 5.2
    endloop
  endfacet
  facet normal -0.653179 0.757204 0
    outer loop
      vertex -18.0985 19.9686 5.2
      vertex -17.0969 20.8326 0
      vertex -18.0985 19.9686 0
    endloop
  endfacet
  facet normal 0.963776 -0.266714 0
    outer loop
      vertex 25.7895 -7.82317 5.2
      vertex 26.1423 -6.54832 0
      vertex 26.1423 -6.54832 5.2
    endloop
  endfacet
  facet normal 0.963776 -0.266714 0
    outer loop
      vertex 26.1423 -6.54832 0
      vertex 25.7895 -7.82317 5.2
      vertex 25.7895 -7.82317 0
    endloop
  endfacet
  facet normal 0.949535 -0.313662 0
    outer loop
      vertex 25.3746 -9.07918 5.2
      vertex 25.7895 -7.82317 0
      vertex 25.7895 -7.82317 5.2
    endloop
  endfacet
  facet normal 0.949535 -0.313662 0
    outer loop
      vertex 25.7895 -7.82317 0
      vertex 25.3746 -9.07918 5.2
      vertex 25.3746 -9.07918 0
    endloop
  endfacet
  facet normal 0.757204 -0.653179 0
    outer loop
      vertex 19.9686 -18.0985 5.2
      vertex 20.8326 -17.0969 0
      vertex 20.8326 -17.0969 5.2
    endloop
  endfacet
  facet normal 0.757204 -0.653179 0
    outer loop
      vertex 20.8326 -17.0969 0
      vertex 19.9686 -18.0985 5.2
      vertex 19.9686 -18.0985 0
    endloop
  endfacet
  facet normal 0.893229 0.449601 0
    outer loop
      vertex 24.3625 11.5226 5.2
      vertex 23.7678 12.7041 0
      vertex 23.7678 12.7041 5.2
    endloop
  endfacet
  facet normal 0.893229 0.449601 0
    outer loop
      vertex 23.7678 12.7041 0
      vertex 24.3625 11.5226 5.2
      vertex 24.3625 11.5226 0
    endloop
  endfacet
  facet normal 0.844836 0.535025 0
    outer loop
      vertex 23.1158 13.8551 5.2
      vertex 22.4081 14.9726 0
      vertex 22.4081 14.9726 5.2
    endloop
  endfacet
  facet normal 0.844836 0.535025 0
    outer loop
      vertex 22.4081 14.9726 0
      vertex 23.1158 13.8551 5.2
      vertex 23.1158 13.8551 0
    endloop
  endfacet
  facet normal 0.313662 -0.949535 0
    outer loop
      vertex 7.82317 -25.7895 0
      vertex 9.07918 -25.3746 5.2
      vertex 7.82317 -25.7895 5.2
    endloop
  endfacet
  facet normal 0.313662 -0.949535 0
    outer loop
      vertex 9.07918 -25.3746 5.2
      vertex 7.82317 -25.7895 0
      vertex 9.07918 -25.3746 0
    endloop
  endfacet
  facet normal -0.535025 0.844836 0
    outer loop
      vertex -13.8551 23.1158 0
      vertex -14.9726 22.4081 5.2
      vertex -13.8551 23.1158 5.2
    endloop
  endfacet
  facet normal -0.535025 0.844836 0
    outer loop
      vertex -14.9726 22.4081 5.2
      vertex -13.8551 23.1158 0
      vertex -14.9726 22.4081 0
    endloop
  endfacet
  facet normal 0.78835 -0.615227 0
    outer loop
      vertex 20.8326 -17.0969 5.2
      vertex 21.6464 -16.0541 0
      vertex 21.6464 -16.0541 5.2
    endloop
  endfacet
  facet normal 0.78835 -0.615227 0
    outer loop
      vertex 21.6464 -16.0541 0
      vertex 20.8326 -17.0969 5.2
      vertex 20.8326 -17.0969 0
    endloop
  endfacet
  facet normal -0.170931 0.985283 0
    outer loop
      vertex -3.95439 26.6583 0
      vertex -5.25768 26.4322 5.2
      vertex -3.95439 26.6583 5.2
    endloop
  endfacet
  facet normal -0.170931 0.985283 0
    outer loop
      vertex -5.25768 26.4322 5.2
      vertex -3.95439 26.6583 0
      vertex -5.25768 26.4322 0
    endloop
  endfacet
  facet normal 0.219157 -0.97569 0
    outer loop
      vertex 5.25768 -26.4322 0
      vertex 6.54832 -26.1423 5.2
      vertex 5.25768 -26.4322 5.2
    endloop
  endfacet
  facet normal 0.219157 -0.97569 0
    outer loop
      vertex 6.54832 -26.1423 5.2
      vertex 5.25768 -26.4322 0
      vertex 6.54832 -26.1423 0
    endloop
  endfacet
  facet normal 0.535025 0.844836 -0
    outer loop
      vertex 14.9726 22.4081 0
      vertex 13.8551 23.1158 5.2
      vertex 14.9726 22.4081 5.2
    endloop
  endfacet
  facet normal 0.535025 0.844836 0
    outer loop
      vertex 13.8551 23.1158 5.2
      vertex 14.9726 22.4081 0
      vertex 13.8551 23.1158 0
    endloop
  endfacet
  facet normal 0.78835 0.615227 0
    outer loop
      vertex 21.6464 16.0541 5.2
      vertex 20.8326 17.0969 0
      vertex 20.8326 17.0969 5.2
    endloop
  endfacet
  facet normal 0.78835 0.615227 0
    outer loop
      vertex 20.8326 17.0969 0
      vertex 21.6464 16.0541 5.2
      vertex 21.6464 16.0541 0
    endloop
  endfacet
  facet normal 0.870098 -0.492879 0
    outer loop
      vertex 23.1158 -13.8551 5.2
      vertex 23.7678 -12.7041 0
      vertex 23.7678 -12.7041 5.2
    endloop
  endfacet
  facet normal 0.870098 -0.492879 0
    outer loop
      vertex 23.7678 -12.7041 0
      vertex 23.1158 -13.8551 5.2
      vertex 23.1158 -13.8551 0
    endloop
  endfacet
  facet normal 0.992482 -0.122394 0
    outer loop
      vertex 26.6583 -3.95439 5.2
      vertex 26.8202 -2.64156 0
      vertex 26.8202 -2.64156 5.2
    endloop
  endfacet
  facet normal 0.992482 -0.122394 0
    outer loop
      vertex 26.8202 -2.64156 0
      vertex 26.6583 -3.95439 5.2
      vertex 26.6583 -3.95439 0
    endloop
  endfacet
  facet normal 0 0 -1
    outer loop
      vertex -18.8594 -4.12895 0
      vertex -6.5 13.9 0
      vertex -18.8543 -4.18762 0
    endloop
  endfacet
  facet normal 0 0 -1
    outer loop
      vertex -18.8674 -4.07059 0
      vertex -6.5 13.9 0
      vertex -18.8594 -4.12895 0
    endloop
  endfacet
  facet normal 0 0 -1
    outer loop
      vertex -18.8782 -4.0127 0
      vertex -6.5 13.9 0
      vertex -18.8674 -4.07059 0
    endloop
  endfacet
  facet normal 0 0 -1
    outer loop
      vertex -18.8919 -3.9554 0
      vertex -6.5 13.9 0
      vertex -18.8782 -4.0127 0
    endloop
  endfacet
  facet normal 0 0 -1
    outer loop
      vertex -18.9084 -3.89885 0
      vertex -6.5 13.9 0
      vertex -18.8919 -3.9554 0
    endloop
  endfacet
  facet normal 0 0 -1
    outer loop
      vertex -18.9276 -3.84317 0
      vertex -6.5 13.9 0
      vertex -18.9084 -3.89885 0
    endloop
  endfacet
  facet normal 0 0 -1
    outer loop
      vertex -18.9495 -3.7885 0
      vertex -6.5 13.9 0
      vertex -18.9276 -3.84317 0
    endloop
  endfacet
  facet normal 0 0 -1
    outer loop
      vertex -18.974 -3.73497 0
      vertex -6.5 13.9 0
      vertex -18.9495 -3.7885 0
    endloop
  endfacet
  facet normal 0 0 -1
    outer loop
      vertex -19.0012 -3.68271 0
      vertex -6.5 13.9 0
      vertex -18.974 -3.73497 0
    endloop
  endfacet
  facet normal 0 0 -1
    outer loop
      vertex -19.0309 -3.63185 0
      vertex -6.5 13.9 0
      vertex -19.0012 -3.68271 0
    endloop
  endfacet
  facet normal 0 0 -1
    outer loop
      vertex -19.0631 -3.5825 0
      vertex -6.5 13.9 0
      vertex -19.0309 -3.63185 0
    endloop
  endfacet
  facet normal 0 0 -1
    outer loop
      vertex -19.0976 -3.53479 0
      vertex -6.5 13.9 0
      vertex -19.0631 -3.5825 0
    endloop
  endfacet
  facet normal 0 0 -1
    outer loop
      vertex -19.1345 -3.48884 0
      vertex -6.5 13.9 0
      vertex -19.0976 -3.53479 0
    endloop
  endfacet
  facet normal 0 0 -1
    outer loop
      vertex -19.1735 -3.44475 0
      vertex -6.5 13.9 0
      vertex -19.1345 -3.48884 0
    endloop
  endfacet
  facet normal 0 0 -1
    outer loop
      vertex -19.2147 -3.40263 0
      vertex -6.5 13.9 0
      vertex -19.1735 -3.44475 0
    endloop
  endfacet
  facet normal 0 0 -1
    outer loop
      vertex -6.5 13.9 0
      vertex -19.0565 19.0565 0
      vertex -18.0985 19.9686 0
    endloop
  endfacet
  facet normal 0 0 -1
    outer loop
      vertex -19.2579 -3.36258 0
      vertex -6.5 13.9 0
      vertex -19.2147 -3.40263 0
    endloop
  endfacet
  facet normal 0 0 -1
    outer loop
      vertex -19.303 -3.32469 0
      vertex -6.5 13.9 0
      vertex -19.2579 -3.36258 0
    endloop
  endfacet
  facet normal 0 0 -1
    outer loop
      vertex -19.3499 -3.28907 0
      vertex -6.5 13.9 0
      vertex -19.303 -3.32469 0
    endloop
  endfacet
  facet normal 0 0 -1
    outer loop
      vertex -19.3985 -3.25578 0
      vertex -6.5 13.9 0
      vertex -19.3499 -3.28907 0
    endloop
  endfacet
  facet normal 0 0 -1
    outer loop
      vertex -19.4486 -3.22493 0
      vertex -6.5 13.9 0
      vertex -19.3985 -3.25578 0
    endloop
  endfacet
  facet normal 0 0 -1
    outer loop
      vertex -19.5003 -3.19657 0
      vertex -6.5 13.9 0
      vertex -19.4486 -3.22493 0
    endloop
  endfacet
  facet normal 0 0 -1
    outer loop
      vertex -6.5 13.9 0
      vertex -19.5003 -3.19657 0
      vertex -24.3625 11.5226 0
    endloop
  endfacet
  facet normal 0 0 -1
    outer loop
      vertex -24.3625 11.5226 0
      vertex -19.5003 -3.19657 0
      vertex -19.5532 -3.17078 0
    endloop
  endfacet
  facet normal 0 0 -1
    outer loop
      vertex -24.8986 10.3133 0
      vertex -19.5532 -3.17078 0
      vertex -19.6074 -3.14762 0
    endloop
  endfacet
  facet normal 0 0 -1
    outer loop
      vertex -25.3746 9.07918 0
      vertex -19.6074 -3.14762 0
      vertex -19.6626 -3.12714 0
    endloop
  endfacet
  facet normal 0 0 -1
    outer loop
      vertex -25.3746 9.07918 0
      vertex -19.6626 -3.12714 0
      vertex -19.7187 -3.1094 0
    endloop
  endfacet
  facet normal 0 0 -1
    outer loop
      vertex -25.7895 7.82317 0
      vertex -19.7187 -3.1094 0
      vertex -19.7757 -3.09443 0
    endloop
  endfacet
  facet normal 0 0 -1
    outer loop
      vertex -25.7895 7.82317 0
      vertex -19.7757 -3.09443 0
      vertex -19.8333 -3.08228 0
    endloop
  endfacet
  facet normal 0 0 -1
    outer loop
      vertex -26.1423 6.54832 0
      vertex -19.8333 -3.08228 0
      vertex -19.8915 -3.07297 0
    endloop
  endfacet
  facet normal 0 0 -1
    outer loop
      vertex -26.1423 6.54832 0
      vertex -19.8915 -3.07297 0
      vertex -19.95 -3.06653 0
    endloop
  endfacet
  facet normal 0 0 -1
    outer loop
      vertex -6.5 13.9 0
      vertex -19.9686 18.0985 0
      vertex -19.0565 19.0565 0
    endloop
  endfacet
  facet normal 0 0 -1
    outer loop
      vertex -26.4322 5.25768 0
      vertex -19.95 -3.06653 0
      vertex -20.0088 -3.06297 0
    endloop
  endfacet
  facet normal 0 0 -1
    outer loop
      vertex -26.4322 5.25768 0
      vertex -20.0088 -3.06297 0
      vertex -20.0677 -3.06229 0
    endloop
  endfacet
  facet normal 0 0 -1
    outer loop
      vertex -26.6583 3.95439 0
      vertex -20.0677 -3.06229 0
      vertex -20.1266 -3.06451 0
    endloop
  endfacet
  facet normal 0 0 -1
    outer loop
      vertex -26.6583 3.95439 0
      vertex -20.1266 -3.06451 0
      vertex -20.1853 -3.06961 0
    endloop
  endfacet
  facet normal 0 0 -1
    outer loop
      vertex -26.6583 3.95439 0
      vertex -20.1853 -3.06961 0
      vertex -20.2436 -3.07758 0
    endloop
  endfacet
  facet normal 0 0 -1
    outer loop
      vertex -26.8202 2.64156 0
      vertex -20.2436 -3.07758 0
      vertex -20.3015 -3.08841 0
    endloop
  endfacet
  facet normal 0 0 -1
    outer loop
      vertex -26.8202 2.64156 0
      vertex -20.3015 -3.08841 0
      vertex -20.3588 -3.10207 0
    endloop
  endfacet
  facet normal 0 0 -1
    outer loop
      vertex -26.8202 2.64156 0
      vertex -20.3588 -3.10207 0
      vertex -20.4154 -3.11852 0
    endloop
  endfacet
  facet normal 0 0 -1
    outer loop
      vertex -26.9175 1.32237 0
      vertex -20.4154 -3.11852 0
      vertex -20.471 -3.13772 0
    endloop
  endfacet
  facet normal 0 0 -1
    outer loop
      vertex -26.9175 1.32237 0
      vertex -20.471 -3.13772 0
      vertex -20.5257 -3.15964 0
    endloop
  endfacet
  facet normal 0 0 -1
    outer loop
      vertex -26.9175 1.32237 0
      vertex -20.5257 -3.15964 0
      vertex -20.5792 -3.18421 0
    endloop
  endfacet
  facet normal 0 0 -1
    outer loop
      vertex -26.9175 1.32237 0
      vertex -20.5792 -3.18421 0
      vertex -20.6315 -3.21138 0
    endloop
  endfacet
  facet normal 0 0 -1
    outer loop
      vertex -26.95 0 0
      vertex -20.6315 -3.21138 0
      vertex -20.6824 -3.24108 0
    endloop
  endfacet
  facet normal 0 0 -1
    outer loop
      vertex -26.95 0 0
      vertex -20.6824 -3.24108 0
      vertex -20.7317 -3.27324 0
    endloop
  endfacet
  facet normal 0 0 -1
    outer loop
      vertex -26.95 0 0
      vertex -20.7317 -3.27324 0
      vertex -20.7794 -3.30778 0
    endloop
  endfacet
  facet normal 0 0 -1
    outer loop
      vertex -26.95 0 0
      vertex -20.7794 -3.30778 0
      vertex -20.8254 -3.34462 0
    endloop
  endfacet
  facet normal 0 0 -1
    outer loop
      vertex -6.5 13.9 0
      vertex -20.8326 17.0969 0
      vertex -19.9686 18.0985 0
    endloop
  endfacet
  facet normal 0 0 -1
    outer loop
      vertex -26.95 0 0
      vertex -20.8254 -3.34462 0
      vertex -20.8695 -3.38367 0
    endloop
  endfacet
  facet normal 0 0 -1
    outer loop
      vertex -26.9175 -1.32237 0
      vertex -20.8695 -3.38367 0
      vertex -20.9116 -3.42484 0
    endloop
  endfacet
  facet normal 0 0 -1
    outer loop
      vertex -26.9175 -1.32237 0
      vertex -20.9116 -3.42484 0
      vertex -20.9516 -3.46803 0
    endloop
  endfacet
  facet normal 0 0 -1
    outer loop
      vertex -26.9175 -1.32237 0
      vertex -20.9516 -3.46803 0
      vertex -20.9895 -3.51312 0
    endloop
  endfacet
  facet normal 0 0 -1
    outer loop
      vertex -26.9175 -1.32237 0
      vertex -20.9895 -3.51312 0
      vertex -21.0251 -3.56003 0
    endloop
  endfacet
  facet normal 0 0 -1
    outer loop
      vertex -26.9175 -1.32237 0
      vertex -21.0251 -3.56003 0
      vertex -21.0584 -3.60862 0
    endloop
  endfacet
  facet normal 0 0 -1
    outer loop
      vertex -26.8202 -2.64156 0
      vertex -21.0584 -3.60862 0
      vertex -21.0893 -3.65879 0
    endloop
  endfacet
  facet normal 0 0 -1
    outer loop
      vertex -26.8202 -2.64156 0
      vertex -21.0893 -3.65879 0
      vertex -21.1176 -3.71041 0
    endloop
  endfacet
  facet normal 0 0 -1
    outer loop
      vertex -26.8202 -2.64156 0
      vertex -21.1176 -3.71041 0
      vertex -21.1434 -3.76337 0
    endloop
  endfacet
  facet normal 0 0 -1
    outer loop
      vertex -26.8202 -2.64156 0
      vertex -21.1434 -3.76337 0
      vertex -21.1666 -3.81752 0
    endloop
  endfacet
  facet normal 0 0 -1
    outer loop
      vertex -26.8202 -2.64156 0
      vertex -21.1666 -3.81752 0
      vertex -21.1871 -3.87275 0
    endloop
  endfacet
  facet normal 0 0 -1
    outer loop
      vertex -26.6583 -3.95439 0
      vertex -21.1871 -3.87275 0
      vertex -21.2048 -3.92891 0
    endloop
  endfacet
  facet normal 0 0 -1
    outer loop
      vertex -26.6583 -3.95439 0
      vertex -21.2048 -3.92891 0
      vertex -21.2198 -3.98588 0
    endloop
  endfacet
  facet normal 0 0 -1
    outer loop
      vertex -26.6583 -3.95439 0
      vertex -21.2198 -3.98588 0
      vertex -21.2319 -4.04351 0
    endloop
  endfacet
  facet normal 0 0 -1
    outer loop
      vertex -26.6583 -3.95439 0
      vertex -21.2319 -4.04351 0
      vertex -21.2412 -4.10167 0
    endloop
  endfacet
  facet normal 0 0 -1
    outer loop
      vertex -26.6583 -3.95439 0
      vertex -21.2412 -4.10167 0
      vertex -21.2477 -4.16021 0
    endloop
  endfacet
  facet normal 0 0 -1
    outer loop
      vertex -26.6583 -3.95439 0
      vertex -21.2477 -4.16021 0
      vertex -21.2512 -4.219 0
    endloop
  endfacet
  facet normal -0 0 -1
    outer loop
      vertex -21.1546 -4.73588 0
      vertex -26.1423 -6.54832 0
      vertex -21.1765 -4.68121 0
    endloop
  endfacet
  facet normal -0 0 -1
    outer loop
      vertex -21.1765 -4.68121 0
      vertex -26.1423 -6.54832 0
      vertex -21.1957 -4.62553 0
    endloop
  endfacet
  facet normal 0 0 -1
    outer loop
      vertex -6.5 13.9 0
      vertex -21.6464 16.0541 0
      vertex -20.8326 17.0969 0
    endloop
  endfacet
  facet normal -0 0 -1
    outer loop
      vertex -21.1957 -4.62553 0
      vertex -26.1423 -6.54832 0
      vertex -21.2121 -4.56898 0
    endloop
  endfacet
  facet normal 0 0 -1
    outer loop
      vertex -6.5 13.9 0
      vertex -22.4081 14.9726 0
      vertex -21.6464 16.0541 0
    endloop
  endfacet
  facet normal 0 0 -1
    outer loop
      vertex -26.4322 -5.25768 0
      vertex -21.2121 -4.56898 0
      vertex -26.1423 -6.54832 0
    endloop
  endfacet
  facet normal -0 0 -1
    outer loop
      vertex -6.5 13.9 0
      vertex -23.1158 13.8551 0
      vertex -22.4081 14.9726 0
    endloop
  endfacet
  facet normal -0 0 -1
    outer loop
      vertex -21.2121 -4.56898 0
      vertex -26.4322 -5.25768 0
      vertex -21.2258 -4.51168 0
    endloop
  endfacet
  facet normal 0 0 -1
    outer loop
      vertex -6.5 13.9 0
      vertex -23.7678 12.7041 0
      vertex -23.1158 13.8551 0
    endloop
  endfacet
  facet normal -0 0 -1
    outer loop
      vertex -21.2258 -4.51168 0
      vertex -26.4322 -5.25768 0
      vertex -21.2366 -4.45379 0
    endloop
  endfacet
  facet normal 0 0 -1
    outer loop
      vertex -6.5 13.9 0
      vertex -24.3625 11.5226 0
      vertex -23.7678 12.7041 0
    endloop
  endfacet
  facet normal -0 0 -1
    outer loop
      vertex -21.2366 -4.45379 0
      vertex -26.4322 -5.25768 0
      vertex -21.2446 -4.39543 0
    endloop
  endfacet
  facet normal 0 0 -1
    outer loop
      vertex -19.5532 -3.17078 0
      vertex -24.8986 10.3133 0
      vertex -24.3625 11.5226 0
    endloop
  endfacet
  facet normal -0 0 -1
    outer loop
      vertex -21.2446 -4.39543 0
      vertex -26.4322 -5.25768 0
      vertex -21.2497 -4.33675 0
    endloop
  endfacet
  facet normal 0 0 -1
    outer loop
      vertex -19.6074 -3.14762 0
      vertex -25.3746 9.07918 0
      vertex -24.8986 10.3133 0
    endloop
  endfacet
  facet normal -0 0 -1
    outer loop
      vertex -21.2497 -4.33675 0
      vertex -26.4322 -5.25768 0
      vertex -21.2519 -4.2779 0
    endloop
  endfacet
  facet normal 0 0 -1
    outer loop
      vertex -19.7187 -3.1094 0
      vertex -25.7895 7.82317 0
      vertex -25.3746 9.07918 0
    endloop
  endfacet
  facet normal -0 0 -1
    outer loop
      vertex -21.2519 -4.2779 0
      vertex -26.4322 -5.25768 0
      vertex -21.2512 -4.219 0
    endloop
  endfacet
  facet normal 0 0 -1
    outer loop
      vertex -19.8333 -3.08228 0
      vertex -26.1423 6.54832 0
      vertex -25.7895 7.82317 0
    endloop
  endfacet
  facet normal 0 0 -1
    outer loop
      vertex -26.6583 -3.95439 0
      vertex -21.2512 -4.219 0
      vertex -26.4322 -5.25768 0
    endloop
  endfacet
  facet normal 0 0 -1
    outer loop
      vertex -19.95 -3.06653 0
      vertex -26.4322 5.25768 0
      vertex -26.1423 6.54832 0
    endloop
  endfacet
  facet normal -0 0 -1
    outer loop
      vertex -21.1871 -3.87275 0
      vertex -26.6583 -3.95439 0
      vertex -26.8202 -2.64156 0
    endloop
  endfacet
  facet normal 0 0 -1
    outer loop
      vertex -20.0677 -3.06229 0
      vertex -26.6583 3.95439 0
      vertex -26.4322 5.25768 0
    endloop
  endfacet
  facet normal 0 0 -1
    outer loop
      vertex -21.0584 -3.60862 0
      vertex -26.8202 -2.64156 0
      vertex -26.9175 -1.32237 0
    endloop
  endfacet
  facet normal 0 0 -1
    outer loop
      vertex -20.2436 -3.07758 0
      vertex -26.8202 2.64156 0
      vertex -26.6583 3.95439 0
    endloop
  endfacet
  facet normal 0 0 -1
    outer loop
      vertex -20.8695 -3.38367 0
      vertex -26.9175 -1.32237 0
      vertex -26.95 0 0
    endloop
  endfacet
  facet normal 0 0 -1
    outer loop
      vertex -20.4154 -3.11852 0
      vertex -26.9175 1.32237 0
      vertex -26.8202 2.64156 0
    endloop
  endfacet
  facet normal 0 0 -1
    outer loop
      vertex -20.6315 -3.21138 0
      vertex -26.95 0 0
      vertex -26.9175 1.32237 0
    endloop
  endfacet
  facet normal -0 0 -1
    outer loop
      vertex 7.82317 25.7895 0
      vertex 6.5 21.9 0
      vertex 6.54832 26.1423 0
    endloop
  endfacet
  facet normal 0 0 -1
    outer loop
      vertex 6.5 21.9 0
      vertex 5.25768 26.4322 0
      vertex 6.54832 26.1423 0
    endloop
  endfacet
  facet normal 0 0 -1
    outer loop
      vertex 6.5 21.9 0
      vertex 3.95439 26.6583 0
      vertex 5.25768 26.4322 0
    endloop
  endfacet
  facet normal 0 0 -1
    outer loop
      vertex 6.5 21.9 0
      vertex 2.64156 26.8202 0
      vertex 3.95439 26.6583 0
    endloop
  endfacet
  facet normal 0 0 -1
    outer loop
      vertex 6.5 21.9 0
      vertex 1.32237 26.9175 0
      vertex 2.64156 26.8202 0
    endloop
  endfacet
  facet normal 0 0 -1
    outer loop
      vertex 6.5 21.9 0
      vertex 0 26.95 0
      vertex 1.32237 26.9175 0
    endloop
  endfacet
  facet normal 0 0 -1
    outer loop
      vertex -6.5 21.9 0
      vertex 0 26.95 0
      vertex 6.5 21.9 0
    endloop
  endfacet
  facet normal 0 0 -1
    outer loop
      vertex 0 26.95 0
      vertex -6.5 21.9 0
      vertex -1.32237 26.9175 0
    endloop
  endfacet
  facet normal 0 0 -1
    outer loop
      vertex -1.32237 26.9175 0
      vertex -6.5 21.9 0
      vertex -2.64156 26.8202 0
    endloop
  endfacet
  facet normal 0 0 -1
    outer loop
      vertex -2.64156 26.8202 0
      vertex -6.5 21.9 0
      vertex -3.95439 26.6583 0
    endloop
  endfacet
  facet normal 0 0 -1
    outer loop
      vertex -3.95439 26.6583 0
      vertex -6.5 21.9 0
      vertex -5.25768 26.4322 0
    endloop
  endfacet
  facet normal 0 0 -1
    outer loop
      vertex -6.5 21.9 0
      vertex -6.54832 26.1423 0
      vertex -5.25768 26.4322 0
    endloop
  endfacet
  facet normal 0 0 -1
    outer loop
      vertex -6.5 13.9 0
      vertex -6.54832 26.1423 0
      vertex -6.5 21.9 0
    endloop
  endfacet
  facet normal 0 0 -1
    outer loop
      vertex -18.8992 -4.59547 0
      vertex -6.54832 -26.1423 0
      vertex -7.82317 -25.7895 0
    endloop
  endfacet
  facet normal 0 0 -1
    outer loop
      vertex -18.8543 -4.18762 0
      vertex -6.5 13.9 0
      vertex -18.8521 -4.24648 0
    endloop
  endfacet
  facet normal 0 0 -1
    outer loop
      vertex -18.917 -4.65163 0
      vertex -7.82317 -25.7895 0
      vertex -9.07918 -25.3746 0
    endloop
  endfacet
  facet normal 0 0 -1
    outer loop
      vertex -6.5 13.9 0
      vertex -7.82317 25.7895 0
      vertex -6.54832 26.1423 0
    endloop
  endfacet
  facet normal 0 0 -1
    outer loop
      vertex -18.917 -4.65163 0
      vertex -9.07918 -25.3746 0
      vertex -10.3133 -24.8986 0
    endloop
  endfacet
  facet normal 0 0 -1
    outer loop
      vertex -6.5 13.9 0
      vertex -9.07918 25.3746 0
      vertex -7.82317 25.7895 0
    endloop
  endfacet
  facet normal 0 0 -1
    outer loop
      vertex -18.9375 -4.70686 0
      vertex -10.3133 -24.8986 0
      vertex -11.5226 -24.3625 0
    endloop
  endfacet
  facet normal 0 0 -1
    outer loop
      vertex -6.5 13.9 0
      vertex -10.3133 24.8986 0
      vertex -9.07918 25.3746 0
    endloop
  endfacet
  facet normal 0 0 -1
    outer loop
      vertex -18.9606 -4.76101 0
      vertex -11.5226 -24.3625 0
      vertex -12.7041 -23.7678 0
    endloop
  endfacet
  facet normal 0 0 -1
    outer loop
      vertex -6.5 13.9 0
      vertex -11.5226 24.3625 0
      vertex -10.3133 24.8986 0
    endloop
  endfacet
  facet normal 0 0 -1
    outer loop
      vertex -18.9864 -4.81396 0
      vertex -12.7041 -23.7678 0
      vertex -13.8551 -23.1158 0
    endloop
  endfacet
  facet normal 0 0 -1
    outer loop
      vertex -6.5 13.9 0
      vertex -12.7041 23.7678 0
      vertex -11.5226 24.3625 0
    endloop
  endfacet
  facet normal 0 0 -1
    outer loop
      vertex -18.9864 -4.81396 0
      vertex -13.8551 -23.1158 0
      vertex -14.9726 -22.4081 0
    endloop
  endfacet
  facet normal 0 0 -1
    outer loop
      vertex -6.5 13.9 0
      vertex -13.8551 23.1158 0
      vertex -12.7041 23.7678 0
    endloop
  endfacet
  facet normal 0 0 -1
    outer loop
      vertex -19.0148 -4.86559 0
      vertex -14.9726 -22.4081 0
      vertex -16.0541 -21.6464 0
    endloop
  endfacet
  facet normal 0 0 -1
    outer loop
      vertex -6.5 13.9 0
      vertex -14.9726 22.4081 0
      vertex -13.8551 23.1158 0
    endloop
  endfacet
  facet normal 0 0 -1
    outer loop
      vertex -19.0456 -4.91576 0
      vertex -16.0541 -21.6464 0
      vertex -17.0969 -20.8326 0
    endloop
  endfacet
  facet normal 0 0 -1
    outer loop
      vertex -6.5 13.9 0
      vertex -16.0541 21.6464 0
      vertex -14.9726 22.4081 0
    endloop
  endfacet
  facet normal 0 0 -1
    outer loop
      vertex -19.1145 -5.01125 0
      vertex -17.0969 -20.8326 0
      vertex -18.0985 -19.9686 0
    endloop
  endfacet
  facet normal 0 0 -1
    outer loop
      vertex -6.5 13.9 0
      vertex -17.0969 20.8326 0
      vertex -16.0541 21.6464 0
    endloop
  endfacet
  facet normal 0 0 -1
    outer loop
      vertex -6.5 13.9 0
      vertex -18.0985 19.9686 0
      vertex -17.0969 20.8326 0
    endloop
  endfacet
  facet normal -0 0 -1
    outer loop
      vertex 6.5 13.9 0
      vertex -18.8521 -4.24648 0
      vertex -6.5 13.9 0
    endloop
  endfacet
  facet normal 0 0 -1
    outer loop
      vertex 13.5648 -16.4399 0
      vertex -18.8521 -4.24648 0
      vertex 6.5 13.9 0
    endloop
  endfacet
  facet normal 0 0 -1
    outer loop
      vertex -6.54832 -26.1423 0
      vertex -18.8628 -4.42271 0
      vertex -18.8564 -4.36417 0
    endloop
  endfacet
  facet normal 0 0 -1
    outer loop
      vertex -6.54832 -26.1423 0
      vertex -18.8721 -4.48087 0
      vertex -18.8628 -4.42271 0
    endloop
  endfacet
  facet normal 0 0 -1
    outer loop
      vertex -6.54832 -26.1423 0
      vertex -18.8843 -4.5385 0
      vertex -18.8721 -4.48087 0
    endloop
  endfacet
  facet normal 0 0 -1
    outer loop
      vertex -6.54832 -26.1423 0
      vertex -18.8992 -4.59547 0
      vertex -18.8843 -4.5385 0
    endloop
  endfacet
  facet normal 0 0 -1
    outer loop
      vertex -7.82317 -25.7895 0
      vertex -18.917 -4.65163 0
      vertex -18.8992 -4.59547 0
    endloop
  endfacet
  facet normal 0 0 -1
    outer loop
      vertex -10.3133 -24.8986 0
      vertex -18.9375 -4.70686 0
      vertex -18.917 -4.65163 0
    endloop
  endfacet
  facet normal 0 0 -1
    outer loop
      vertex -11.5226 -24.3625 0
      vertex -18.9606 -4.76101 0
      vertex -18.9375 -4.70686 0
    endloop
  endfacet
  facet normal 0 0 -1
    outer loop
      vertex -12.7041 -23.7678 0
      vertex -18.9864 -4.81396 0
      vertex -18.9606 -4.76101 0
    endloop
  endfacet
  facet normal 0 0 -1
    outer loop
      vertex -14.9726 -22.4081 0
      vertex -19.0148 -4.86559 0
      vertex -18.9864 -4.81396 0
    endloop
  endfacet
  facet normal 0 0 -1
    outer loop
      vertex -16.0541 -21.6464 0
      vertex -19.0456 -4.91576 0
      vertex -19.0148 -4.86559 0
    endloop
  endfacet
  facet normal 0 0 -1
    outer loop
      vertex -19.1524 -5.05635 0
      vertex -18.0985 -19.9686 0
      vertex -19.0565 -19.0565 0
    endloop
  endfacet
  facet normal 0 0 -1
    outer loop
      vertex -17.0969 -20.8326 0
      vertex -19.0789 -4.96435 0
      vertex -19.0456 -4.91576 0
    endloop
  endfacet
  facet normal 0 0 -1
    outer loop
      vertex -17.0969 -20.8326 0
      vertex -19.1145 -5.01125 0
      vertex -19.0789 -4.96435 0
    endloop
  endfacet
  facet normal 0 0 -1
    outer loop
      vertex -18.0985 -19.9686 0
      vertex -19.1524 -5.05635 0
      vertex -19.1145 -5.01125 0
    endloop
  endfacet
  facet normal 0 0 -1
    outer loop
      vertex -19.0565 -19.0565 0
      vertex -19.1925 -5.09954 0
      vertex -19.1524 -5.05635 0
    endloop
  endfacet
  facet normal 0 0 -1
    outer loop
      vertex -19.0565 -19.0565 0
      vertex -19.2346 -5.14071 0
      vertex -19.1925 -5.09954 0
    endloop
  endfacet
  facet normal 0 0 -1
    outer loop
      vertex -19.9686 -18.0985 0
      vertex -19.2346 -5.14071 0
      vertex -19.0565 -19.0565 0
    endloop
  endfacet
  facet normal 0 0 -1
    outer loop
      vertex -19.2346 -5.14071 0
      vertex -19.9686 -18.0985 0
      vertex -19.2787 -5.17976 0
    endloop
  endfacet
  facet normal 0 0 -1
    outer loop
      vertex -19.2787 -5.17976 0
      vertex -19.9686 -18.0985 0
      vertex -19.3246 -5.2166 0
    endloop
  endfacet
  facet normal 0 0 -1
    outer loop
      vertex -20.8326 -17.0969 0
      vertex -19.3246 -5.2166 0
      vertex -19.9686 -18.0985 0
    endloop
  endfacet
  facet normal 0 0 -1
    outer loop
      vertex -19.3246 -5.2166 0
      vertex -20.8326 -17.0969 0
      vertex -19.3723 -5.25114 0
    endloop
  endfacet
  facet normal 0 0 -1
    outer loop
      vertex -19.3723 -5.25114 0
      vertex -20.8326 -17.0969 0
      vertex -19.4217 -5.2833 0
    endloop
  endfacet
  facet normal 0 0 -1
    outer loop
      vertex -21.6464 -16.0541 0
      vertex -19.4217 -5.2833 0
      vertex -20.8326 -17.0969 0
    endloop
  endfacet
  facet normal 0 0 -1
    outer loop
      vertex -19.4217 -5.2833 0
      vertex -21.6464 -16.0541 0
      vertex -19.4725 -5.313 0
    endloop
  endfacet
  facet normal 0 0 -1
    outer loop
      vertex -19.4725 -5.313 0
      vertex -21.6464 -16.0541 0
      vertex -19.5248 -5.34017 0
    endloop
  endfacet
  facet normal 0 0 -1
    outer loop
      vertex -22.4081 -14.9726 0
      vertex -19.5248 -5.34017 0
      vertex -21.6464 -16.0541 0
    endloop
  endfacet
  facet normal 0 0 -1
    outer loop
      vertex -19.5248 -5.34017 0
      vertex -22.4081 -14.9726 0
      vertex -19.5783 -5.36474 0
    endloop
  endfacet
  facet normal 0 0 -1
    outer loop
      vertex -19.5783 -5.36474 0
      vertex -22.4081 -14.9726 0
      vertex -19.633 -5.38665 0
    endloop
  endfacet
  facet normal 0 0 -1
    outer loop
      vertex -19.633 -5.38665 0
      vertex -22.4081 -14.9726 0
      vertex -19.6887 -5.40586 0
    endloop
  endfacet
  facet normal 0 0 -1
    outer loop
      vertex -23.1158 -13.8551 0
      vertex -19.6887 -5.40586 0
      vertex -22.4081 -14.9726 0
    endloop
  endfacet
  facet normal 0 0 -1
    outer loop
      vertex -19.6887 -5.40586 0
      vertex -23.1158 -13.8551 0
      vertex -19.7452 -5.42231 0
    endloop
  endfacet
  facet normal 0 0 -1
    outer loop
      vertex -19.7452 -5.42231 0
      vertex -23.1158 -13.8551 0
      vertex -19.8025 -5.43597 0
    endloop
  endfacet
  facet normal 0 0 -1
    outer loop
      vertex -19.8025 -5.43597 0
      vertex -23.1158 -13.8551 0
      vertex -19.8604 -5.44679 0
    endloop
  endfacet
  facet normal 0 0 -1
    outer loop
      vertex -23.7678 -12.7041 0
      vertex -19.8604 -5.44679 0
      vertex -23.1158 -13.8551 0
    endloop
  endfacet
  facet normal 0 0 -1
    outer loop
      vertex -19.8604 -5.44679 0
      vertex -23.7678 -12.7041 0
      vertex -19.9188 -5.45477 0
    endloop
  endfacet
  facet normal 0 0 -1
    outer loop
      vertex -19.9188 -5.45477 0
      vertex -23.7678 -12.7041 0
      vertex -19.9775 -5.45987 0
    endloop
  endfacet
  facet normal 0 0 -1
    outer loop
      vertex -19.9775 -5.45987 0
      vertex -23.7678 -12.7041 0
      vertex -20.0363 -5.46209 0
    endloop
  endfacet
  facet normal 0 0 -1
    outer loop
      vertex -24.3625 -11.5226 0
      vertex -20.0363 -5.46209 0
      vertex -23.7678 -12.7041 0
    endloop
  endfacet
  facet normal -0 0 -1
    outer loop
      vertex -20.0363 -5.46209 0
      vertex -24.3625 -11.5226 0
      vertex -20.0952 -5.46141 0
    endloop
  endfacet
  facet normal -0 0 -1
    outer loop
      vertex -20.0952 -5.46141 0
      vertex -24.3625 -11.5226 0
      vertex -20.154 -5.45785 0
    endloop
  endfacet
  facet normal -0 0 -1
    outer loop
      vertex -20.154 -5.45785 0
      vertex -24.3625 -11.5226 0
      vertex -20.2125 -5.4514 0
    endloop
  endfacet
  facet normal -0 0 -1
    outer loop
      vertex -20.2125 -5.4514 0
      vertex -24.3625 -11.5226 0
      vertex -20.2707 -5.44209 0
    endloop
  endfacet
  facet normal 0 0 -1
    outer loop
      vertex -24.8986 -10.3133 0
      vertex -20.2707 -5.44209 0
      vertex -24.3625 -11.5226 0
    endloop
  endfacet
  facet normal -0 0 -1
    outer loop
      vertex -20.2707 -5.44209 0
      vertex -24.8986 -10.3133 0
      vertex -20.3283 -5.42994 0
    endloop
  endfacet
  facet normal -0 0 -1
    outer loop
      vertex -20.3283 -5.42994 0
      vertex -24.8986 -10.3133 0
      vertex -20.3853 -5.41498 0
    endloop
  endfacet
  facet normal -0 0 -1
    outer loop
      vertex -20.3853 -5.41498 0
      vertex -24.8986 -10.3133 0
      vertex -20.4415 -5.39724 0
    endloop
  endfacet
  facet normal -0 0 -1
    outer loop
      vertex -20.4415 -5.39724 0
      vertex -24.8986 -10.3133 0
      vertex -20.4967 -5.37676 0
    endloop
  endfacet
  facet normal -0 0 -1
    outer loop
      vertex -20.4967 -5.37676 0
      vertex -24.8986 -10.3133 0
      vertex -20.5508 -5.3536 0
    endloop
  endfacet
  facet normal 0 0 -1
    outer loop
      vertex -25.3746 -9.07918 0
      vertex -20.5508 -5.3536 0
      vertex -24.8986 -10.3133 0
    endloop
  endfacet
  facet normal -0 0 -1
    outer loop
      vertex -20.5508 -5.3536 0
      vertex -25.3746 -9.07918 0
      vertex -20.6038 -5.32781 0
    endloop
  endfacet
  facet normal -0 0 -1
    outer loop
      vertex -20.6038 -5.32781 0
      vertex -25.3746 -9.07918 0
      vertex -20.6554 -5.29945 0
    endloop
  endfacet
  facet normal -0 0 -1
    outer loop
      vertex -20.6554 -5.29945 0
      vertex -25.3746 -9.07918 0
      vertex -20.7056 -5.26859 0
    endloop
  endfacet
  facet normal -0 0 -1
    outer loop
      vertex -20.7056 -5.26859 0
      vertex -25.3746 -9.07918 0
      vertex -20.7542 -5.23531 0
    endloop
  endfacet
  facet normal -0 0 -1
    outer loop
      vertex -20.7542 -5.23531 0
      vertex -25.3746 -9.07918 0
      vertex -20.8011 -5.19969 0
    endloop
  endfacet
  facet normal -0 0 -1
    outer loop
      vertex -20.8011 -5.19969 0
      vertex -25.3746 -9.07918 0
      vertex -20.8462 -5.1618 0
    endloop
  endfacet
  facet normal 0 0 -1
    outer loop
      vertex -25.7895 -7.82317 0
      vertex -20.8462 -5.1618 0
      vertex -25.3746 -9.07918 0
    endloop
  endfacet
  facet normal -0 0 -1
    outer loop
      vertex -20.8462 -5.1618 0
      vertex -25.7895 -7.82317 0
      vertex -20.8894 -5.12175 0
    endloop
  endfacet
  facet normal -0 0 -1
    outer loop
      vertex -20.8894 -5.12175 0
      vertex -25.7895 -7.82317 0
      vertex -20.9305 -5.07963 0
    endloop
  endfacet
  facet normal -0 0 -1
    outer loop
      vertex -20.9305 -5.07963 0
      vertex -25.7895 -7.82317 0
      vertex -20.9696 -5.03554 0
    endloop
  endfacet
  facet normal -0 0 -1
    outer loop
      vertex -20.9696 -5.03554 0
      vertex -25.7895 -7.82317 0
      vertex -21.0064 -4.98958 0
    endloop
  endfacet
  facet normal -0 0 -1
    outer loop
      vertex -21.0064 -4.98958 0
      vertex -25.7895 -7.82317 0
      vertex -21.041 -4.94188 0
    endloop
  endfacet
  facet normal 0 0 -1
    outer loop
      vertex -26.1423 -6.54832 0
      vertex -21.041 -4.94188 0
      vertex -25.7895 -7.82317 0
    endloop
  endfacet
  facet normal -0 0 -1
    outer loop
      vertex -21.041 -4.94188 0
      vertex -26.1423 -6.54832 0
      vertex -21.0731 -4.89253 0
    endloop
  endfacet
  facet normal -0 0 -1
    outer loop
      vertex -21.0731 -4.89253 0
      vertex -26.1423 -6.54832 0
      vertex -21.1028 -4.84167 0
    endloop
  endfacet
  facet normal -0 0 -1
    outer loop
      vertex -21.1028 -4.84167 0
      vertex -26.1423 -6.54832 0
      vertex -21.13 -4.78941 0
    endloop
  endfacet
  facet normal -0 0 -1
    outer loop
      vertex -21.13 -4.78941 0
      vertex -26.1423 -6.54832 0
      vertex -21.1546 -4.73588 0
    endloop
  endfacet
  facet normal 0 0 -1
    outer loop
      vertex 9.57966 20.0147 0
      vertex 13.8551 23.1158 0
      vertex 9.58922 19.9566 0
    endloop
  endfacet
  facet normal 0 0 -1
    outer loop
      vertex 9.56726 20.0723 0
      vertex 13.8551 23.1158 0
      vertex 9.57966 20.0147 0
    endloop
  endfacet
  facet normal 0 0 -1
    outer loop
      vertex 9.55204 20.1292 0
      vertex 13.8551 23.1158 0
      vertex 9.56726 20.0723 0
    endloop
  endfacet
  facet normal 0 0 -1
    outer loop
      vertex 9.53406 20.1852 0
      vertex 13.8551 23.1158 0
      vertex 9.55204 20.1292 0
    endloop
  endfacet
  facet normal 0 0 -1
    outer loop
      vertex 9.51334 20.2404 0
      vertex 13.8551 23.1158 0
      vertex 9.53406 20.1852 0
    endloop
  endfacet
  facet normal -0 0 -1
    outer loop
      vertex 13.8551 23.1158 0
      vertex 9.51334 20.2404 0
      vertex 12.7041 23.7678 0
    endloop
  endfacet
  facet normal 0 0 -1
    outer loop
      vertex 9.48994 20.2944 0
      vertex 12.7041 23.7678 0
      vertex 9.51334 20.2404 0
    endloop
  endfacet
  facet normal 0 0 -1
    outer loop
      vertex 9.46392 20.3473 0
      vertex 12.7041 23.7678 0
      vertex 9.48994 20.2944 0
    endloop
  endfacet
  facet normal 0 0 -1
    outer loop
      vertex 9.43534 20.3988 0
      vertex 12.7041 23.7678 0
      vertex 9.46392 20.3473 0
    endloop
  endfacet
  facet normal 0 0 -1
    outer loop
      vertex 9.40426 20.4488 0
      vertex 12.7041 23.7678 0
      vertex 9.43534 20.3988 0
    endloop
  endfacet
  facet normal 0 0 -1
    outer loop
      vertex 9.37077 20.4973 0
      vertex 12.7041 23.7678 0
      vertex 9.40426 20.4488 0
    endloop
  endfacet
  facet normal 0 0 -1
    outer loop
      vertex 9.33494 20.544 0
      vertex 12.7041 23.7678 0
      vertex 9.37077 20.4973 0
    endloop
  endfacet
  facet normal -0 0 -1
    outer loop
      vertex 12.7041 23.7678 0
      vertex 9.33494 20.544 0
      vertex 11.5226 24.3625 0
    endloop
  endfacet
  facet normal 0 0 -1
    outer loop
      vertex 9.29686 20.5889 0
      vertex 11.5226 24.3625 0
      vertex 9.33494 20.544 0
    endloop
  endfacet
  facet normal 0 0 -1
    outer loop
      vertex 9.25662 20.6319 0
      vertex 11.5226 24.3625 0
      vertex 9.29686 20.5889 0
    endloop
  endfacet
  facet normal 0 0 -1
    outer loop
      vertex 9.21432 20.6729 0
      vertex 11.5226 24.3625 0
      vertex 9.25662 20.6319 0
    endloop
  endfacet
  facet normal 0 0 -1
    outer loop
      vertex 9.17006 20.7118 0
      vertex 11.5226 24.3625 0
      vertex 9.21432 20.6729 0
    endloop
  endfacet
  facet normal 0 0 -1
    outer loop
      vertex 9.12394 20.7484 0
      vertex 11.5226 24.3625 0
      vertex 9.17006 20.7118 0
    endloop
  endfacet
  facet normal 0 0 -1
    outer loop
      vertex 9.07609 20.7828 0
      vertex 11.5226 24.3625 0
      vertex 9.12394 20.7484 0
    endloop
  endfacet
  facet normal 0 0 -1
    outer loop
      vertex 9.0266 20.8147 0
      vertex 11.5226 24.3625 0
      vertex 9.07609 20.7828 0
    endloop
  endfacet
  facet normal -0 0 -1
    outer loop
      vertex 11.5226 24.3625 0
      vertex 9.0266 20.8147 0
      vertex 10.3133 24.8986 0
    endloop
  endfacet
  facet normal 0 0 -1
    outer loop
      vertex 8.97561 20.8442 0
      vertex 10.3133 24.8986 0
      vertex 9.0266 20.8147 0
    endloop
  endfacet
  facet normal 0 0 -1
    outer loop
      vertex 8.92323 20.8711 0
      vertex 10.3133 24.8986 0
      vertex 8.97561 20.8442 0
    endloop
  endfacet
  facet normal 0 0 -1
    outer loop
      vertex 8.8696 20.8955 0
      vertex 10.3133 24.8986 0
      vertex 8.92323 20.8711 0
    endloop
  endfacet
  facet normal 0 0 -1
    outer loop
      vertex 8.81483 20.9171 0
      vertex 10.3133 24.8986 0
      vertex 8.8696 20.8955 0
    endloop
  endfacet
  facet normal 0 0 -1
    outer loop
      vertex 8.75907 20.9361 0
      vertex 10.3133 24.8986 0
      vertex 8.81483 20.9171 0
    endloop
  endfacet
  facet normal 0 0 -1
    outer loop
      vertex 8.70244 20.9523 0
      vertex 10.3133 24.8986 0
      vertex 8.75907 20.9361 0
    endloop
  endfacet
  facet normal 0 0 -1
    outer loop
      vertex 8.64509 20.9657 0
      vertex 10.3133 24.8986 0
      vertex 8.70244 20.9523 0
    endloop
  endfacet
  facet normal 0 0 -1
    outer loop
      vertex 8.58715 20.9763 0
      vertex 10.3133 24.8986 0
      vertex 8.64509 20.9657 0
    endloop
  endfacet
  facet normal -0 0 -1
    outer loop
      vertex 10.3133 24.8986 0
      vertex 8.58715 20.9763 0
      vertex 9.07918 25.3746 0
    endloop
  endfacet
  facet normal 0 0 -1
    outer loop
      vertex 8.52876 20.984 0
      vertex 9.07918 25.3746 0
      vertex 8.58715 20.9763 0
    endloop
  endfacet
  facet normal 0 0 -1
    outer loop
      vertex 8.47006 20.9888 0
      vertex 9.07918 25.3746 0
      vertex 8.52876 20.984 0
    endloop
  endfacet
  facet normal 0 0 -1
    outer loop
      vertex 8.41119 20.9908 0
      vertex 9.07918 25.3746 0
      vertex 8.47006 20.9888 0
    endloop
  endfacet
  facet normal 0 0 -1
    outer loop
      vertex 8.3523 20.9899 0
      vertex 9.07918 25.3746 0
      vertex 8.41119 20.9908 0
    endloop
  endfacet
  facet normal 0 0 -1
    outer loop
      vertex 6.5 21.9 0
      vertex 8.3523 20.9899 0
      vertex 8.29352 20.9861 0
    endloop
  endfacet
  facet normal 0 0 -1
    outer loop
      vertex 6.5 21.9 0
      vertex 8.29352 20.9861 0
      vertex 8.23501 20.9794 0
    endloop
  endfacet
  facet normal 0 0 -1
    outer loop
      vertex 6.5 21.9 0
      vertex 8.23501 20.9794 0
      vertex 8.17689 20.9698 0
    endloop
  endfacet
  facet normal 0 0 -1
    outer loop
      vertex 6.5 21.9 0
      vertex 8.17689 20.9698 0
      vertex 8.11931 20.9574 0
    endloop
  endfacet
  facet normal 0 0 -1
    outer loop
      vertex 6.5 21.9 0
      vertex 8.11931 20.9574 0
      vertex 8.06241 20.9422 0
    endloop
  endfacet
  facet normal 0 0 -1
    outer loop
      vertex 6.5 21.9 0
      vertex 8.06241 20.9422 0
      vertex 8.00633 20.9242 0
    endloop
  endfacet
  facet normal 0 0 -1
    outer loop
      vertex 6.5 21.9 0
      vertex 8.00633 20.9242 0
      vertex 7.95119 20.9035 0
    endloop
  endfacet
  facet normal 0 0 -1
    outer loop
      vertex 6.5 21.9 0
      vertex 7.95119 20.9035 0
      vertex 7.89714 20.8801 0
    endloop
  endfacet
  facet normal 0 0 -1
    outer loop
      vertex 6.5 21.9 0
      vertex 7.89714 20.8801 0
      vertex 7.8443 20.8541 0
    endloop
  endfacet
  facet normal 0 0 -1
    outer loop
      vertex 8.3523 20.9899 0
      vertex 6.5 21.9 0
      vertex 9.07918 25.3746 0
    endloop
  endfacet
  facet normal 0 0 -1
    outer loop
      vertex 6.5 21.9 0
      vertex 7.8443 20.8541 0
      vertex 7.7928 20.8255 0
    endloop
  endfacet
  facet normal 0 0 -1
    outer loop
      vertex 6.5 21.9 0
      vertex 7.7928 20.8255 0
      vertex 7.74277 20.7944 0
    endloop
  endfacet
  facet normal 0 0 -1
    outer loop
      vertex 6.5 21.9 0
      vertex 7.74277 20.7944 0
      vertex 7.69432 20.7609 0
    endloop
  endfacet
  facet normal 0 0 -1
    outer loop
      vertex 6.5 21.9 0
      vertex 7.69432 20.7609 0
      vertex 7.64757 20.7251 0
    endloop
  endfacet
  facet normal 0 0 -1
    outer loop
      vertex 6.5 21.9 0
      vertex 7.64757 20.7251 0
      vertex 7.60264 20.687 0
    endloop
  endfacet
  facet normal 0 0 -1
    outer loop
      vertex 6.5 21.9 0
      vertex 7.60264 20.687 0
      vertex 7.55963 20.6468 0
    endloop
  endfacet
  facet normal 0 0 -1
    outer loop
      vertex 6.5 21.9 0
      vertex 7.55963 20.6468 0
      vertex 7.51864 20.6045 0
    endloop
  endfacet
  facet normal 0 0 -1
    outer loop
      vertex 6.5 21.9 0
      vertex 7.51864 20.6045 0
      vertex 7.47978 20.5602 0
    endloop
  endfacet
  facet normal 0 0 -1
    outer loop
      vertex 6.5 21.9 0
      vertex 7.47978 20.5602 0
      vertex 7.44314 20.5141 0
    endloop
  endfacet
  facet normal 0 0 -1
    outer loop
      vertex 6.5 21.9 0
      vertex 7.44314 20.5141 0
      vertex 7.40881 20.4662 0
    endloop
  endfacet
  facet normal 0 0 -1
    outer loop
      vertex 6.5 21.9 0
      vertex 7.40881 20.4662 0
      vertex 7.37687 20.4167 0
    endloop
  endfacet
  facet normal 0 0 -1
    outer loop
      vertex 6.5 21.9 0
      vertex 7.37687 20.4167 0
      vertex 7.34739 20.3657 0
    endloop
  endfacet
  facet normal 0 0 -1
    outer loop
      vertex 6.5 21.9 0
      vertex 7.34739 20.3657 0
      vertex 7.32045 20.3134 0
    endloop
  endfacet
  facet normal 0 0 -1
    outer loop
      vertex 6.5 21.9 0
      vertex 7.32045 20.3134 0
      vertex 7.29611 20.2597 0
    endloop
  endfacet
  facet normal 0 0 -1
    outer loop
      vertex 6.5 21.9 0
      vertex 7.29611 20.2597 0
      vertex 7.27444 20.205 0
    endloop
  endfacet
  facet normal 0 0 -1
    outer loop
      vertex 6.5 21.9 0
      vertex 7.27444 20.205 0
      vertex 7.25547 20.1492 0
    endloop
  endfacet
  facet normal 0 0 -1
    outer loop
      vertex 6.5 21.9 0
      vertex 7.25547 20.1492 0
      vertex 7.23927 20.0926 0
    endloop
  endfacet
  facet normal 0 0 -1
    outer loop
      vertex 6.5 21.9 0
      vertex 7.23927 20.0926 0
      vertex 7.22586 20.0352 0
    endloop
  endfacet
  facet normal 0 0 -1
    outer loop
      vertex 6.5 21.9 0
      vertex 7.22586 20.0352 0
      vertex 7.21529 19.9773 0
    endloop
  endfacet
  facet normal 0 0 -1
    outer loop
      vertex 6.5 21.9 0
      vertex 7.21529 19.9773 0
      vertex 7.20757 19.9189 0
    endloop
  endfacet
  facet normal -0 0 -1
    outer loop
      vertex 9.07918 25.3746 0
      vertex 6.5 21.9 0
      vertex 7.82317 25.7895 0
    endloop
  endfacet
  facet normal 0 0 -1
    outer loop
      vertex 6.5 21.9 0
      vertex 7.20757 19.9189 0
      vertex 7.20272 19.8602 0
    endloop
  endfacet
  facet normal 0 0 -1
    outer loop
      vertex 6.5 21.9 0
      vertex 7.20272 19.8602 0
      vertex 7.20076 19.8013 0
    endloop
  endfacet
  facet normal 0 0 -1
    outer loop
      vertex 6.5 21.9 0
      vertex 7.20076 19.8013 0
      vertex 7.2017 19.7424 0
    endloop
  endfacet
  facet normal 0 0 -1
    outer loop
      vertex 7.21222 19.6251 0
      vertex 6.5 21.9 0
      vertex 7.20552 19.6837 0
    endloop
  endfacet
  facet normal 0 0 -1
    outer loop
      vertex -18.8564 -4.36417 0
      vertex 6.54832 -26.1423 0
      vertex 5.25768 -26.4322 0
    endloop
  endfacet
  facet normal 0 0 -1
    outer loop
      vertex -18.8564 -4.36417 0
      vertex 5.25768 -26.4322 0
      vertex 3.95439 -26.6583 0
    endloop
  endfacet
  facet normal 0 0 -1
    outer loop
      vertex -18.8564 -4.36417 0
      vertex 3.95439 -26.6583 0
      vertex 2.64156 -26.8202 0
    endloop
  endfacet
  facet normal 0 0 -1
    outer loop
      vertex -18.8564 -4.36417 0
      vertex 2.64156 -26.8202 0
      vertex 1.32237 -26.9175 0
    endloop
  endfacet
  facet normal 0 0 -1
    outer loop
      vertex -18.8564 -4.36417 0
      vertex 1.32237 -26.9175 0
      vertex 0 -26.95 0
    endloop
  endfacet
  facet normal 0 0 -1
    outer loop
      vertex -18.8564 -4.36417 0
      vertex 0 -26.95 0
      vertex -1.32237 -26.9175 0
    endloop
  endfacet
  facet normal 0 0 -1
    outer loop
      vertex -18.8564 -4.36417 0
      vertex -1.32237 -26.9175 0
      vertex -2.64156 -26.8202 0
    endloop
  endfacet
  facet normal 0 0 -1
    outer loop
      vertex -18.8564 -4.36417 0
      vertex -2.64156 -26.8202 0
      vertex -3.95439 -26.6583 0
    endloop
  endfacet
  facet normal 0 0 -1
    outer loop
      vertex -18.8564 -4.36417 0
      vertex -3.95439 -26.6583 0
      vertex -5.25768 -26.4322 0
    endloop
  endfacet
  facet normal 0 0 -1
    outer loop
      vertex 13.5269 -16.4849 0
      vertex -18.8528 -4.30538 0
      vertex 13.5648 -16.4399 0
    endloop
  endfacet
  facet normal 0 -0 -1
    outer loop
      vertex -18.8521 -4.24648 0
      vertex 13.5648 -16.4399 0
      vertex -18.8528 -4.30538 0
    endloop
  endfacet
  facet normal 0 0 -1
    outer loop
      vertex -18.8564 -4.36417 0
      vertex -5.25768 -26.4322 0
      vertex -6.54832 -26.1423 0
    endloop
  endfacet
  facet normal 0 0 -1
    outer loop
      vertex 6.5 13.9 0
      vertex 26.9175 -1.32237 0
      vertex 14.2158 -16.0617 0
    endloop
  endfacet
  facet normal 0 0 -1
    outer loop
      vertex 14.2158 -16.0617 0
      vertex 26.9175 -1.32237 0
      vertex 26.8202 -2.64156 0
    endloop
  endfacet
  facet normal 0 0 -1
    outer loop
      vertex 6.5 13.9 0
      vertex 14.2158 -16.0617 0
      vertex 14.1585 -16.0752 0
    endloop
  endfacet
  facet normal 0 0 -1
    outer loop
      vertex 14.2737 -16.051 0
      vertex 26.8202 -2.64156 0
      vertex 26.6583 -3.95439 0
    endloop
  endfacet
  facet normal 0 0 -1
    outer loop
      vertex 26.9175 -1.32237 0
      vertex 6.5 13.9 0
      vertex 26.95 0 0
    endloop
  endfacet
  facet normal 0 0 -1
    outer loop
      vertex 14.3321 -16.0431 0
      vertex 26.6583 -3.95439 0
      vertex 26.4322 -5.25768 0
    endloop
  endfacet
  facet normal 0 0 -1
    outer loop
      vertex 26.95 0 0
      vertex 6.5 13.9 0
      vertex 26.9175 1.32237 0
    endloop
  endfacet
  facet normal 0 0 -1
    outer loop
      vertex 14.3908 -16.0382 0
      vertex 26.4322 -5.25768 0
      vertex 26.1423 -6.54832 0
    endloop
  endfacet
  facet normal 0 0 -1
    outer loop
      vertex 26.8202 -2.64156 0
      vertex 14.2737 -16.051 0
      vertex 14.2158 -16.0617 0
    endloop
  endfacet
  facet normal 0 0 -1
    outer loop
      vertex 14.4496 -16.0361 0
      vertex 26.1423 -6.54832 0
      vertex 25.7895 -7.82317 0
    endloop
  endfacet
  facet normal 0 0 -1
    outer loop
      vertex 26.9175 1.32237 0
      vertex 6.5 13.9 0
      vertex 26.8202 2.64156 0
    endloop
  endfacet
  facet normal 0 0 -1
    outer loop
      vertex 14.5085 -16.0369 0
      vertex 25.7895 -7.82317 0
      vertex 25.3746 -9.07918 0
    endloop
  endfacet
  facet normal 0 0 -1
    outer loop
      vertex 6.5 13.9 0
      vertex 26.6583 3.95439 0
      vertex 26.8202 2.64156 0
    endloop
  endfacet
  facet normal 0 0 -1
    outer loop
      vertex 14.5673 -16.0406 0
      vertex 25.3746 -9.07918 0
      vertex 24.8986 -10.3133 0
    endloop
  endfacet
  facet normal 0 0 -1
    outer loop
      vertex 26.6583 -3.95439 0
      vertex 14.3321 -16.0431 0
      vertex 14.2737 -16.051 0
    endloop
  endfacet
  facet normal 0 0 -1
    outer loop
      vertex 14.684 -16.0566 0
      vertex 24.8986 -10.3133 0
      vertex 24.3625 -11.5226 0
    endloop
  endfacet
  facet normal 0 0 -1
    outer loop
      vertex 26.4322 -5.25768 0
      vertex 14.3908 -16.0382 0
      vertex 14.3321 -16.0431 0
    endloop
  endfacet
  facet normal 0 0 -1
    outer loop
      vertex 14.7985 -16.0839 0
      vertex 24.3625 -11.5226 0
      vertex 23.7678 -12.7041 0
    endloop
  endfacet
  facet normal 0 0 -1
    outer loop
      vertex 26.1423 -6.54832 0
      vertex 14.4496 -16.0361 0
      vertex 14.3908 -16.0382 0
    endloop
  endfacet
  facet normal 0 0 -1
    outer loop
      vertex 14.9098 -16.1224 0
      vertex 23.7678 -12.7041 0
      vertex 23.1158 -13.8551 0
    endloop
  endfacet
  facet normal 0 0 -1
    outer loop
      vertex 25.7895 -7.82317 0
      vertex 14.5085 -16.0369 0
      vertex 14.4496 -16.0361 0
    endloop
  endfacet
  facet normal 0 0 -1
    outer loop
      vertex 15.0684 -16.2001 0
      vertex 23.1158 -13.8551 0
      vertex 22.4081 -14.9726 0
    endloop
  endfacet
  facet normal 0 0 -1
    outer loop
      vertex 24.8986 -10.3133 0
      vertex 14.6258 -16.0471 0
      vertex 14.5673 -16.0406 0
    endloop
  endfacet
  facet normal 0 0 -1
    outer loop
      vertex 15.2588 -16.3381 0
      vertex 22.4081 -14.9726 0
      vertex 21.6464 -16.0541 0
    endloop
  endfacet
  facet normal 0 0 -1
    outer loop
      vertex 24.3625 -11.5226 0
      vertex 14.7416 -16.0689 0
      vertex 14.684 -16.0566 0
    endloop
  endfacet
  facet normal 0 0 -1
    outer loop
      vertex 15.4187 -16.5107 0
      vertex 21.6464 -16.0541 0
      vertex 20.8326 -17.0969 0
    endloop
  endfacet
  facet normal 0 0 -1
    outer loop
      vertex 23.7678 -12.7041 0
      vertex 14.8546 -16.1018 0
      vertex 14.7985 -16.0839 0
    endloop
  endfacet
  facet normal 0 0 -1
    outer loop
      vertex 15.5881 -16.8194 0
      vertex 20.8326 -17.0969 0
      vertex 19.9686 -18.0985 0
    endloop
  endfacet
  facet normal 0 0 -1
    outer loop
      vertex 23.1158 -13.8551 0
      vertex 15.0684 -16.2001 0
      vertex 15.0168 -16.1716 0
    endloop
  endfacet
  facet normal 0 0 -1
    outer loop
      vertex 15.6606 -17.164 0
      vertex 19.9686 -18.0985 0
      vertex 19.0565 -19.0565 0
    endloop
  endfacet
  facet normal 0 0 -1
    outer loop
      vertex 22.4081 -14.9726 0
      vertex 15.2588 -16.3381 0
      vertex 15.2138 -16.3001 0
    endloop
  endfacet
  facet normal 0 0 -1
    outer loop
      vertex 15.5969 -17.6279 0
      vertex 19.0565 -19.0565 0
      vertex 18.0985 -19.9686 0
    endloop
  endfacet
  facet normal 0 0 -1
    outer loop
      vertex 20.8326 -17.0969 0
      vertex 15.4532 -16.5585 0
      vertex 15.4187 -16.5107 0
    endloop
  endfacet
  facet normal 0 0 -1
    outer loop
      vertex 15.3606 -18.0321 0
      vertex 18.0985 -19.9686 0
      vertex 17.0969 -20.8326 0
    endloop
  endfacet
  facet normal 0 0 -1
    outer loop
      vertex 19.9686 -18.0985 0
      vertex 15.6072 -16.8752 0
      vertex 15.5881 -16.8194 0
    endloop
  endfacet
  facet normal 0 0 -1
    outer loop
      vertex 14.934 -18.3396 0
      vertex 17.0969 -20.8326 0
      vertex 16.0541 -21.6464 0
    endloop
  endfacet
  facet normal 0 0 -1
    outer loop
      vertex 19.9686 -18.0985 0
      vertex 15.6606 -17.164 0
      vertex 15.6556 -17.1054 0
    endloop
  endfacet
  facet normal 0 0 -1
    outer loop
      vertex 19.0565 -19.0565 0
      vertex 15.6626 -17.2229 0
      vertex 15.6606 -17.164 0
    endloop
  endfacet
  facet normal 0 0 -1
    outer loop
      vertex 19.0565 -19.0565 0
      vertex 15.6618 -17.2818 0
      vertex 15.6626 -17.2229 0
    endloop
  endfacet
  facet normal 0 0 -1
    outer loop
      vertex 19.0565 -19.0565 0
      vertex 15.6582 -17.3406 0
      vertex 15.6618 -17.2818 0
    endloop
  endfacet
  facet normal 0 0 -1
    outer loop
      vertex 19.0565 -19.0565 0
      vertex 15.6516 -17.3991 0
      vertex 15.6582 -17.3406 0
    endloop
  endfacet
  facet normal 0 0 -1
    outer loop
      vertex 19.0565 -19.0565 0
      vertex 15.6421 -17.4573 0
      vertex 15.6516 -17.3991 0
    endloop
  endfacet
  facet normal 0 0 -1
    outer loop
      vertex 19.0565 -19.0565 0
      vertex 15.6299 -17.5149 0
      vertex 15.6421 -17.4573 0
    endloop
  endfacet
  facet normal 0 0 -1
    outer loop
      vertex 19.0565 -19.0565 0
      vertex 15.6148 -17.5718 0
      vertex 15.6299 -17.5149 0
    endloop
  endfacet
  facet normal 0 0 -1
    outer loop
      vertex 19.0565 -19.0565 0
      vertex 15.5969 -17.6279 0
      vertex 15.6148 -17.5718 0
    endloop
  endfacet
  facet normal 0 0 -1
    outer loop
      vertex 18.0985 -19.9686 0
      vertex 15.5763 -17.6831 0
      vertex 15.5969 -17.6279 0
    endloop
  endfacet
  facet normal 0 0 -1
    outer loop
      vertex 18.0985 -19.9686 0
      vertex 15.553 -17.7372 0
      vertex 15.5763 -17.6831 0
    endloop
  endfacet
  facet normal 0 0 -1
    outer loop
      vertex 18.0985 -19.9686 0
      vertex 15.5271 -17.7901 0
      vertex 15.553 -17.7372 0
    endloop
  endfacet
  facet normal 0 0 -1
    outer loop
      vertex 18.0985 -19.9686 0
      vertex 15.4987 -17.8417 0
      vertex 15.5271 -17.7901 0
    endloop
  endfacet
  facet normal 0 0 -1
    outer loop
      vertex 18.0985 -19.9686 0
      vertex 15.4677 -17.8918 0
      vertex 15.4987 -17.8417 0
    endloop
  endfacet
  facet normal 0 0 -1
    outer loop
      vertex 18.0985 -19.9686 0
      vertex 15.4343 -17.9403 0
      vertex 15.4677 -17.8918 0
    endloop
  endfacet
  facet normal 0 0 -1
    outer loop
      vertex 18.0985 -19.9686 0
      vertex 15.3986 -17.9871 0
      vertex 15.4343 -17.9403 0
    endloop
  endfacet
  facet normal 0 0 -1
    outer loop
      vertex 18.0985 -19.9686 0
      vertex 15.3606 -18.0321 0
      vertex 15.3986 -17.9871 0
    endloop
  endfacet
  facet normal 0 0 -1
    outer loop
      vertex 17.0969 -20.8326 0
      vertex 15.3205 -18.0752 0
      vertex 15.3606 -18.0321 0
    endloop
  endfacet
  facet normal 0 0 -1
    outer loop
      vertex 17.0969 -20.8326 0
      vertex 15.2782 -18.1163 0
      vertex 15.3205 -18.0752 0
    endloop
  endfacet
  facet normal 0 0 -1
    outer loop
      vertex 17.0969 -20.8326 0
      vertex 15.2341 -18.1553 0
      vertex 15.2782 -18.1163 0
    endloop
  endfacet
  facet normal 0 0 -1
    outer loop
      vertex 17.0969 -20.8326 0
      vertex 15.188 -18.192 0
      vertex 15.2341 -18.1553 0
    endloop
  endfacet
  facet normal 0 0 -1
    outer loop
      vertex 17.0969 -20.8326 0
      vertex 15.1402 -18.2264 0
      vertex 15.188 -18.192 0
    endloop
  endfacet
  facet normal 0 0 -1
    outer loop
      vertex 17.0969 -20.8326 0
      vertex 15.0908 -18.2585 0
      vertex 15.1402 -18.2264 0
    endloop
  endfacet
  facet normal 0 0 -1
    outer loop
      vertex 17.0969 -20.8326 0
      vertex 15.0399 -18.2881 0
      vertex 15.0908 -18.2585 0
    endloop
  endfacet
  facet normal 0 0 -1
    outer loop
      vertex 17.0969 -20.8326 0
      vertex 14.9876 -18.3151 0
      vertex 15.0399 -18.2881 0
    endloop
  endfacet
  facet normal 0 0 -1
    outer loop
      vertex 14.4758 -18.4359 0
      vertex 16.0541 -21.6464 0
      vertex 14.9726 -22.4081 0
    endloop
  endfacet
  facet normal 0 0 -1
    outer loop
      vertex 17.0969 -20.8326 0
      vertex 14.934 -18.3396 0
      vertex 14.9876 -18.3151 0
    endloop
  endfacet
  facet normal 0 0 -1
    outer loop
      vertex 16.0541 -21.6464 0
      vertex 14.8793 -18.3614 0
      vertex 14.934 -18.3396 0
    endloop
  endfacet
  facet normal 0 0 -1
    outer loop
      vertex 16.0541 -21.6464 0
      vertex 14.8236 -18.3805 0
      vertex 14.8793 -18.3614 0
    endloop
  endfacet
  facet normal 0 0 -1
    outer loop
      vertex 16.0541 -21.6464 0
      vertex 14.767 -18.3968 0
      vertex 14.8236 -18.3805 0
    endloop
  endfacet
  facet normal 0 0 -1
    outer loop
      vertex 16.0541 -21.6464 0
      vertex 14.7097 -18.4103 0
      vertex 14.767 -18.3968 0
    endloop
  endfacet
  facet normal 0 0 -1
    outer loop
      vertex 16.0541 -21.6464 0
      vertex 14.6517 -18.421 0
      vertex 14.7097 -18.4103 0
    endloop
  endfacet
  facet normal 0 0 -1
    outer loop
      vertex 16.0541 -21.6464 0
      vertex 14.5934 -18.4289 0
      vertex 14.6517 -18.421 0
    endloop
  endfacet
  facet normal 0 0 -1
    outer loop
      vertex 16.0541 -21.6464 0
      vertex 14.5347 -18.4338 0
      vertex 14.5934 -18.4289 0
    endloop
  endfacet
  facet normal 0 0 -1
    outer loop
      vertex 16.0541 -21.6464 0
      vertex 14.4758 -18.4359 0
      vertex 14.5347 -18.4338 0
    endloop
  endfacet
  facet normal 0 0 -1
    outer loop
      vertex 14.9726 -22.4081 0
      vertex 14.4169 -18.4351 0
      vertex 14.4758 -18.4359 0
    endloop
  endfacet
  facet normal 0 0 -1
    outer loop
      vertex 14.9726 -22.4081 0
      vertex 14.3581 -18.4314 0
      vertex 14.4169 -18.4351 0
    endloop
  endfacet
  facet normal 0 0 -1
    outer loop
      vertex 14.9726 -22.4081 0
      vertex 14.2996 -18.4249 0
      vertex 14.3581 -18.4314 0
    endloop
  endfacet
  facet normal 0 0 -1
    outer loop
      vertex 14.9726 -22.4081 0
      vertex 14.2415 -18.4154 0
      vertex 14.2996 -18.4249 0
    endloop
  endfacet
  facet normal 0 0 -1
    outer loop
      vertex 14.9726 -22.4081 0
      vertex 14.1839 -18.4031 0
      vertex 14.2415 -18.4154 0
    endloop
  endfacet
  facet normal 0 0 -1
    outer loop
      vertex 14.9726 -22.4081 0
      vertex 14.1269 -18.3881 0
      vertex 14.1839 -18.4031 0
    endloop
  endfacet
  facet normal 0 0 -1
    outer loop
      vertex 14.9726 -22.4081 0
      vertex 14.0708 -18.3702 0
      vertex 14.1269 -18.3881 0
    endloop
  endfacet
  facet normal 0 0 -1
    outer loop
      vertex 14.9726 -22.4081 0
      vertex 14.0156 -18.3496 0
      vertex 14.0708 -18.3702 0
    endloop
  endfacet
  facet normal 0 0 -1
    outer loop
      vertex 13.8551 -23.1158 0
      vertex 14.0156 -18.3496 0
      vertex 14.9726 -22.4081 0
    endloop
  endfacet
  facet normal -0 0 -1
    outer loop
      vertex 14.0156 -18.3496 0
      vertex 13.8551 -23.1158 0
      vertex 13.9615 -18.3263 0
    endloop
  endfacet
  facet normal -0 0 -1
    outer loop
      vertex 13.9615 -18.3263 0
      vertex 13.8551 -23.1158 0
      vertex 13.9086 -18.3004 0
    endloop
  endfacet
  facet normal -0 0 -1
    outer loop
      vertex 13.9086 -18.3004 0
      vertex 13.8551 -23.1158 0
      vertex 13.8571 -18.2719 0
    endloop
  endfacet
  facet normal 0 0 -1
    outer loop
      vertex 13.8551 -23.1158 0
      vertex 13.807 -18.241 0
      vertex 13.8571 -18.2719 0
    endloop
  endfacet
  facet normal 0 0 -1
    outer loop
      vertex 13.8551 -23.1158 0
      vertex 13.7584 -18.2076 0
      vertex 13.807 -18.241 0
    endloop
  endfacet
  facet normal 0 0 -1
    outer loop
      vertex 13.8551 -23.1158 0
      vertex 13.7116 -18.1719 0
      vertex 13.7584 -18.2076 0
    endloop
  endfacet
  facet normal 0 0 -1
    outer loop
      vertex 12.7041 -23.7678 0
      vertex 13.7116 -18.1719 0
      vertex 13.8551 -23.1158 0
    endloop
  endfacet
  facet normal -0 0 -1
    outer loop
      vertex 13.7116 -18.1719 0
      vertex 12.7041 -23.7678 0
      vertex 13.6666 -18.1339 0
    endloop
  endfacet
  facet normal -0 0 -1
    outer loop
      vertex 13.6666 -18.1339 0
      vertex 12.7041 -23.7678 0
      vertex 13.6235 -18.0937 0
    endloop
  endfacet
  facet normal -0 0 -1
    outer loop
      vertex 13.6235 -18.0937 0
      vertex 12.7041 -23.7678 0
      vertex 13.5824 -18.0515 0
    endloop
  endfacet
  facet normal -0 0 -1
    outer loop
      vertex 13.5824 -18.0515 0
      vertex 12.7041 -23.7678 0
      vertex 13.5435 -18.0073 0
    endloop
  endfacet
  facet normal -0 0 -1
    outer loop
      vertex 13.5435 -18.0073 0
      vertex 12.7041 -23.7678 0
      vertex 13.5067 -17.9613 0
    endloop
  endfacet
  facet normal 0 0 -1
    outer loop
      vertex 11.5226 -24.3625 0
      vertex 13.5067 -17.9613 0
      vertex 12.7041 -23.7678 0
    endloop
  endfacet
  facet normal -0 0 -1
    outer loop
      vertex 13.5067 -17.9613 0
      vertex 11.5226 -24.3625 0
      vertex 13.4723 -17.9135 0
    endloop
  endfacet
  facet normal -0 0 -1
    outer loop
      vertex 13.4723 -17.9135 0
      vertex 11.5226 -24.3625 0
      vertex 13.4402 -17.8641 0
    endloop
  endfacet
  facet normal -0 0 -1
    outer loop
      vertex 13.4402 -17.8641 0
      vertex 11.5226 -24.3625 0
      vertex 13.4106 -17.8132 0
    endloop
  endfacet
  facet normal -0 0 -1
    outer loop
      vertex 13.4106 -17.8132 0
      vertex 11.5226 -24.3625 0
      vertex 13.3836 -17.7609 0
    endloop
  endfacet
  facet normal 0 0 -1
    outer loop
      vertex 10.3133 -24.8986 0
      vertex 13.3836 -17.7609 0
      vertex 11.5226 -24.3625 0
    endloop
  endfacet
  facet normal -0 0 -1
    outer loop
      vertex 13.3836 -17.7609 0
      vertex 10.3133 -24.8986 0
      vertex 13.3591 -17.7073 0
    endloop
  endfacet
  facet normal -0 0 -1
    outer loop
      vertex 13.3591 -17.7073 0
      vertex 10.3133 -24.8986 0
      vertex 13.3373 -17.6526 0
    endloop
  endfacet
  facet normal -0 0 -1
    outer loop
      vertex 13.3373 -17.6526 0
      vertex 10.3133 -24.8986 0
      vertex 13.3183 -17.5968 0
    endloop
  endfacet
  facet normal 0 0 -1
    outer loop
      vertex 9.07918 -25.3746 0
      vertex 13.3183 -17.5968 0
      vertex 10.3133 -24.8986 0
    endloop
  endfacet
  facet normal -0 0 -1
    outer loop
      vertex 13.2884 -17.4829 0
      vertex 9.07918 -25.3746 0
      vertex 13.2777 -17.425 0
    endloop
  endfacet
  facet normal -0 0 -1
    outer loop
      vertex 13.3019 -17.5403 0
      vertex 9.07918 -25.3746 0
      vertex 13.2884 -17.4829 0
    endloop
  endfacet
  facet normal -0 0 -1
    outer loop
      vertex 13.3183 -17.5968 0
      vertex 9.07918 -25.3746 0
      vertex 13.3019 -17.5403 0
    endloop
  endfacet
  facet normal 0 0 -1
    outer loop
      vertex 19.9686 -18.0985 0
      vertex 15.6556 -17.1054 0
      vertex 15.6477 -17.047 0
    endloop
  endfacet
  facet normal 0 0 -1
    outer loop
      vertex 19.9686 -18.0985 0
      vertex 15.6477 -17.047 0
      vertex 15.637 -16.9891 0
    endloop
  endfacet
  facet normal 0 0 -1
    outer loop
      vertex 19.9686 -18.0985 0
      vertex 15.637 -16.9891 0
      vertex 15.6235 -16.9317 0
    endloop
  endfacet
  facet normal 0 0 -1
    outer loop
      vertex 19.9686 -18.0985 0
      vertex 15.6235 -16.9317 0
      vertex 15.6072 -16.8752 0
    endloop
  endfacet
  facet normal 0 0 -1
    outer loop
      vertex 20.8326 -17.0969 0
      vertex 15.5881 -16.8194 0
      vertex 15.5663 -16.7647 0
    endloop
  endfacet
  facet normal 0 0 -1
    outer loop
      vertex 20.8326 -17.0969 0
      vertex 15.5663 -16.7647 0
      vertex 15.5418 -16.7111 0
    endloop
  endfacet
  facet normal 0 0 -1
    outer loop
      vertex 20.8326 -17.0969 0
      vertex 15.5418 -16.7111 0
      vertex 15.5148 -16.6588 0
    endloop
  endfacet
  facet normal 0 0 -1
    outer loop
      vertex 20.8326 -17.0969 0
      vertex 15.5148 -16.6588 0
      vertex 15.4852 -16.6079 0
    endloop
  endfacet
  facet normal 0 0 -1
    outer loop
      vertex 20.8326 -17.0969 0
      vertex 15.4852 -16.6079 0
      vertex 15.4532 -16.5585 0
    endloop
  endfacet
  facet normal 0 0 -1
    outer loop
      vertex 21.6464 -16.0541 0
      vertex 15.4187 -16.5107 0
      vertex 15.382 -16.4647 0
    endloop
  endfacet
  facet normal 0 0 -1
    outer loop
      vertex 21.6464 -16.0541 0
      vertex 15.382 -16.4647 0
      vertex 15.343 -16.4205 0
    endloop
  endfacet
  facet normal 0 0 -1
    outer loop
      vertex 21.6464 -16.0541 0
      vertex 15.343 -16.4205 0
      vertex 15.3019 -16.3783 0
    endloop
  endfacet
  facet normal 0 0 -1
    outer loop
      vertex 21.6464 -16.0541 0
      vertex 15.3019 -16.3783 0
      vertex 15.2588 -16.3381 0
    endloop
  endfacet
  facet normal 0 0 -1
    outer loop
      vertex 22.4081 -14.9726 0
      vertex 15.2138 -16.3001 0
      vertex 15.167 -16.2644 0
    endloop
  endfacet
  facet normal 0 0 -1
    outer loop
      vertex 22.4081 -14.9726 0
      vertex 15.167 -16.2644 0
      vertex 15.1185 -16.231 0
    endloop
  endfacet
  facet normal 0 0 -1
    outer loop
      vertex 22.4081 -14.9726 0
      vertex 15.1185 -16.231 0
      vertex 15.0684 -16.2001 0
    endloop
  endfacet
  facet normal 0 0 -1
    outer loop
      vertex 23.1158 -13.8551 0
      vertex 15.0168 -16.1716 0
      vertex 14.9639 -16.1457 0
    endloop
  endfacet
  facet normal 0 0 -1
    outer loop
      vertex 23.1158 -13.8551 0
      vertex 14.9639 -16.1457 0
      vertex 14.9098 -16.1224 0
    endloop
  endfacet
  facet normal 0 0 -1
    outer loop
      vertex 23.7678 -12.7041 0
      vertex 14.9098 -16.1224 0
      vertex 14.8546 -16.1018 0
    endloop
  endfacet
  facet normal 0 0 -1
    outer loop
      vertex 24.3625 -11.5226 0
      vertex 14.7985 -16.0839 0
      vertex 14.7416 -16.0689 0
    endloop
  endfacet
  facet normal 0 0 -1
    outer loop
      vertex 24.8986 -10.3133 0
      vertex 14.684 -16.0566 0
      vertex 14.6258 -16.0471 0
    endloop
  endfacet
  facet normal 0 0 -1
    outer loop
      vertex 25.3746 -9.07918 0
      vertex 14.5673 -16.0406 0
      vertex 14.5085 -16.0369 0
    endloop
  endfacet
  facet normal 0 0 -1
    outer loop
      vertex 8.56643 18.6024 0
      vertex 6.5 13.9 0
      vertex 8.50791 18.5957 0
    endloop
  endfacet
  facet normal 0 0 -1
    outer loop
      vertex 6.5 13.9 0
      vertex 26.4322 5.25768 0
      vertex 26.6583 3.95439 0
    endloop
  endfacet
  facet normal 0 0 -1
    outer loop
      vertex 8.62455 18.6119 0
      vertex 6.5 13.9 0
      vertex 8.56643 18.6024 0
    endloop
  endfacet
  facet normal 0 0 -1
    outer loop
      vertex 6.5 13.9 0
      vertex 25.7895 7.82317 0
      vertex 26.1423 6.54832 0
    endloop
  endfacet
  facet normal 0 0 -1
    outer loop
      vertex 19.9686 18.0985 0
      vertex 9.1988 18.8947 0
      vertex 19.0565 19.0565 0
    endloop
  endfacet
  facet normal 0 0 -1
    outer loop
      vertex 6.5 13.9 0
      vertex 25.3746 9.07918 0
      vertex 25.7895 7.82317 0
    endloop
  endfacet
  facet normal 0 0 -1
    outer loop
      vertex 6.5 13.9 0
      vertex 19.9686 18.0985 0
      vertex 20.8326 17.0969 0
    endloop
  endfacet
  facet normal 0 0 -1
    outer loop
      vertex 6.5 13.9 0
      vertex 24.3625 11.5226 0
      vertex 24.8986 10.3133 0
    endloop
  endfacet
  facet normal 0 0 -1
    outer loop
      vertex 6.5 13.9 0
      vertex 20.8326 17.0969 0
      vertex 21.6464 16.0541 0
    endloop
  endfacet
  facet normal 0 0 -1
    outer loop
      vertex 6.5 13.9 0
      vertex 21.6464 16.0541 0
      vertex 22.4081 14.9726 0
    endloop
  endfacet
  facet normal 0 0 -1
    outer loop
      vertex 8.85025 18.6782 0
      vertex 6.5 13.9 0
      vertex 8.79511 18.6575 0
    endloop
  endfacet
  facet normal 0 0 -1
    outer loop
      vertex 8.95714 18.7277 0
      vertex 6.5 13.9 0
      vertex 8.9043 18.7016 0
    endloop
  endfacet
  facet normal 0 0 -1
    outer loop
      vertex 8.9043 18.7016 0
      vertex 6.5 13.9 0
      vertex 8.85025 18.6782 0
    endloop
  endfacet
  facet normal 0 0 -1
    outer loop
      vertex 6.5 13.9 0
      vertex 23.7678 12.7041 0
      vertex 24.3625 11.5226 0
    endloop
  endfacet
  facet normal 0 0 -1
    outer loop
      vertex 8.73903 18.6395 0
      vertex 6.5 13.9 0
      vertex 8.68213 18.6243 0
    endloop
  endfacet
  facet normal 0 0 -1
    outer loop
      vertex 8.68213 18.6243 0
      vertex 6.5 13.9 0
      vertex 8.62455 18.6119 0
    endloop
  endfacet
  facet normal 0 0 -1
    outer loop
      vertex 6.5 13.9 0
      vertex 14.1585 -16.0752 0
      vertex 14.1019 -16.0915 0
    endloop
  endfacet
  facet normal 0 0 -1
    outer loop
      vertex 6.5 13.9 0
      vertex 14.1019 -16.0915 0
      vertex 14.0462 -16.1106 0
    endloop
  endfacet
  facet normal 0 0 -1
    outer loop
      vertex 6.5 13.9 0
      vertex 14.0462 -16.1106 0
      vertex 13.9914 -16.1324 0
    endloop
  endfacet
  facet normal 0 0 -1
    outer loop
      vertex 6.5 13.9 0
      vertex 13.9914 -16.1324 0
      vertex 13.9379 -16.1569 0
    endloop
  endfacet
  facet normal 0 0 -1
    outer loop
      vertex 6.5 13.9 0
      vertex 13.9379 -16.1569 0
      vertex 13.8855 -16.1839 0
    endloop
  endfacet
  facet normal -0 0 -1
    outer loop
      vertex 19.0565 19.0565 0
      vertex 9.32165 19.0215 0
      vertex 18.0985 19.9686 0
    endloop
  endfacet
  facet normal 0 0 -1
    outer loop
      vertex 6.5 13.9 0
      vertex 13.8855 -16.1839 0
      vertex 13.8346 -16.2135 0
    endloop
  endfacet
  facet normal 0 0 -1
    outer loop
      vertex 6.5 13.9 0
      vertex 13.8346 -16.2135 0
      vertex 13.7852 -16.2456 0
    endloop
  endfacet
  facet normal 0 0 -1
    outer loop
      vertex 6.5 13.9 0
      vertex 13.7852 -16.2456 0
      vertex 13.7374 -16.28 0
    endloop
  endfacet
  facet normal 0 0 -1
    outer loop
      vertex 6.5 13.9 0
      vertex 13.7374 -16.28 0
      vertex 13.6914 -16.3167 0
    endloop
  endfacet
  facet normal 0 0 -1
    outer loop
      vertex 6.5 13.9 0
      vertex 13.6914 -16.3167 0
      vertex 13.6472 -16.3557 0
    endloop
  endfacet
  facet normal 0 0 -1
    outer loop
      vertex 6.5 13.9 0
      vertex 13.6472 -16.3557 0
      vertex 13.605 -16.3968 0
    endloop
  endfacet
  facet normal 0 0 -1
    outer loop
      vertex 6.5 13.9 0
      vertex 13.605 -16.3968 0
      vertex 13.5648 -16.4399 0
    endloop
  endfacet
  facet normal 0 -0 -1
    outer loop
      vertex -18.8528 -4.30538 0
      vertex 13.5269 -16.4849 0
      vertex -18.8564 -4.36417 0
    endloop
  endfacet
  facet normal 0 0 -1
    outer loop
      vertex -18.8564 -4.36417 0
      vertex 13.5269 -16.4849 0
      vertex 13.4911 -16.5317 0
    endloop
  endfacet
  facet normal 0 0 -1
    outer loop
      vertex -18.8564 -4.36417 0
      vertex 13.4911 -16.5317 0
      vertex 13.4577 -16.5802 0
    endloop
  endfacet
  facet normal 0 0 -1
    outer loop
      vertex -18.8564 -4.36417 0
      vertex 13.4577 -16.5802 0
      vertex 13.4268 -16.6303 0
    endloop
  endfacet
  facet normal 0 0 -1
    outer loop
      vertex -18.8564 -4.36417 0
      vertex 13.4268 -16.6303 0
      vertex 13.3983 -16.6819 0
    endloop
  endfacet
  facet normal 0 0 -1
    outer loop
      vertex -18.8564 -4.36417 0
      vertex 13.3983 -16.6819 0
      vertex 13.3724 -16.7348 0
    endloop
  endfacet
  facet normal 0 0 -1
    outer loop
      vertex 13.3285 -16.8441 0
      vertex -18.8564 -4.36417 0
      vertex 13.3491 -16.7889 0
    endloop
  endfacet
  facet normal 0 0 -1
    outer loop
      vertex 13.3107 -16.9002 0
      vertex -18.8564 -4.36417 0
      vertex 13.3285 -16.8441 0
    endloop
  endfacet
  facet normal 0 0 -1
    outer loop
      vertex -18.8564 -4.36417 0
      vertex 13.3107 -16.9002 0
      vertex 6.54832 -26.1423 0
    endloop
  endfacet
  facet normal 0 0 -1
    outer loop
      vertex 6.54832 -26.1423 0
      vertex 13.3107 -16.9002 0
      vertex 13.2956 -16.9571 0
    endloop
  endfacet
  facet normal 0 0 -1
    outer loop
      vertex 6.54832 -26.1423 0
      vertex 13.2956 -16.9571 0
      vertex 13.2833 -17.0147 0
    endloop
  endfacet
  facet normal 0 0 -1
    outer loop
      vertex 6.54832 -26.1423 0
      vertex 13.2833 -17.0147 0
      vertex 13.2739 -17.0729 0
    endloop
  endfacet
  facet normal 0 0 -1
    outer loop
      vertex 6.54832 -26.1423 0
      vertex 13.2739 -17.0729 0
      vertex 13.2673 -17.1314 0
    endloop
  endfacet
  facet normal 0 0 -1
    outer loop
      vertex 6.54832 -26.1423 0
      vertex 13.2673 -17.1314 0
      vertex 13.2636 -17.1902 0
    endloop
  endfacet
  facet normal 0 0 -1
    outer loop
      vertex 7.82317 -25.7895 0
      vertex 13.2777 -17.425 0
      vertex 9.07918 -25.3746 0
    endloop
  endfacet
  facet normal -0 0 -1
    outer loop
      vertex 13.2777 -17.425 0
      vertex 7.82317 -25.7895 0
      vertex 13.2699 -17.3666 0
    endloop
  endfacet
  facet normal 0 -0 -1
    outer loop
      vertex 9.42457 19.165 0
      vertex 18.0985 19.9686 0
      vertex 9.39263 19.1155 0
    endloop
  endfacet
  facet normal -0 0 -1
    outer loop
      vertex 13.2699 -17.3666 0
      vertex 7.82317 -25.7895 0
      vertex 13.2649 -17.308 0
    endloop
  endfacet
  facet normal -0 0 -1
    outer loop
      vertex 17.0969 20.8326 0
      vertex 9.50532 19.322 0
      vertex 16.0541 21.6464 0
    endloop
  endfacet
  facet normal 0 0 -1
    outer loop
      vertex 6.54832 -26.1423 0
      vertex 13.2649 -17.308 0
      vertex 7.82317 -25.7895 0
    endloop
  endfacet
  facet normal 0 -0 -1
    outer loop
      vertex 9.58615 19.6044 0
      vertex 16.0541 21.6464 0
      vertex 9.57557 19.5465 0
    endloop
  endfacet
  facet normal 0 0 -1
    outer loop
      vertex 9.59592 19.898 0
      vertex 14.9726 22.4081 0
      vertex 9.59974 19.8393 0
    endloop
  endfacet
  facet normal 0 0 -1
    outer loop
      vertex 9.58922 19.9566 0
      vertex 13.8551 23.1158 0
      vertex 9.59592 19.898 0
    endloop
  endfacet
  facet normal -0 0 -1
    outer loop
      vertex 14.9726 22.4081 0
      vertex 9.59592 19.898 0
      vertex 13.8551 23.1158 0
    endloop
  endfacet
  facet normal 0 0 -1
    outer loop
      vertex 9.59974 19.8393 0
      vertex 14.9726 22.4081 0
      vertex 9.60067 19.7804 0
    endloop
  endfacet
  facet normal 0 -0 -1
    outer loop
      vertex 9.60067 19.7804 0
      vertex 14.9726 22.4081 0
      vertex 9.59871 19.7215 0
    endloop
  endfacet
  facet normal 0 -0 -1
    outer loop
      vertex 9.59871 19.7215 0
      vertex 14.9726 22.4081 0
      vertex 9.59387 19.6628 0
    endloop
  endfacet
  facet normal 0 -0 -1
    outer loop
      vertex 9.59387 19.6628 0
      vertex 14.9726 22.4081 0
      vertex 9.58615 19.6044 0
    endloop
  endfacet
  facet normal -0 0 -1
    outer loop
      vertex 16.0541 21.6464 0
      vertex 9.58615 19.6044 0
      vertex 14.9726 22.4081 0
    endloop
  endfacet
  facet normal 0 -0 -1
    outer loop
      vertex 9.57557 19.5465 0
      vertex 16.0541 21.6464 0
      vertex 9.56217 19.4891 0
    endloop
  endfacet
  facet normal 0 -0 -1
    outer loop
      vertex 9.56217 19.4891 0
      vertex 16.0541 21.6464 0
      vertex 9.54596 19.4325 0
    endloop
  endfacet
  facet normal 0 -0 -1
    outer loop
      vertex 9.54596 19.4325 0
      vertex 16.0541 21.6464 0
      vertex 9.527 19.3767 0
    endloop
  endfacet
  facet normal 0 -0 -1
    outer loop
      vertex 9.527 19.3767 0
      vertex 16.0541 21.6464 0
      vertex 9.50532 19.322 0
    endloop
  endfacet
  facet normal 0 -0 -1
    outer loop
      vertex 9.50532 19.322 0
      vertex 17.0969 20.8326 0
      vertex 9.48099 19.2683 0
    endloop
  endfacet
  facet normal 0 -0 -1
    outer loop
      vertex 9.48099 19.2683 0
      vertex 17.0969 20.8326 0
      vertex 9.45405 19.216 0
    endloop
  endfacet
  facet normal 0 -0 -1
    outer loop
      vertex 9.45405 19.216 0
      vertex 17.0969 20.8326 0
      vertex 9.42457 19.165 0
    endloop
  endfacet
  facet normal -0 0 -1
    outer loop
      vertex 18.0985 19.9686 0
      vertex 9.42457 19.165 0
      vertex 17.0969 20.8326 0
    endloop
  endfacet
  facet normal 0 -0 -1
    outer loop
      vertex 9.39263 19.1155 0
      vertex 18.0985 19.9686 0
      vertex 9.35829 19.0676 0
    endloop
  endfacet
  facet normal 0 -0 -1
    outer loop
      vertex 9.35829 19.0676 0
      vertex 18.0985 19.9686 0
      vertex 9.32165 19.0215 0
    endloop
  endfacet
  facet normal 0 -0 -1
    outer loop
      vertex 9.32165 19.0215 0
      vertex 19.0565 19.0565 0
      vertex 9.28279 18.9773 0
    endloop
  endfacet
  facet normal 0 -0 -1
    outer loop
      vertex 9.28279 18.9773 0
      vertex 19.0565 19.0565 0
      vertex 9.24181 18.935 0
    endloop
  endfacet
  facet normal -0 0 -1
    outer loop
      vertex 13.2649 -17.308 0
      vertex 6.54832 -26.1423 0
      vertex 13.2628 -17.2491 0
    endloop
  endfacet
  facet normal 0 -0 -1
    outer loop
      vertex 9.24181 18.935 0
      vertex 19.0565 19.0565 0
      vertex 9.1988 18.8947 0
    endloop
  endfacet
  facet normal 0 -0 -1
    outer loop
      vertex 9.1988 18.8947 0
      vertex 19.9686 18.0985 0
      vertex 9.15387 18.8566 0
    endloop
  endfacet
  facet normal 0 0 -1
    outer loop
      vertex 6.5 13.9 0
      vertex 9.15387 18.8566 0
      vertex 19.9686 18.0985 0
    endloop
  endfacet
  facet normal 0 0 -1
    outer loop
      vertex 9.15387 18.8566 0
      vertex 6.5 13.9 0
      vertex 9.10712 18.8208 0
    endloop
  endfacet
  facet normal 0 0 -1
    outer loop
      vertex 9.10712 18.8208 0
      vertex 6.5 13.9 0
      vertex 9.05867 18.7873 0
    endloop
  endfacet
  facet normal 0 0 -1
    outer loop
      vertex 9.05867 18.7873 0
      vertex 6.5 13.9 0
      vertex 9.00864 18.7562 0
    endloop
  endfacet
  facet normal 0 0 -1
    outer loop
      vertex 9.00864 18.7562 0
      vertex 6.5 13.9 0
      vertex 8.95714 18.7277 0
    endloop
  endfacet
  facet normal 0 0 -1
    outer loop
      vertex 6.5 13.9 0
      vertex 22.4081 14.9726 0
      vertex 23.1158 13.8551 0
    endloop
  endfacet
  facet normal 0 0 -1
    outer loop
      vertex 6.5 13.9 0
      vertex 23.1158 13.8551 0
      vertex 23.7678 12.7041 0
    endloop
  endfacet
  facet normal 0 0 -1
    outer loop
      vertex 8.79511 18.6575 0
      vertex 6.5 13.9 0
      vertex 8.73903 18.6395 0
    endloop
  endfacet
  facet normal 0 0 -1
    outer loop
      vertex 6.5 13.9 0
      vertex 24.8986 10.3133 0
      vertex 25.3746 9.07918 0
    endloop
  endfacet
  facet normal 0 0 -1
    outer loop
      vertex 6.5 13.9 0
      vertex 26.1423 6.54832 0
      vertex 26.4322 5.25768 0
    endloop
  endfacet
  facet normal 0 0 -1
    outer loop
      vertex 8.50791 18.5957 0
      vertex 6.5 13.9 0
      vertex 8.44914 18.5918 0
    endloop
  endfacet
  facet normal 0 0 -1
    outer loop
      vertex 8.44914 18.5918 0
      vertex 6.5 13.9 0
      vertex 8.39025 18.5909 0
    endloop
  endfacet
  facet normal -0 0 -1
    outer loop
      vertex 8.39025 18.5909 0
      vertex 6.5 13.9 0
      vertex 8.33138 18.5929 0
    endloop
  endfacet
  facet normal -0 0 -1
    outer loop
      vertex 8.33138 18.5929 0
      vertex 6.5 13.9 0
      vertex 8.27268 18.5977 0
    endloop
  endfacet
  facet normal -0 0 -1
    outer loop
      vertex 8.27268 18.5977 0
      vertex 6.5 13.9 0
      vertex 8.21429 18.6054 0
    endloop
  endfacet
  facet normal -0 0 -1
    outer loop
      vertex 8.21429 18.6054 0
      vertex 6.5 13.9 0
      vertex 8.15635 18.616 0
    endloop
  endfacet
  facet normal -0 0 -1
    outer loop
      vertex 8.15635 18.616 0
      vertex 6.5 13.9 0
      vertex 8.099 18.6294 0
    endloop
  endfacet
  facet normal -0 0 -1
    outer loop
      vertex 13.2628 -17.2491 0
      vertex 6.54832 -26.1423 0
      vertex 13.2636 -17.1902 0
    endloop
  endfacet
  facet normal 0 0 -1
    outer loop
      vertex 13.3491 -16.7889 0
      vertex -18.8564 -4.36417 0
      vertex 13.3724 -16.7348 0
    endloop
  endfacet
  facet normal -0 0 -1
    outer loop
      vertex 8.099 18.6294 0
      vertex 6.5 13.9 0
      vertex 8.04237 18.6456 0
    endloop
  endfacet
  facet normal -0 0 -1
    outer loop
      vertex 8.04237 18.6456 0
      vertex 6.5 13.9 0
      vertex 7.98661 18.6646 0
    endloop
  endfacet
  facet normal -0 0 -1
    outer loop
      vertex 7.98661 18.6646 0
      vertex 6.5 13.9 0
      vertex 7.93184 18.6862 0
    endloop
  endfacet
  facet normal -0 0 -1
    outer loop
      vertex 7.93184 18.6862 0
      vertex 6.5 13.9 0
      vertex 7.87821 18.7106 0
    endloop
  endfacet
  facet normal -0 0 -1
    outer loop
      vertex 7.87821 18.7106 0
      vertex 6.5 13.9 0
      vertex 7.82583 18.7375 0
    endloop
  endfacet
  facet normal -0 0 -1
    outer loop
      vertex 7.82583 18.7375 0
      vertex 6.5 13.9 0
      vertex 7.77484 18.767 0
    endloop
  endfacet
  facet normal -0 0 -1
    outer loop
      vertex 7.77484 18.767 0
      vertex 6.5 13.9 0
      vertex 7.72535 18.7989 0
    endloop
  endfacet
  facet normal -0 0 -1
    outer loop
      vertex 7.72535 18.7989 0
      vertex 6.5 13.9 0
      vertex 7.6775 18.8333 0
    endloop
  endfacet
  facet normal -0 0 -1
    outer loop
      vertex 7.6775 18.8333 0
      vertex 6.5 13.9 0
      vertex 7.63138 18.8699 0
    endloop
  endfacet
  facet normal -0 0 -1
    outer loop
      vertex 7.63138 18.8699 0
      vertex 6.5 13.9 0
      vertex 7.58712 18.9088 0
    endloop
  endfacet
  facet normal -0 0 -1
    outer loop
      vertex 7.58712 18.9088 0
      vertex 6.5 13.9 0
      vertex 7.54482 18.9498 0
    endloop
  endfacet
  facet normal -0 0 -1
    outer loop
      vertex 7.54482 18.9498 0
      vertex 6.5 13.9 0
      vertex 7.50458 18.9928 0
    endloop
  endfacet
  facet normal -0 0 -1
    outer loop
      vertex 7.50458 18.9928 0
      vertex 6.5 13.9 0
      vertex 7.4665 19.0377 0
    endloop
  endfacet
  facet normal -0 0 -1
    outer loop
      vertex 7.4665 19.0377 0
      vertex 6.5 13.9 0
      vertex 7.43067 19.0845 0
    endloop
  endfacet
  facet normal -0 0 -1
    outer loop
      vertex 7.43067 19.0845 0
      vertex 6.5 13.9 0
      vertex 7.39718 19.1329 0
    endloop
  endfacet
  facet normal -0 0 -1
    outer loop
      vertex 7.39718 19.1329 0
      vertex 6.5 13.9 0
      vertex 7.3661 19.1829 0
    endloop
  endfacet
  facet normal -0 0 -1
    outer loop
      vertex 7.3661 19.1829 0
      vertex 6.5 13.9 0
      vertex 7.33752 19.2344 0
    endloop
  endfacet
  facet normal -0 0 -1
    outer loop
      vertex 7.33752 19.2344 0
      vertex 6.5 13.9 0
      vertex 7.3115 19.2873 0
    endloop
  endfacet
  facet normal -0 0 -1
    outer loop
      vertex 7.3115 19.2873 0
      vertex 6.5 13.9 0
      vertex 7.2881 19.3413 0
    endloop
  endfacet
  facet normal -0 0 -1
    outer loop
      vertex 7.2881 19.3413 0
      vertex 6.5 13.9 0
      vertex 7.26738 19.3965 0
    endloop
  endfacet
  facet normal -0 0 -1
    outer loop
      vertex 7.26738 19.3965 0
      vertex 6.5 13.9 0
      vertex 7.24939 19.4525 0
    endloop
  endfacet
  facet normal -0 0 -1
    outer loop
      vertex 7.24939 19.4525 0
      vertex 6.5 13.9 0
      vertex 7.23418 19.5094 0
    endloop
  endfacet
  facet normal -0 0 -1
    outer loop
      vertex 7.23418 19.5094 0
      vertex 6.5 13.9 0
      vertex 7.22178 19.567 0
    endloop
  endfacet
  facet normal 0 0 -1
    outer loop
      vertex 6.5 21.9 0
      vertex 7.22178 19.567 0
      vertex 6.5 13.9 0
    endloop
  endfacet
  facet normal 0 0 -1
    outer loop
      vertex 7.22178 19.567 0
      vertex 6.5 21.9 0
      vertex 7.21222 19.6251 0
    endloop
  endfacet
  facet normal 0 0 -1
    outer loop
      vertex 6.5 21.9 0
      vertex 7.2017 19.7424 0
      vertex 7.20552 19.6837 0
    endloop
  endfacet
  facet normal 0.122394 0.992482 -0
    outer loop
      vertex 3.95439 26.6583 0
      vertex 2.64156 26.8202 5.2
      vertex 3.95439 26.6583 5.2
    endloop
  endfacet
  facet normal 0.122394 0.992482 0
    outer loop
      vertex 2.64156 26.8202 5.2
      vertex 3.95439 26.6583 0
      vertex 2.64156 26.8202 0
    endloop
  endfacet
  facet normal -0.0245697 0.999698 0
    outer loop
      vertex 0 26.95 0
      vertex -1.32237 26.9175 5.2
      vertex 0 26.95 5.2
    endloop
  endfacet
  facet normal -0.0245697 0.999698 0
    outer loop
      vertex -1.32237 26.9175 5.2
      vertex 0 26.95 0
      vertex -1.32237 26.9175 0
    endloop
  endfacet
  facet normal 0.170931 -0.985283 0
    outer loop
      vertex 3.95439 -26.6583 0
      vertex 5.25768 -26.4322 5.2
      vertex 3.95439 -26.6583 5.2
    endloop
  endfacet
  facet normal 0.170931 -0.985283 0
    outer loop
      vertex 5.25768 -26.4322 5.2
      vertex 3.95439 -26.6583 0
      vertex 5.25768 -26.4322 0
    endloop
  endfacet
  facet normal -0.997291 -0.0735576 0
    outer loop
      vertex -26.8202 -2.64156 0
      vertex -26.9175 -1.32237 5.2
      vertex -26.9175 -1.32237 0
    endloop
  endfacet
  facet normal -0.997291 -0.0735576 0
    outer loop
      vertex -26.9175 -1.32237 5.2
      vertex -26.8202 -2.64156 0
      vertex -26.8202 -2.64156 5.2
    endloop
  endfacet
  facet normal -0.219157 -0.97569 0
    outer loop
      vertex -6.54832 -26.1423 0
      vertex -5.25768 -26.4322 5.2
      vertex -6.54832 -26.1423 5.2
    endloop
  endfacet
  facet normal -0.219157 -0.97569 -0
    outer loop
      vertex -5.25768 -26.4322 5.2
      vertex -6.54832 -26.1423 0
      vertex -5.25768 -26.4322 0
    endloop
  endfacet
  facet normal -0.689544 -0.724244 0
    outer loop
      vertex -19.0565 -19.0565 0
      vertex -18.0985 -19.9686 5.2
      vertex -19.0565 -19.0565 5.2
    endloop
  endfacet
  facet normal -0.689544 -0.724244 -0
    outer loop
      vertex -18.0985 -19.9686 5.2
      vertex -19.0565 -19.0565 0
      vertex -18.0985 -19.9686 0
    endloop
  endfacet
  facet normal -0.757204 -0.653179 0
    outer loop
      vertex -19.9686 -18.0985 0
      vertex -20.8326 -17.0969 5.2
      vertex -20.8326 -17.0969 0
    endloop
  endfacet
  facet normal -0.757204 -0.653179 0
    outer loop
      vertex -20.8326 -17.0969 5.2
      vertex -19.9686 -18.0985 0
      vertex -19.9686 -18.0985 5.2
    endloop
  endfacet
  facet normal 0.575819 -0.817577 0
    outer loop
      vertex 14.9726 -22.4081 0
      vertex 16.0541 -21.6464 5.2
      vertex 14.9726 -22.4081 5.2
    endloop
  endfacet
  facet normal 0.575819 -0.817577 0
    outer loop
      vertex 16.0541 -21.6464 5.2
      vertex 14.9726 -22.4081 0
      vertex 16.0541 -21.6464 0
    endloop
  endfacet
  facet normal 0.615227 0.78835 -0
    outer loop
      vertex 17.0969 20.8326 0
      vertex 16.0541 21.6464 5.2
      vertex 17.0969 20.8326 5.2
    endloop
  endfacet
  facet normal 0.615227 0.78835 0
    outer loop
      vertex 16.0541 21.6464 5.2
      vertex 17.0969 20.8326 0
      vertex 16.0541 21.6464 0
    endloop
  endfacet
  facet normal -0.575819 0.817577 0
    outer loop
      vertex -14.9726 22.4081 0
      vertex -16.0541 21.6464 5.2
      vertex -14.9726 22.4081 5.2
    endloop
  endfacet
  facet normal -0.575819 0.817577 0
    outer loop
      vertex -16.0541 21.6464 5.2
      vertex -14.9726 22.4081 0
      vertex -16.0541 21.6464 0
    endloop
  endfacet
  facet normal -0.492879 0.870098 0
    outer loop
      vertex -12.7041 23.7678 0
      vertex -13.8551 23.1158 5.2
      vertex -12.7041 23.7678 5.2
    endloop
  endfacet
  facet normal -0.492879 0.870098 0
    outer loop
      vertex -13.8551 23.1158 5.2
      vertex -12.7041 23.7678 0
      vertex -13.8551 23.1158 0
    endloop
  endfacet
  facet normal -0.97569 -0.219157 0
    outer loop
      vertex -26.1423 -6.54832 0
      vertex -26.4322 -5.25768 5.2
      vertex -26.4322 -5.25768 0
    endloop
  endfacet
  facet normal -0.97569 -0.219157 0
    outer loop
      vertex -26.4322 -5.25768 5.2
      vertex -26.1423 -6.54832 0
      vertex -26.1423 -6.54832 5.2
    endloop
  endfacet
  facet normal -0.914195 0.405276 0
    outer loop
      vertex -24.8986 10.3133 0
      vertex -24.3625 11.5226 5.2
      vertex -24.3625 11.5226 0
    endloop
  endfacet
  facet normal -0.914195 0.405276 0
    outer loop
      vertex -24.3625 11.5226 5.2
      vertex -24.8986 10.3133 0
      vertex -24.8986 10.3133 5.2
    endloop
  endfacet
  facet normal 0.933006 -0.35986 0
    outer loop
      vertex 24.8986 -10.3133 5.2
      vertex 25.3746 -9.07918 0
      vertex 25.3746 -9.07918 5.2
    endloop
  endfacet
  facet normal 0.933006 -0.35986 0
    outer loop
      vertex 25.3746 -9.07918 0
      vertex 24.8986 -10.3133 5.2
      vertex 24.8986 -10.3133 0
    endloop
  endfacet
  facet normal -0.313662 0.949535 0
    outer loop
      vertex -7.82317 25.7895 0
      vertex -9.07918 25.3746 5.2
      vertex -7.82317 25.7895 5.2
    endloop
  endfacet
  facet normal -0.313662 0.949535 0
    outer loop
      vertex -9.07918 25.3746 5.2
      vertex -7.82317 25.7895 0
      vertex -9.07918 25.3746 0
    endloop
  endfacet
  facet normal 0.405276 0.914195 -0
    outer loop
      vertex 11.5226 24.3625 0
      vertex 10.3133 24.8986 5.2
      vertex 11.5226 24.3625 5.2
    endloop
  endfacet
  facet normal 0.405276 0.914195 0
    outer loop
      vertex 10.3133 24.8986 5.2
      vertex 11.5226 24.3625 0
      vertex 10.3133 24.8986 0
    endloop
  endfacet
  facet normal 0.997291 -0.0735576 0
    outer loop
      vertex 26.8202 -2.64156 5.2
      vertex 26.9175 -1.32237 0
      vertex 26.9175 -1.32237 5.2
    endloop
  endfacet
  facet normal 0.997291 -0.0735576 0
    outer loop
      vertex 26.9175 -1.32237 0
      vertex 26.8202 -2.64156 5.2
      vertex 26.8202 -2.64156 0
    endloop
  endfacet
  facet normal 0.653179 -0.757204 0
    outer loop
      vertex 17.0969 -20.8326 0
      vertex 18.0985 -19.9686 5.2
      vertex 17.0969 -20.8326 5.2
    endloop
  endfacet
  facet normal 0.653179 -0.757204 0
    outer loop
      vertex 18.0985 -19.9686 5.2
      vertex 17.0969 -20.8326 0
      vertex 18.0985 -19.9686 0
    endloop
  endfacet
  facet normal 0.405276 -0.914195 0
    outer loop
      vertex 10.3133 -24.8986 0
      vertex 11.5226 -24.3625 5.2
      vertex 10.3133 -24.8986 5.2
    endloop
  endfacet
  facet normal 0.405276 -0.914195 0
    outer loop
      vertex 11.5226 -24.3625 5.2
      vertex 10.3133 -24.8986 0
      vertex 11.5226 -24.3625 0
    endloop
  endfacet
  facet normal 0.817577 -0.575819 0
    outer loop
      vertex 21.6464 -16.0541 5.2
      vertex 22.4081 -14.9726 0
      vertex 22.4081 -14.9726 5.2
    endloop
  endfacet
  facet normal 0.817577 -0.575819 0
    outer loop
      vertex 22.4081 -14.9726 0
      vertex 21.6464 -16.0541 5.2
      vertex 21.6464 -16.0541 0
    endloop
  endfacet
  facet normal -0.219157 0.97569 0
    outer loop
      vertex -5.25768 26.4322 0
      vertex -6.54832 26.1423 5.2
      vertex -5.25768 26.4322 5.2
    endloop
  endfacet
  facet normal -0.219157 0.97569 0
    outer loop
      vertex -6.54832 26.1423 5.2
      vertex -5.25768 26.4322 0
      vertex -6.54832 26.1423 0
    endloop
  endfacet
  facet normal -0.0248086 -0.999692 0
    outer loop
      vertex -1.32237 -26.9175 5.2
      vertex -1 -26.9255 1.2
      vertex -1 -26.9255 5.2
    endloop
  endfacet
  facet normal -0.0248086 -0.999692 0
    outer loop
      vertex -1.32237 -26.9175 0
      vertex -1 -26.9255 1.2
      vertex -1.32237 -26.9175 5.2
    endloop
  endfacet
  facet normal -0.0245697 -0.999698 -6.42182e-05
    outer loop
      vertex 0 -26.95 0
      vertex -1 -26.9255 1.2
      vertex -1.32237 -26.9175 0
    endloop
  endfacet
  facet normal -0.0244927 -0.9997 0
    outer loop
      vertex -1 -26.9255 1.2
      vertex 0 -26.95 0
      vertex 0 -26.95 1.2
    endloop
  endfacet
  facet normal 0.817577 0.575819 0
    outer loop
      vertex 22.4081 14.9726 5.2
      vertex 21.6464 16.0541 0
      vertex 21.6464 16.0541 5.2
    endloop
  endfacet
  facet normal 0.817577 0.575819 0
    outer loop
      vertex 21.6464 16.0541 0
      vertex 22.4081 14.9726 5.2
      vertex 22.4081 14.9726 0
    endloop
  endfacet
  facet normal -0.985283 -0.170931 0
    outer loop
      vertex -26.4322 -5.25768 0
      vertex -26.6583 -3.95439 5.2
      vertex -26.6583 -3.95439 0
    endloop
  endfacet
  facet normal -0.985283 -0.170931 0
    outer loop
      vertex -26.6583 -3.95439 5.2
      vertex -26.4322 -5.25768 0
      vertex -26.4322 -5.25768 5.2
    endloop
  endfacet
  facet normal 0.449601 0.893229 -0
    outer loop
      vertex 12.7041 23.7678 0
      vertex 11.5226 24.3625 5.2
      vertex 12.7041 23.7678 5.2
    endloop
  endfacet
  facet normal 0.449601 0.893229 0
    outer loop
      vertex 11.5226 24.3625 5.2
      vertex 12.7041 23.7678 0
      vertex 11.5226 24.3625 0
    endloop
  endfacet
  facet normal 0.914195 -0.405276 0
    outer loop
      vertex 24.3625 -11.5226 5.2
      vertex 24.8986 -10.3133 0
      vertex 24.8986 -10.3133 5.2
    endloop
  endfacet
  facet normal 0.914195 -0.405276 0
    outer loop
      vertex 24.8986 -10.3133 0
      vertex 24.3625 -11.5226 5.2
      vertex 24.3625 -11.5226 0
    endloop
  endfacet
  facet normal -0.757204 0.653179 0
    outer loop
      vertex -20.8326 17.0969 0
      vertex -19.9686 18.0985 5.2
      vertex -19.9686 18.0985 0
    endloop
  endfacet
  facet normal -0.757204 0.653179 0
    outer loop
      vertex -19.9686 18.0985 5.2
      vertex -20.8326 17.0969 0
      vertex -20.8326 17.0969 5.2
    endloop
  endfacet
  facet normal -0.449601 -0.893229 0
    outer loop
      vertex -12.7041 -23.7678 0
      vertex -11.5226 -24.3625 5.2
      vertex -12.7041 -23.7678 5.2
    endloop
  endfacet
  facet normal -0.449601 -0.893229 -0
    outer loop
      vertex -11.5226 -24.3625 5.2
      vertex -12.7041 -23.7678 0
      vertex -11.5226 -24.3625 0
    endloop
  endfacet
  facet normal 0.985283 0.170931 0
    outer loop
      vertex 26.6583 3.95439 5.2
      vertex 26.4322 5.25768 0
      vertex 26.4322 5.25768 5.2
    endloop
  endfacet
  facet normal 0.985283 0.170931 0
    outer loop
      vertex 26.4322 5.25768 0
      vertex 26.6583 3.95439 5.2
      vertex 26.6583 3.95439 0
    endloop
  endfacet
  facet normal 0.170931 0.985283 -0
    outer loop
      vertex 5.25768 26.4322 0
      vertex 3.95439 26.6583 5.2
      vertex 5.25768 26.4322 5.2
    endloop
  endfacet
  facet normal 0.170931 0.985283 0
    outer loop
      vertex 3.95439 26.6583 5.2
      vertex 5.25768 26.4322 0
      vertex 3.95439 26.6583 0
    endloop
  endfacet
  facet normal -0.999698 -0.0245697 0
    outer loop
      vertex -26.9175 -1.32237 0
      vertex -26.95 0 5.2
      vertex -26.95 0 0
    endloop
  endfacet
  facet normal -0.999698 -0.0245697 0
    outer loop
      vertex -26.95 0 5.2
      vertex -26.9175 -1.32237 0
      vertex -26.9175 -1.32237 5.2
    endloop
  endfacet
  facet normal 0.689544 0.724244 -0
    outer loop
      vertex 19.0565 19.0565 0
      vertex 18.0985 19.9686 5.2
      vertex 19.0565 19.0565 5.2
    endloop
  endfacet
  facet normal 0.689544 0.724244 0
    outer loop
      vertex 18.0985 19.9686 5.2
      vertex 19.0565 19.0565 0
      vertex 18.0985 19.9686 0
    endloop
  endfacet
  facet normal 0.999698 -0.0245697 0
    outer loop
      vertex 26.9175 -1.32237 5.2
      vertex 26.95 0 0
      vertex 26.95 0 5.2
    endloop
  endfacet
  facet normal 0.999698 -0.0245697 0
    outer loop
      vertex 26.95 0 0
      vertex 26.9175 -1.32237 5.2
      vertex 26.9175 -1.32237 0
    endloop
  endfacet
  facet normal -0.870098 -0.492879 0
    outer loop
      vertex -23.1158 -13.8551 0
      vertex -23.7678 -12.7041 5.2
      vertex -23.7678 -12.7041 0
    endloop
  endfacet
  facet normal -0.870098 -0.492879 0
    outer loop
      vertex -23.7678 -12.7041 5.2
      vertex -23.1158 -13.8551 0
      vertex -23.1158 -13.8551 5.2
    endloop
  endfacet
  facet normal -0.992482 -0.122394 0
    outer loop
      vertex -26.6583 -3.95439 0
      vertex -26.8202 -2.64156 5.2
      vertex -26.8202 -2.64156 0
    endloop
  endfacet
  facet normal -0.992482 -0.122394 0
    outer loop
      vertex -26.8202 -2.64156 5.2
      vertex -26.6583 -3.95439 0
      vertex -26.6583 -3.95439 5.2
    endloop
  endfacet
  facet normal -0.35986 0.933006 0
    outer loop
      vertex -9.07918 25.3746 0
      vertex -10.3133 24.8986 5.2
      vertex -9.07918 25.3746 5.2
    endloop
  endfacet
  facet normal -0.35986 0.933006 0
    outer loop
      vertex -10.3133 24.8986 5.2
      vertex -9.07918 25.3746 0
      vertex -10.3133 24.8986 0
    endloop
  endfacet
  facet normal -0.35986 -0.933006 0
    outer loop
      vertex -10.3133 -24.8986 0
      vertex -9.07918 -25.3746 5.2
      vertex -10.3133 -24.8986 5.2
    endloop
  endfacet
  facet normal -0.35986 -0.933006 -0
    outer loop
      vertex -9.07918 -25.3746 5.2
      vertex -10.3133 -24.8986 0
      vertex -9.07918 -25.3746 0
    endloop
  endfacet
  facet normal 0 0 1
    outer loop
      vertex 25.35 0 5.2
      vertex 26.95 0 5.2
      vertex 26.9175 1.32237 5.2
    endloop
  endfacet
  facet normal 0 0 1
    outer loop
      vertex 25.3195 1.24387 5.2
      vertex 26.9175 1.32237 5.2
      vertex 26.8202 2.64156 5.2
    endloop
  endfacet
  facet normal 0 0 1
    outer loop
      vertex 26.95 0 5.2
      vertex 25.35 0 5.2
      vertex 26.9175 -1.32237 5.2
    endloop
  endfacet
  facet normal 0 0 1
    outer loop
      vertex 25.2279 2.48473 5.2
      vertex 26.8202 2.64156 5.2
      vertex 26.6583 3.95439 5.2
    endloop
  endfacet
  facet normal -0 0 1
    outer loop
      vertex 25.3195 -1.24387 5.2
      vertex 26.9175 -1.32237 5.2
      vertex 25.35 0 5.2
    endloop
  endfacet
  facet normal 0 0 1
    outer loop
      vertex 25.0756 3.71962 5.2
      vertex 26.6583 3.95439 5.2
      vertex 26.4322 5.25768 5.2
    endloop
  endfacet
  facet normal 0 0 1
    outer loop
      vertex 26.9175 -1.32237 5.2
      vertex 25.3195 -1.24387 5.2
      vertex 26.8202 -2.64156 5.2
    endloop
  endfacet
  facet normal 0 0 1
    outer loop
      vertex 24.8629 4.94554 5.2
      vertex 26.4322 5.25768 5.2
      vertex 26.1423 6.54832 5.2
    endloop
  endfacet
  facet normal -0 0 1
    outer loop
      vertex 25.2279 -2.48473 5.2
      vertex 26.8202 -2.64156 5.2
      vertex 25.3195 -1.24387 5.2
    endloop
  endfacet
  facet normal 0 0 1
    outer loop
      vertex 24.5903 6.15955 5.2
      vertex 26.1423 6.54832 5.2
      vertex 25.7895 7.82317 5.2
    endloop
  endfacet
  facet normal 0 0 1
    outer loop
      vertex 26.8202 -2.64156 5.2
      vertex 25.2279 -2.48473 5.2
      vertex 26.6583 -3.95439 5.2
    endloop
  endfacet
  facet normal 0 0 1
    outer loop
      vertex 24.2584 7.35872 5.2
      vertex 25.7895 7.82317 5.2
      vertex 25.3746 9.07918 5.2
    endloop
  endfacet
  facet normal -0 0 1
    outer loop
      vertex 25.0756 -3.71962 5.2
      vertex 26.6583 -3.95439 5.2
      vertex 25.2279 -2.48473 5.2
    endloop
  endfacet
  facet normal 0 0 1
    outer loop
      vertex 26.6583 -3.95439 5.2
      vertex 25.0756 -3.71962 5.2
      vertex 26.4322 -5.25768 5.2
    endloop
  endfacet
  facet normal 0 0 1
    outer loop
      vertex 26.9175 1.32237 5.2
      vertex 25.3195 1.24387 5.2
      vertex 25.35 0 5.2
    endloop
  endfacet
  facet normal 0 0 1
    outer loop
      vertex 26.8202 2.64156 5.2
      vertex 25.2279 2.48473 5.2
      vertex 25.3195 1.24387 5.2
    endloop
  endfacet
  facet normal 0 0 1
    outer loop
      vertex 26.6583 3.95439 5.2
      vertex 25.0756 3.71962 5.2
      vertex 25.2279 2.48473 5.2
    endloop
  endfacet
  facet normal 0 0 1
    outer loop
      vertex 23.8681 8.54016 5.2
      vertex 25.3746 9.07918 5.2
      vertex 24.8986 10.3133 5.2
    endloop
  endfacet
  facet normal 0 0 1
    outer loop
      vertex 26.4322 5.25768 5.2
      vertex 24.8629 4.94554 5.2
      vertex 25.0756 3.71962 5.2
    endloop
  endfacet
  facet normal 0 0 1
    outer loop
      vertex 26.1423 6.54832 5.2
      vertex 24.5903 6.15955 5.2
      vertex 24.8629 4.94554 5.2
    endloop
  endfacet
  facet normal 0 0 1
    outer loop
      vertex 23.4203 9.70103 5.2
      vertex 24.8986 10.3133 5.2
      vertex 24.3625 11.5226 5.2
    endloop
  endfacet
  facet normal 0 0 1
    outer loop
      vertex 25.7895 7.82317 5.2
      vertex 24.2584 7.35872 5.2
      vertex 24.5903 6.15955 5.2
    endloop
  endfacet
  facet normal 0 0 1
    outer loop
      vertex 25.3746 9.07918 5.2
      vertex 23.8681 8.54016 5.2
      vertex 24.2584 7.35872 5.2
    endloop
  endfacet
  facet normal 0 0 1
    outer loop
      vertex 22.9161 10.8385 5.2
      vertex 24.3625 11.5226 5.2
      vertex 23.7678 12.7041 5.2
    endloop
  endfacet
  facet normal 0 0 1
    outer loop
      vertex 24.8986 10.3133 5.2
      vertex 23.4203 9.70103 5.2
      vertex 23.8681 8.54016 5.2
    endloop
  endfacet
  facet normal 0 0 1
    outer loop
      vertex 22.3567 11.9499 5.2
      vertex 23.7678 12.7041 5.2
      vertex 23.1158 13.8551 5.2
    endloop
  endfacet
  facet normal 0 0 1
    outer loop
      vertex 24.3625 11.5226 5.2
      vertex 22.9161 10.8385 5.2
      vertex 23.4203 9.70103 5.2
    endloop
  endfacet
  facet normal 0 0 1
    outer loop
      vertex 21.7434 13.0325 5.2
      vertex 23.1158 13.8551 5.2
      vertex 22.4081 14.9726 5.2
    endloop
  endfacet
  facet normal 0 0 1
    outer loop
      vertex 23.7678 12.7041 5.2
      vertex 22.3567 11.9499 5.2
      vertex 22.9161 10.8385 5.2
    endloop
  endfacet
  facet normal 0 0 1
    outer loop
      vertex 23.1158 13.8551 5.2
      vertex 21.7434 13.0325 5.2
      vertex 22.3567 11.9499 5.2
    endloop
  endfacet
  facet normal 0 0 1
    outer loop
      vertex 21.0778 14.0837 5.2
      vertex 22.4081 14.9726 5.2
      vertex 21.6464 16.0541 5.2
    endloop
  endfacet
  facet normal 0 0 1
    outer loop
      vertex 22.4081 14.9726 5.2
      vertex 21.0778 14.0837 5.2
      vertex 21.7434 13.0325 5.2
    endloop
  endfacet
  facet normal 0 0 1
    outer loop
      vertex 20.3613 15.101 5.2
      vertex 21.6464 16.0541 5.2
      vertex 20.8326 17.0969 5.2
    endloop
  endfacet
  facet normal 0 0 1
    outer loop
      vertex 21.6464 16.0541 5.2
      vertex 20.3613 15.101 5.2
      vertex 21.0778 14.0837 5.2
    endloop
  endfacet
  facet normal 0 0 1
    outer loop
      vertex 19.5958 16.0819 5.2
      vertex 20.8326 17.0969 5.2
      vertex 19.9686 18.0985 5.2
    endloop
  endfacet
  facet normal 0 0 1
    outer loop
      vertex 20.8326 17.0969 5.2
      vertex 19.5958 16.0819 5.2
      vertex 20.3613 15.101 5.2
    endloop
  endfacet
  facet normal 0 0 1
    outer loop
      vertex 18.7831 17.024 5.2
      vertex 19.9686 18.0985 5.2
      vertex 19.0565 19.0565 5.2
    endloop
  endfacet
  facet normal 0 0 1
    outer loop
      vertex 19.9686 18.0985 5.2
      vertex 18.7831 17.024 5.2
      vertex 19.5958 16.0819 5.2
    endloop
  endfacet
  facet normal 0 0 1
    outer loop
      vertex 17.9252 17.9252 5.2
      vertex 19.0565 19.0565 5.2
      vertex 18.0985 19.9686 5.2
    endloop
  endfacet
  facet normal 0 0 1
    outer loop
      vertex 19.0565 19.0565 5.2
      vertex 17.9252 17.9252 5.2
      vertex 18.7831 17.024 5.2
    endloop
  endfacet
  facet normal 0 0 1
    outer loop
      vertex 17.024 18.7831 5.2
      vertex 18.0985 19.9686 5.2
      vertex 17.0969 20.8326 5.2
    endloop
  endfacet
  facet normal 0 0 1
    outer loop
      vertex 18.0985 19.9686 5.2
      vertex 17.024 18.7831 5.2
      vertex 17.9252 17.9252 5.2
    endloop
  endfacet
  facet normal 0 0 1
    outer loop
      vertex 17.0969 20.8326 5.2
      vertex 16.0819 19.5958 5.2
      vertex 17.024 18.7831 5.2
    endloop
  endfacet
  facet normal 0 0 1
    outer loop
      vertex 16.0541 21.6464 5.2
      vertex 16.0819 19.5958 5.2
      vertex 17.0969 20.8326 5.2
    endloop
  endfacet
  facet normal 0 0 1
    outer loop
      vertex 16.0541 21.6464 5.2
      vertex 15.101 20.3613 5.2
      vertex 16.0819 19.5958 5.2
    endloop
  endfacet
  facet normal 0 0 1
    outer loop
      vertex 14.9726 22.4081 5.2
      vertex 15.101 20.3613 5.2
      vertex 16.0541 21.6464 5.2
    endloop
  endfacet
  facet normal 0 0 1
    outer loop
      vertex 14.9726 22.4081 5.2
      vertex 14.0837 21.0778 5.2
      vertex 15.101 20.3613 5.2
    endloop
  endfacet
  facet normal 0 0 1
    outer loop
      vertex 13.8551 23.1158 5.2
      vertex 14.0837 21.0778 5.2
      vertex 14.9726 22.4081 5.2
    endloop
  endfacet
  facet normal 0 0 1
    outer loop
      vertex 13.8551 23.1158 5.2
      vertex 13.0325 21.7434 5.2
      vertex 14.0837 21.0778 5.2
    endloop
  endfacet
  facet normal 0 0 1
    outer loop
      vertex 12.7041 23.7678 5.2
      vertex 13.0325 21.7434 5.2
      vertex 13.8551 23.1158 5.2
    endloop
  endfacet
  facet normal 0 0 1
    outer loop
      vertex 12.7041 23.7678 5.2
      vertex 11.9499 22.3567 5.2
      vertex 13.0325 21.7434 5.2
    endloop
  endfacet
  facet normal 0 0 1
    outer loop
      vertex 11.5226 24.3625 5.2
      vertex 11.9499 22.3567 5.2
      vertex 12.7041 23.7678 5.2
    endloop
  endfacet
  facet normal 0 0 1
    outer loop
      vertex 11.5226 24.3625 5.2
      vertex 10.8385 22.9161 5.2
      vertex 11.9499 22.3567 5.2
    endloop
  endfacet
  facet normal 0 0 1
    outer loop
      vertex 10.3133 24.8986 5.2
      vertex 10.8385 22.9161 5.2
      vertex 11.5226 24.3625 5.2
    endloop
  endfacet
  facet normal 0 0 1
    outer loop
      vertex 10.3133 24.8986 5.2
      vertex 9.70103 23.4203 5.2
      vertex 10.8385 22.9161 5.2
    endloop
  endfacet
  facet normal 0 0 1
    outer loop
      vertex 9.07918 25.3746 5.2
      vertex 9.70103 23.4203 5.2
      vertex 10.3133 24.8986 5.2
    endloop
  endfacet
  facet normal 0 0 1
    outer loop
      vertex 9.07918 25.3746 5.2
      vertex 8.54016 23.8681 5.2
      vertex 9.70103 23.4203 5.2
    endloop
  endfacet
  facet normal 0 0 1
    outer loop
      vertex 7.82317 25.7895 5.2
      vertex 8.54016 23.8681 5.2
      vertex 9.07918 25.3746 5.2
    endloop
  endfacet
  facet normal 0 0 1
    outer loop
      vertex 7.82317 25.7895 5.2
      vertex 7.35872 24.2584 5.2
      vertex 8.54016 23.8681 5.2
    endloop
  endfacet
  facet normal 0 0 1
    outer loop
      vertex 6.54832 26.1423 5.2
      vertex 7.35872 24.2584 5.2
      vertex 7.82317 25.7895 5.2
    endloop
  endfacet
  facet normal 0 0 1
    outer loop
      vertex 6.54832 26.1423 5.2
      vertex 6.15955 24.5903 5.2
      vertex 7.35872 24.2584 5.2
    endloop
  endfacet
  facet normal 0 0 1
    outer loop
      vertex 5.25768 26.4322 5.2
      vertex 6.15955 24.5903 5.2
      vertex 6.54832 26.1423 5.2
    endloop
  endfacet
  facet normal 0 0 1
    outer loop
      vertex 5.25768 26.4322 5.2
      vertex 4.94554 24.8629 5.2
      vertex 6.15955 24.5903 5.2
    endloop
  endfacet
  facet normal 0 0 1
    outer loop
      vertex 3.95439 26.6583 5.2
      vertex 4.94554 24.8629 5.2
      vertex 5.25768 26.4322 5.2
    endloop
  endfacet
  facet normal 0 0 1
    outer loop
      vertex 3.95439 26.6583 5.2
      vertex 3.71962 25.0756 5.2
      vertex 4.94554 24.8629 5.2
    endloop
  endfacet
  facet normal 0 0 1
    outer loop
      vertex 2.64156 26.8202 5.2
      vertex 3.71962 25.0756 5.2
      vertex 3.95439 26.6583 5.2
    endloop
  endfacet
  facet normal 0 0 1
    outer loop
      vertex 2.64156 26.8202 5.2
      vertex 2.48473 25.2279 5.2
      vertex 3.71962 25.0756 5.2
    endloop
  endfacet
  facet normal 0 0 1
    outer loop
      vertex 1.32237 26.9175 5.2
      vertex 2.48473 25.2279 5.2
      vertex 2.64156 26.8202 5.2
    endloop
  endfacet
  facet normal 0 0 1
    outer loop
      vertex 1.32237 26.9175 5.2
      vertex 1.24387 25.3195 5.2
      vertex 2.48473 25.2279 5.2
    endloop
  endfacet
  facet normal 0 0 1
    outer loop
      vertex 0 26.95 5.2
      vertex 1.24387 25.3195 5.2
      vertex 1.32237 26.9175 5.2
    endloop
  endfacet
  facet normal 0 0 1
    outer loop
      vertex 0 26.95 5.2
      vertex 0 25.35 5.2
      vertex 1.24387 25.3195 5.2
    endloop
  endfacet
  facet normal 0 0 1
    outer loop
      vertex 0 26.95 5.2
      vertex -1.24387 25.3195 5.2
      vertex 0 25.35 5.2
    endloop
  endfacet
  facet normal -0 0 1
    outer loop
      vertex -1.32237 26.9175 5.2
      vertex -1.24387 25.3195 5.2
      vertex 0 26.95 5.2
    endloop
  endfacet
  facet normal 0 0 1
    outer loop
      vertex -1.32237 26.9175 5.2
      vertex -2.48473 25.2279 5.2
      vertex -1.24387 25.3195 5.2
    endloop
  endfacet
  facet normal -0 0 1
    outer loop
      vertex -2.64156 26.8202 5.2
      vertex -2.48473 25.2279 5.2
      vertex -1.32237 26.9175 5.2
    endloop
  endfacet
  facet normal 0 0 1
    outer loop
      vertex -2.64156 26.8202 5.2
      vertex -3.71962 25.0756 5.2
      vertex -2.48473 25.2279 5.2
    endloop
  endfacet
  facet normal -0 0 1
    outer loop
      vertex -3.95439 26.6583 5.2
      vertex -3.71962 25.0756 5.2
      vertex -2.64156 26.8202 5.2
    endloop
  endfacet
  facet normal 0 0 1
    outer loop
      vertex -3.95439 26.6583 5.2
      vertex -4.94554 24.8629 5.2
      vertex -3.71962 25.0756 5.2
    endloop
  endfacet
  facet normal -0 0 1
    outer loop
      vertex -5.25768 26.4322 5.2
      vertex -4.94554 24.8629 5.2
      vertex -3.95439 26.6583 5.2
    endloop
  endfacet
  facet normal 0 0 1
    outer loop
      vertex -5.25768 26.4322 5.2
      vertex -6.15955 24.5903 5.2
      vertex -4.94554 24.8629 5.2
    endloop
  endfacet
  facet normal -0 0 1
    outer loop
      vertex -6.54832 26.1423 5.2
      vertex -6.15955 24.5903 5.2
      vertex -5.25768 26.4322 5.2
    endloop
  endfacet
  facet normal 0 0 1
    outer loop
      vertex -6.54832 26.1423 5.2
      vertex -7.35872 24.2584 5.2
      vertex -6.15955 24.5903 5.2
    endloop
  endfacet
  facet normal -0 0 1
    outer loop
      vertex -7.82317 25.7895 5.2
      vertex -7.35872 24.2584 5.2
      vertex -6.54832 26.1423 5.2
    endloop
  endfacet
  facet normal 0 0 1
    outer loop
      vertex -7.82317 25.7895 5.2
      vertex -8.54016 23.8681 5.2
      vertex -7.35872 24.2584 5.2
    endloop
  endfacet
  facet normal -0 0 1
    outer loop
      vertex -9.07918 25.3746 5.2
      vertex -8.54016 23.8681 5.2
      vertex -7.82317 25.7895 5.2
    endloop
  endfacet
  facet normal 0 0 1
    outer loop
      vertex -9.07918 25.3746 5.2
      vertex -9.70103 23.4203 5.2
      vertex -8.54016 23.8681 5.2
    endloop
  endfacet
  facet normal -0 0 1
    outer loop
      vertex -10.3133 24.8986 5.2
      vertex -9.70103 23.4203 5.2
      vertex -9.07918 25.3746 5.2
    endloop
  endfacet
  facet normal 0 0 1
    outer loop
      vertex -10.3133 24.8986 5.2
      vertex -10.8385 22.9161 5.2
      vertex -9.70103 23.4203 5.2
    endloop
  endfacet
  facet normal -0 0 1
    outer loop
      vertex -11.5226 24.3625 5.2
      vertex -10.8385 22.9161 5.2
      vertex -10.3133 24.8986 5.2
    endloop
  endfacet
  facet normal 0 0 1
    outer loop
      vertex -11.5226 24.3625 5.2
      vertex -11.9499 22.3567 5.2
      vertex -10.8385 22.9161 5.2
    endloop
  endfacet
  facet normal -0 0 1
    outer loop
      vertex -12.7041 23.7678 5.2
      vertex -11.9499 22.3567 5.2
      vertex -11.5226 24.3625 5.2
    endloop
  endfacet
  facet normal 0 0 1
    outer loop
      vertex -12.7041 23.7678 5.2
      vertex -13.0325 21.7434 5.2
      vertex -11.9499 22.3567 5.2
    endloop
  endfacet
  facet normal -0 0 1
    outer loop
      vertex -13.8551 23.1158 5.2
      vertex -13.0325 21.7434 5.2
      vertex -12.7041 23.7678 5.2
    endloop
  endfacet
  facet normal 0 0 1
    outer loop
      vertex -13.8551 23.1158 5.2
      vertex -14.0837 21.0778 5.2
      vertex -13.0325 21.7434 5.2
    endloop
  endfacet
  facet normal -0 0 1
    outer loop
      vertex -14.9726 22.4081 5.2
      vertex -14.0837 21.0778 5.2
      vertex -13.8551 23.1158 5.2
    endloop
  endfacet
  facet normal 0 0 1
    outer loop
      vertex -14.9726 22.4081 5.2
      vertex -15.101 20.3613 5.2
      vertex -14.0837 21.0778 5.2
    endloop
  endfacet
  facet normal -0 0 1
    outer loop
      vertex -16.0541 21.6464 5.2
      vertex -15.101 20.3613 5.2
      vertex -14.9726 22.4081 5.2
    endloop
  endfacet
  facet normal 0 0 1
    outer loop
      vertex -16.0541 21.6464 5.2
      vertex -16.0819 19.5958 5.2
      vertex -15.101 20.3613 5.2
    endloop
  endfacet
  facet normal -0 0 1
    outer loop
      vertex -17.0969 20.8326 5.2
      vertex -16.0819 19.5958 5.2
      vertex -16.0541 21.6464 5.2
    endloop
  endfacet
  facet normal 0 0 1
    outer loop
      vertex -16.0819 19.5958 5.2
      vertex -17.0969 20.8326 5.2
      vertex -17.024 18.7831 5.2
    endloop
  endfacet
  facet normal -0 0 1
    outer loop
      vertex -18.0985 19.9686 5.2
      vertex -17.024 18.7831 5.2
      vertex -17.0969 20.8326 5.2
    endloop
  endfacet
  facet normal 0 0 1
    outer loop
      vertex -17.024 18.7831 5.2
      vertex -18.0985 19.9686 5.2
      vertex -17.9252 17.9252 5.2
    endloop
  endfacet
  facet normal -0 0 1
    outer loop
      vertex -19.0565 19.0565 5.2
      vertex -17.9252 17.9252 5.2
      vertex -18.0985 19.9686 5.2
    endloop
  endfacet
  facet normal 0 0 1
    outer loop
      vertex -17.9252 17.9252 5.2
      vertex -19.0565 19.0565 5.2
      vertex -18.7831 17.024 5.2
    endloop
  endfacet
  facet normal -0 0 1
    outer loop
      vertex -19.9686 18.0985 5.2
      vertex -18.7831 17.024 5.2
      vertex -19.0565 19.0565 5.2
    endloop
  endfacet
  facet normal 0 0 1
    outer loop
      vertex -18.7831 17.024 5.2
      vertex -19.9686 18.0985 5.2
      vertex -19.5958 16.0819 5.2
    endloop
  endfacet
  facet normal -0 0 1
    outer loop
      vertex -20.8326 17.0969 5.2
      vertex -19.5958 16.0819 5.2
      vertex -19.9686 18.0985 5.2
    endloop
  endfacet
  facet normal 0 0 1
    outer loop
      vertex -19.5958 16.0819 5.2
      vertex -20.8326 17.0969 5.2
      vertex -20.3613 15.101 5.2
    endloop
  endfacet
  facet normal -0 0 1
    outer loop
      vertex -21.6464 16.0541 5.2
      vertex -20.3613 15.101 5.2
      vertex -20.8326 17.0969 5.2
    endloop
  endfacet
  facet normal 0 0 1
    outer loop
      vertex -20.3613 15.101 5.2
      vertex -21.6464 16.0541 5.2
      vertex -21.0778 14.0837 5.2
    endloop
  endfacet
  facet normal -0 0 1
    outer loop
      vertex -22.4081 14.9726 5.2
      vertex -21.0778 14.0837 5.2
      vertex -21.6464 16.0541 5.2
    endloop
  endfacet
  facet normal 0 0 1
    outer loop
      vertex -21.0778 14.0837 5.2
      vertex -22.4081 14.9726 5.2
      vertex -21.7434 13.0325 5.2
    endloop
  endfacet
  facet normal -0 0 1
    outer loop
      vertex -23.1158 13.8551 5.2
      vertex -21.7434 13.0325 5.2
      vertex -22.4081 14.9726 5.2
    endloop
  endfacet
  facet normal 0 0 1
    outer loop
      vertex -21.7434 13.0325 5.2
      vertex -23.1158 13.8551 5.2
      vertex -22.3567 11.9499 5.2
    endloop
  endfacet
  facet normal -0 0 1
    outer loop
      vertex -23.7678 12.7041 5.2
      vertex -22.3567 11.9499 5.2
      vertex -23.1158 13.8551 5.2
    endloop
  endfacet
  facet normal 0 0 1
    outer loop
      vertex -22.3567 11.9499 5.2
      vertex -23.7678 12.7041 5.2
      vertex -22.9161 10.8385 5.2
    endloop
  endfacet
  facet normal -0 0 1
    outer loop
      vertex -24.3625 11.5226 5.2
      vertex -22.9161 10.8385 5.2
      vertex -23.7678 12.7041 5.2
    endloop
  endfacet
  facet normal 0 0 1
    outer loop
      vertex -22.9161 10.8385 5.2
      vertex -24.3625 11.5226 5.2
      vertex -23.4203 9.70103 5.2
    endloop
  endfacet
  facet normal -0 0 1
    outer loop
      vertex -24.8986 10.3133 5.2
      vertex -23.4203 9.70103 5.2
      vertex -24.3625 11.5226 5.2
    endloop
  endfacet
  facet normal 0 0 1
    outer loop
      vertex -23.4203 9.70103 5.2
      vertex -24.8986 10.3133 5.2
      vertex -23.8681 8.54016 5.2
    endloop
  endfacet
  facet normal -0 0 1
    outer loop
      vertex -25.3746 9.07918 5.2
      vertex -23.8681 8.54016 5.2
      vertex -24.8986 10.3133 5.2
    endloop
  endfacet
  facet normal 0 0 1
    outer loop
      vertex -23.8681 8.54016 5.2
      vertex -25.3746 9.07918 5.2
      vertex -24.2584 7.35872 5.2
    endloop
  endfacet
  facet normal -0 0 1
    outer loop
      vertex -25.7895 7.82317 5.2
      vertex -24.2584 7.35872 5.2
      vertex -25.3746 9.07918 5.2
    endloop
  endfacet
  facet normal 0 0 1
    outer loop
      vertex -24.2584 7.35872 5.2
      vertex -25.7895 7.82317 5.2
      vertex -24.5903 6.15955 5.2
    endloop
  endfacet
  facet normal -0 0 1
    outer loop
      vertex -26.1423 6.54832 5.2
      vertex -24.5903 6.15955 5.2
      vertex -25.7895 7.82317 5.2
    endloop
  endfacet
  facet normal 0 0 1
    outer loop
      vertex -24.5903 6.15955 5.2
      vertex -26.1423 6.54832 5.2
      vertex -24.8629 4.94554 5.2
    endloop
  endfacet
  facet normal 0 0 1
    outer loop
      vertex -24.8629 4.94554 5.2
      vertex -26.4322 5.25768 5.2
      vertex -25.0756 3.71962 5.2
    endloop
  endfacet
  facet normal -0 0 1
    outer loop
      vertex -26.4322 5.25768 5.2
      vertex -24.8629 4.94554 5.2
      vertex -26.1423 6.54832 5.2
    endloop
  endfacet
  facet normal -0 0 1
    outer loop
      vertex 24.8629 -4.94554 5.2
      vertex 26.4322 -5.25768 5.2
      vertex 25.0756 -3.71962 5.2
    endloop
  endfacet
  facet normal 0 0 1
    outer loop
      vertex 26.4322 -5.25768 5.2
      vertex 24.8629 -4.94554 5.2
      vertex 26.1423 -6.54832 5.2
    endloop
  endfacet
  facet normal -0 0 1
    outer loop
      vertex 24.5903 -6.15955 5.2
      vertex 26.1423 -6.54832 5.2
      vertex 24.8629 -4.94554 5.2
    endloop
  endfacet
  facet normal 0 0 1
    outer loop
      vertex 26.1423 -6.54832 5.2
      vertex 24.5903 -6.15955 5.2
      vertex 25.7895 -7.82317 5.2
    endloop
  endfacet
  facet normal -0 0 1
    outer loop
      vertex 24.2584 -7.35872 5.2
      vertex 25.7895 -7.82317 5.2
      vertex 24.5903 -6.15955 5.2
    endloop
  endfacet
  facet normal 0 0 1
    outer loop
      vertex 25.7895 -7.82317 5.2
      vertex 24.2584 -7.35872 5.2
      vertex 25.3746 -9.07918 5.2
    endloop
  endfacet
  facet normal -0 0 1
    outer loop
      vertex 23.8681 -8.54016 5.2
      vertex 25.3746 -9.07918 5.2
      vertex 24.2584 -7.35872 5.2
    endloop
  endfacet
  facet normal 0 0 1
    outer loop
      vertex 25.3746 -9.07918 5.2
      vertex 23.8681 -8.54016 5.2
      vertex 24.8986 -10.3133 5.2
    endloop
  endfacet
  facet normal -0 0 1
    outer loop
      vertex 23.4203 -9.70103 5.2
      vertex 24.8986 -10.3133 5.2
      vertex 23.8681 -8.54016 5.2
    endloop
  endfacet
  facet normal 0 0 1
    outer loop
      vertex 24.8986 -10.3133 5.2
      vertex 23.4203 -9.70103 5.2
      vertex 24.3625 -11.5226 5.2
    endloop
  endfacet
  facet normal -0 0 1
    outer loop
      vertex 22.9161 -10.8385 5.2
      vertex 24.3625 -11.5226 5.2
      vertex 23.4203 -9.70103 5.2
    endloop
  endfacet
  facet normal 0 0 1
    outer loop
      vertex 24.3625 -11.5226 5.2
      vertex 22.9161 -10.8385 5.2
      vertex 23.7678 -12.7041 5.2
    endloop
  endfacet
  facet normal -0 0 1
    outer loop
      vertex 22.3567 -11.9499 5.2
      vertex 23.7678 -12.7041 5.2
      vertex 22.9161 -10.8385 5.2
    endloop
  endfacet
  facet normal 0 0 1
    outer loop
      vertex 23.7678 -12.7041 5.2
      vertex 22.3567 -11.9499 5.2
      vertex 23.1158 -13.8551 5.2
    endloop
  endfacet
  facet normal -0 0 1
    outer loop
      vertex 21.7434 -13.0325 5.2
      vertex 23.1158 -13.8551 5.2
      vertex 22.3567 -11.9499 5.2
    endloop
  endfacet
  facet normal 0 0 1
    outer loop
      vertex 23.1158 -13.8551 5.2
      vertex 21.7434 -13.0325 5.2
      vertex 22.4081 -14.9726 5.2
    endloop
  endfacet
  facet normal -0 0 1
    outer loop
      vertex 21.0778 -14.0837 5.2
      vertex 22.4081 -14.9726 5.2
      vertex 21.7434 -13.0325 5.2
    endloop
  endfacet
  facet normal 0 0 1
    outer loop
      vertex 22.4081 -14.9726 5.2
      vertex 21.0778 -14.0837 5.2
      vertex 21.6464 -16.0541 5.2
    endloop
  endfacet
  facet normal -0 0 1
    outer loop
      vertex 20.3613 -15.101 5.2
      vertex 21.6464 -16.0541 5.2
      vertex 21.0778 -14.0837 5.2
    endloop
  endfacet
  facet normal 0 0 1
    outer loop
      vertex 21.6464 -16.0541 5.2
      vertex 20.3613 -15.101 5.2
      vertex 20.8326 -17.0969 5.2
    endloop
  endfacet
  facet normal -0 0 1
    outer loop
      vertex 19.5958 -16.0819 5.2
      vertex 20.8326 -17.0969 5.2
      vertex 20.3613 -15.101 5.2
    endloop
  endfacet
  facet normal 0 0 1
    outer loop
      vertex 20.8326 -17.0969 5.2
      vertex 19.5958 -16.0819 5.2
      vertex 19.9686 -18.0985 5.2
    endloop
  endfacet
  facet normal -0 0 1
    outer loop
      vertex 18.7831 -17.024 5.2
      vertex 19.9686 -18.0985 5.2
      vertex 19.5958 -16.0819 5.2
    endloop
  endfacet
  facet normal 0 0 1
    outer loop
      vertex 19.9686 -18.0985 5.2
      vertex 18.7831 -17.024 5.2
      vertex 19.0565 -19.0565 5.2
    endloop
  endfacet
  facet normal -0 0 1
    outer loop
      vertex 17.9252 -17.9252 5.2
      vertex 19.0565 -19.0565 5.2
      vertex 18.7831 -17.024 5.2
    endloop
  endfacet
  facet normal 0 0 1
    outer loop
      vertex 19.0565 -19.0565 5.2
      vertex 17.9252 -17.9252 5.2
      vertex 18.0985 -19.9686 5.2
    endloop
  endfacet
  facet normal -0 0 1
    outer loop
      vertex 17.024 -18.7831 5.2
      vertex 18.0985 -19.9686 5.2
      vertex 17.9252 -17.9252 5.2
    endloop
  endfacet
  facet normal 0 0 1
    outer loop
      vertex 18.0985 -19.9686 5.2
      vertex 17.024 -18.7831 5.2
      vertex 17.0969 -20.8326 5.2
    endloop
  endfacet
  facet normal -0 0 1
    outer loop
      vertex 16.0819 -19.5958 5.2
      vertex 17.0969 -20.8326 5.2
      vertex 17.024 -18.7831 5.2
    endloop
  endfacet
  facet normal 0 0 1
    outer loop
      vertex 16.0819 -19.5958 5.2
      vertex 16.0541 -21.6464 5.2
      vertex 17.0969 -20.8326 5.2
    endloop
  endfacet
  facet normal -0 0 1
    outer loop
      vertex 15.101 -20.3613 5.2
      vertex 16.0541 -21.6464 5.2
      vertex 16.0819 -19.5958 5.2
    endloop
  endfacet
  facet normal 0 0 1
    outer loop
      vertex 15.101 -20.3613 5.2
      vertex 14.9726 -22.4081 5.2
      vertex 16.0541 -21.6464 5.2
    endloop
  endfacet
  facet normal -0 0 1
    outer loop
      vertex 14.0837 -21.0778 5.2
      vertex 14.9726 -22.4081 5.2
      vertex 15.101 -20.3613 5.2
    endloop
  endfacet
  facet normal 0 0 1
    outer loop
      vertex 14.0837 -21.0778 5.2
      vertex 13.8551 -23.1158 5.2
      vertex 14.9726 -22.4081 5.2
    endloop
  endfacet
  facet normal -0 0 1
    outer loop
      vertex 13.0325 -21.7434 5.2
      vertex 13.8551 -23.1158 5.2
      vertex 14.0837 -21.0778 5.2
    endloop
  endfacet
  facet normal 0 0 1
    outer loop
      vertex 13.0325 -21.7434 5.2
      vertex 12.7041 -23.7678 5.2
      vertex 13.8551 -23.1158 5.2
    endloop
  endfacet
  facet normal -0 0 1
    outer loop
      vertex 11.9499 -22.3567 5.2
      vertex 12.7041 -23.7678 5.2
      vertex 13.0325 -21.7434 5.2
    endloop
  endfacet
  facet normal 0 0 1
    outer loop
      vertex 11.9499 -22.3567 5.2
      vertex 11.5226 -24.3625 5.2
      vertex 12.7041 -23.7678 5.2
    endloop
  endfacet
  facet normal -0 0 1
    outer loop
      vertex 10.8385 -22.9161 5.2
      vertex 11.5226 -24.3625 5.2
      vertex 11.9499 -22.3567 5.2
    endloop
  endfacet
  facet normal 0 0 1
    outer loop
      vertex 10.8385 -22.9161 5.2
      vertex 10.3133 -24.8986 5.2
      vertex 11.5226 -24.3625 5.2
    endloop
  endfacet
  facet normal -0 0 1
    outer loop
      vertex 9.70103 -23.4203 5.2
      vertex 10.3133 -24.8986 5.2
      vertex 10.8385 -22.9161 5.2
    endloop
  endfacet
  facet normal 0 0 1
    outer loop
      vertex 9.70103 -23.4203 5.2
      vertex 9.07918 -25.3746 5.2
      vertex 10.3133 -24.8986 5.2
    endloop
  endfacet
  facet normal -0 0 1
    outer loop
      vertex 8.54016 -23.8681 5.2
      vertex 9.07918 -25.3746 5.2
      vertex 9.70103 -23.4203 5.2
    endloop
  endfacet
  facet normal 0 0 1
    outer loop
      vertex 8.54016 -23.8681 5.2
      vertex 7.82317 -25.7895 5.2
      vertex 9.07918 -25.3746 5.2
    endloop
  endfacet
  facet normal -0 0 1
    outer loop
      vertex 7.35872 -24.2584 5.2
      vertex 7.82317 -25.7895 5.2
      vertex 8.54016 -23.8681 5.2
    endloop
  endfacet
  facet normal 0 0 1
    outer loop
      vertex 7.35872 -24.2584 5.2
      vertex 6.54832 -26.1423 5.2
      vertex 7.82317 -25.7895 5.2
    endloop
  endfacet
  facet normal -0 0 1
    outer loop
      vertex 6.15955 -24.5903 5.2
      vertex 6.54832 -26.1423 5.2
      vertex 7.35872 -24.2584 5.2
    endloop
  endfacet
  facet normal 0 0 1
    outer loop
      vertex 6.15955 -24.5903 5.2
      vertex 5.25768 -26.4322 5.2
      vertex 6.54832 -26.1423 5.2
    endloop
  endfacet
  facet normal -0 0 1
    outer loop
      vertex 4.94554 -24.8629 5.2
      vertex 5.25768 -26.4322 5.2
      vertex 6.15955 -24.5903 5.2
    endloop
  endfacet
  facet normal 0 0 1
    outer loop
      vertex 4.94554 -24.8629 5.2
      vertex 3.95439 -26.6583 5.2
      vertex 5.25768 -26.4322 5.2
    endloop
  endfacet
  facet normal -0 0 1
    outer loop
      vertex 3.71962 -25.0756 5.2
      vertex 3.95439 -26.6583 5.2
      vertex 4.94554 -24.8629 5.2
    endloop
  endfacet
  facet normal 0 0 1
    outer loop
      vertex 3.71962 -25.0756 5.2
      vertex 2.64156 -26.8202 5.2
      vertex 3.95439 -26.6583 5.2
    endloop
  endfacet
  facet normal -0 0 1
    outer loop
      vertex 2.48473 -25.2279 5.2
      vertex 2.64156 -26.8202 5.2
      vertex 3.71962 -25.0756 5.2
    endloop
  endfacet
  facet normal 0 0 1
    outer loop
      vertex 2.48473 -25.2279 5.2
      vertex 1.32237 -26.9175 5.2
      vertex 2.64156 -26.8202 5.2
    endloop
  endfacet
  facet normal -0 0 1
    outer loop
      vertex 1.24387 -25.3195 5.2
      vertex 1.32237 -26.9175 5.2
      vertex 2.48473 -25.2279 5.2
    endloop
  endfacet
  facet normal -0 0 1
    outer loop
      vertex 1 -25.3255 5.2
      vertex 1.32237 -26.9175 5.2
      vertex 1.24387 -25.3195 5.2
    endloop
  endfacet
  facet normal 0 0 1
    outer loop
      vertex 1.32237 -26.9175 5.2
      vertex 1 -25.3255 5.2
      vertex 1 -26.9255 5.2
    endloop
  endfacet
  facet normal 0 0 1
    outer loop
      vertex -1.24387 -25.3195 5.2
      vertex -1 -26.9255 5.2
      vertex -1 -25.3255 5.2
    endloop
  endfacet
  facet normal 0 0 1
    outer loop
      vertex -1.24387 -25.3195 5.2
      vertex -1.32237 -26.9175 5.2
      vertex -1 -26.9255 5.2
    endloop
  endfacet
  facet normal 0 0 1
    outer loop
      vertex -2.48473 -25.2279 5.2
      vertex -1.32237 -26.9175 5.2
      vertex -1.24387 -25.3195 5.2
    endloop
  endfacet
  facet normal 0 0 1
    outer loop
      vertex -2.48473 -25.2279 5.2
      vertex -2.64156 -26.8202 5.2
      vertex -1.32237 -26.9175 5.2
    endloop
  endfacet
  facet normal 0 0 1
    outer loop
      vertex -3.71962 -25.0756 5.2
      vertex -2.64156 -26.8202 5.2
      vertex -2.48473 -25.2279 5.2
    endloop
  endfacet
  facet normal 0 0 1
    outer loop
      vertex -3.71962 -25.0756 5.2
      vertex -3.95439 -26.6583 5.2
      vertex -2.64156 -26.8202 5.2
    endloop
  endfacet
  facet normal 0 0 1
    outer loop
      vertex -4.94554 -24.8629 5.2
      vertex -3.95439 -26.6583 5.2
      vertex -3.71962 -25.0756 5.2
    endloop
  endfacet
  facet normal 0 0 1
    outer loop
      vertex -4.94554 -24.8629 5.2
      vertex -5.25768 -26.4322 5.2
      vertex -3.95439 -26.6583 5.2
    endloop
  endfacet
  facet normal 0 0 1
    outer loop
      vertex -6.15955 -24.5903 5.2
      vertex -5.25768 -26.4322 5.2
      vertex -4.94554 -24.8629 5.2
    endloop
  endfacet
  facet normal 0 0 1
    outer loop
      vertex -6.15955 -24.5903 5.2
      vertex -6.54832 -26.1423 5.2
      vertex -5.25768 -26.4322 5.2
    endloop
  endfacet
  facet normal 0 0 1
    outer loop
      vertex -7.35872 -24.2584 5.2
      vertex -6.54832 -26.1423 5.2
      vertex -6.15955 -24.5903 5.2
    endloop
  endfacet
  facet normal 0 0 1
    outer loop
      vertex -7.35872 -24.2584 5.2
      vertex -7.82317 -25.7895 5.2
      vertex -6.54832 -26.1423 5.2
    endloop
  endfacet
  facet normal 0 0 1
    outer loop
      vertex -8.54016 -23.8681 5.2
      vertex -7.82317 -25.7895 5.2
      vertex -7.35872 -24.2584 5.2
    endloop
  endfacet
  facet normal 0 0 1
    outer loop
      vertex -8.54016 -23.8681 5.2
      vertex -9.07918 -25.3746 5.2
      vertex -7.82317 -25.7895 5.2
    endloop
  endfacet
  facet normal 0 0 1
    outer loop
      vertex -9.70103 -23.4203 5.2
      vertex -9.07918 -25.3746 5.2
      vertex -8.54016 -23.8681 5.2
    endloop
  endfacet
  facet normal 0 0 1
    outer loop
      vertex -9.70103 -23.4203 5.2
      vertex -10.3133 -24.8986 5.2
      vertex -9.07918 -25.3746 5.2
    endloop
  endfacet
  facet normal 0 0 1
    outer loop
      vertex -10.8385 -22.9161 5.2
      vertex -10.3133 -24.8986 5.2
      vertex -9.70103 -23.4203 5.2
    endloop
  endfacet
  facet normal 0 0 1
    outer loop
      vertex -10.8385 -22.9161 5.2
      vertex -11.5226 -24.3625 5.2
      vertex -10.3133 -24.8986 5.2
    endloop
  endfacet
  facet normal 0 0 1
    outer loop
      vertex -11.9499 -22.3567 5.2
      vertex -11.5226 -24.3625 5.2
      vertex -10.8385 -22.9161 5.2
    endloop
  endfacet
  facet normal 0 0 1
    outer loop
      vertex -11.9499 -22.3567 5.2
      vertex -12.7041 -23.7678 5.2
      vertex -11.5226 -24.3625 5.2
    endloop
  endfacet
  facet normal 0 0 1
    outer loop
      vertex -13.0325 -21.7434 5.2
      vertex -12.7041 -23.7678 5.2
      vertex -11.9499 -22.3567 5.2
    endloop
  endfacet
  facet normal 0 0 1
    outer loop
      vertex -13.0325 -21.7434 5.2
      vertex -13.8551 -23.1158 5.2
      vertex -12.7041 -23.7678 5.2
    endloop
  endfacet
  facet normal 0 0 1
    outer loop
      vertex -14.0837 -21.0778 5.2
      vertex -13.8551 -23.1158 5.2
      vertex -13.0325 -21.7434 5.2
    endloop
  endfacet
  facet normal 0 0 1
    outer loop
      vertex -14.0837 -21.0778 5.2
      vertex -14.9726 -22.4081 5.2
      vertex -13.8551 -23.1158 5.2
    endloop
  endfacet
  facet normal 0 0 1
    outer loop
      vertex -15.101 -20.3613 5.2
      vertex -14.9726 -22.4081 5.2
      vertex -14.0837 -21.0778 5.2
    endloop
  endfacet
  facet normal 0 0 1
    outer loop
      vertex -15.101 -20.3613 5.2
      vertex -16.0541 -21.6464 5.2
      vertex -14.9726 -22.4081 5.2
    endloop
  endfacet
  facet normal 0 0 1
    outer loop
      vertex -16.0819 -19.5958 5.2
      vertex -16.0541 -21.6464 5.2
      vertex -15.101 -20.3613 5.2
    endloop
  endfacet
  facet normal 0 0 1
    outer loop
      vertex -17.0969 -20.8326 5.2
      vertex -16.0819 -19.5958 5.2
      vertex -17.024 -18.7831 5.2
    endloop
  endfacet
  facet normal 0 0 1
    outer loop
      vertex -16.0819 -19.5958 5.2
      vertex -17.0969 -20.8326 5.2
      vertex -16.0541 -21.6464 5.2
    endloop
  endfacet
  facet normal 0 0 1
    outer loop
      vertex -18.0985 -19.9686 5.2
      vertex -17.024 -18.7831 5.2
      vertex -17.9252 -17.9252 5.2
    endloop
  endfacet
  facet normal 0 0 1
    outer loop
      vertex -17.024 -18.7831 5.2
      vertex -18.0985 -19.9686 5.2
      vertex -17.0969 -20.8326 5.2
    endloop
  endfacet
  facet normal 0 0 1
    outer loop
      vertex -19.0565 -19.0565 5.2
      vertex -17.9252 -17.9252 5.2
      vertex -18.7831 -17.024 5.2
    endloop
  endfacet
  facet normal 0 0 1
    outer loop
      vertex -17.9252 -17.9252 5.2
      vertex -19.0565 -19.0565 5.2
      vertex -18.0985 -19.9686 5.2
    endloop
  endfacet
  facet normal 0 0 1
    outer loop
      vertex -19.9686 -18.0985 5.2
      vertex -18.7831 -17.024 5.2
      vertex -19.5958 -16.0819 5.2
    endloop
  endfacet
  facet normal 0 0 1
    outer loop
      vertex -18.7831 -17.024 5.2
      vertex -19.9686 -18.0985 5.2
      vertex -19.0565 -19.0565 5.2
    endloop
  endfacet
  facet normal 0 0 1
    outer loop
      vertex -20.8326 -17.0969 5.2
      vertex -19.5958 -16.0819 5.2
      vertex -20.3613 -15.101 5.2
    endloop
  endfacet
  facet normal 0 0 1
    outer loop
      vertex -19.5958 -16.0819 5.2
      vertex -20.8326 -17.0969 5.2
      vertex -19.9686 -18.0985 5.2
    endloop
  endfacet
  facet normal 0 0 1
    outer loop
      vertex -21.6464 -16.0541 5.2
      vertex -20.3613 -15.101 5.2
      vertex -21.0778 -14.0837 5.2
    endloop
  endfacet
  facet normal 0 0 1
    outer loop
      vertex -20.3613 -15.101 5.2
      vertex -21.6464 -16.0541 5.2
      vertex -20.8326 -17.0969 5.2
    endloop
  endfacet
  facet normal 0 0 1
    outer loop
      vertex -22.4081 -14.9726 5.2
      vertex -21.0778 -14.0837 5.2
      vertex -21.7434 -13.0325 5.2
    endloop
  endfacet
  facet normal 0 0 1
    outer loop
      vertex -23.1158 -13.8551 5.2
      vertex -21.7434 -13.0325 5.2
      vertex -22.3567 -11.9499 5.2
    endloop
  endfacet
  facet normal 0 0 1
    outer loop
      vertex -21.0778 -14.0837 5.2
      vertex -22.4081 -14.9726 5.2
      vertex -21.6464 -16.0541 5.2
    endloop
  endfacet
  facet normal 0 0 1
    outer loop
      vertex -23.7678 -12.7041 5.2
      vertex -22.3567 -11.9499 5.2
      vertex -22.9161 -10.8385 5.2
    endloop
  endfacet
  facet normal 0 0 1
    outer loop
      vertex -21.7434 -13.0325 5.2
      vertex -23.1158 -13.8551 5.2
      vertex -22.4081 -14.9726 5.2
    endloop
  endfacet
  facet normal 0 0 1
    outer loop
      vertex -24.3625 -11.5226 5.2
      vertex -22.9161 -10.8385 5.2
      vertex -23.4203 -9.70103 5.2
    endloop
  endfacet
  facet normal 0 0 1
    outer loop
      vertex -22.3567 -11.9499 5.2
      vertex -23.7678 -12.7041 5.2
      vertex -23.1158 -13.8551 5.2
    endloop
  endfacet
  facet normal 0 0 1
    outer loop
      vertex -24.8986 -10.3133 5.2
      vertex -23.4203 -9.70103 5.2
      vertex -23.8681 -8.54016 5.2
    endloop
  endfacet
  facet normal 0 0 1
    outer loop
      vertex -25.3746 -9.07918 5.2
      vertex -23.8681 -8.54016 5.2
      vertex -24.2584 -7.35872 5.2
    endloop
  endfacet
  facet normal 0 0 1
    outer loop
      vertex -22.9161 -10.8385 5.2
      vertex -24.3625 -11.5226 5.2
      vertex -23.7678 -12.7041 5.2
    endloop
  endfacet
  facet normal 0 0 1
    outer loop
      vertex -25.7895 -7.82317 5.2
      vertex -24.2584 -7.35872 5.2
      vertex -24.5903 -6.15955 5.2
    endloop
  endfacet
  facet normal 0 0 1
    outer loop
      vertex -26.1423 -6.54832 5.2
      vertex -24.5903 -6.15955 5.2
      vertex -24.8629 -4.94554 5.2
    endloop
  endfacet
  facet normal 0 0 1
    outer loop
      vertex -23.4203 -9.70103 5.2
      vertex -24.8986 -10.3133 5.2
      vertex -24.3625 -11.5226 5.2
    endloop
  endfacet
  facet normal 0 0 1
    outer loop
      vertex -26.4322 -5.25768 5.2
      vertex -24.8629 -4.94554 5.2
      vertex -25.0756 -3.71962 5.2
    endloop
  endfacet
  facet normal 0 0 1
    outer loop
      vertex -26.6583 -3.95439 5.2
      vertex -25.0756 -3.71962 5.2
      vertex -25.2279 -2.48473 5.2
    endloop
  endfacet
  facet normal 0 0 1
    outer loop
      vertex -26.8202 -2.64156 5.2
      vertex -25.2279 -2.48473 5.2
      vertex -25.3195 -1.24387 5.2
    endloop
  endfacet
  facet normal 0 0 1
    outer loop
      vertex -23.8681 -8.54016 5.2
      vertex -25.3746 -9.07918 5.2
      vertex -24.8986 -10.3133 5.2
    endloop
  endfacet
  facet normal 0 0 1
    outer loop
      vertex -26.9175 -1.32237 5.2
      vertex -25.3195 -1.24387 5.2
      vertex -25.35 0 5.2
    endloop
  endfacet
  facet normal -0 0 1
    outer loop
      vertex -26.6583 3.95439 5.2
      vertex -25.0756 3.71962 5.2
      vertex -26.4322 5.25768 5.2
    endloop
  endfacet
  facet normal 0 0 1
    outer loop
      vertex -25.0756 3.71962 5.2
      vertex -26.6583 3.95439 5.2
      vertex -25.2279 2.48473 5.2
    endloop
  endfacet
  facet normal 0 0 1
    outer loop
      vertex -24.2584 -7.35872 5.2
      vertex -25.7895 -7.82317 5.2
      vertex -25.3746 -9.07918 5.2
    endloop
  endfacet
  facet normal -0 0 1
    outer loop
      vertex -26.8202 2.64156 5.2
      vertex -25.2279 2.48473 5.2
      vertex -26.6583 3.95439 5.2
    endloop
  endfacet
  facet normal 0 0 1
    outer loop
      vertex -24.5903 -6.15955 5.2
      vertex -26.1423 -6.54832 5.2
      vertex -25.7895 -7.82317 5.2
    endloop
  endfacet
  facet normal 0 0 1
    outer loop
      vertex -25.2279 2.48473 5.2
      vertex -26.8202 2.64156 5.2
      vertex -25.3195 1.24387 5.2
    endloop
  endfacet
  facet normal 0 0 1
    outer loop
      vertex -24.8629 -4.94554 5.2
      vertex -26.4322 -5.25768 5.2
      vertex -26.1423 -6.54832 5.2
    endloop
  endfacet
  facet normal -0 0 1
    outer loop
      vertex -26.9175 1.32237 5.2
      vertex -25.3195 1.24387 5.2
      vertex -26.8202 2.64156 5.2
    endloop
  endfacet
  facet normal 0 0 1
    outer loop
      vertex -25.0756 -3.71962 5.2
      vertex -26.6583 -3.95439 5.2
      vertex -26.4322 -5.25768 5.2
    endloop
  endfacet
  facet normal 0 0 1
    outer loop
      vertex -25.3195 1.24387 5.2
      vertex -26.9175 1.32237 5.2
      vertex -25.35 0 5.2
    endloop
  endfacet
  facet normal 0 0 1
    outer loop
      vertex -25.2279 -2.48473 5.2
      vertex -26.8202 -2.64156 5.2
      vertex -26.6583 -3.95439 5.2
    endloop
  endfacet
  facet normal 0 0 1
    outer loop
      vertex -26.95 0 5.2
      vertex -25.35 0 5.2
      vertex -26.9175 1.32237 5.2
    endloop
  endfacet
  facet normal 0 0 1
    outer loop
      vertex -25.3195 -1.24387 5.2
      vertex -26.9175 -1.32237 5.2
      vertex -26.8202 -2.64156 5.2
    endloop
  endfacet
  facet normal 0 0 1
    outer loop
      vertex -25.35 0 5.2
      vertex -26.95 0 5.2
      vertex -26.9175 -1.32237 5.2
    endloop
  endfacet
  facet normal 0.97569 0.219157 0
    outer loop
      vertex 26.4322 5.25768 5.2
      vertex 26.1423 6.54832 0
      vertex 26.1423 6.54832 5.2
    endloop
  endfacet
  facet normal 0.97569 0.219157 0
    outer loop
      vertex 26.1423 6.54832 0
      vertex 26.4322 5.25768 5.2
      vertex 26.4322 5.25768 0
    endloop
  endfacet
  facet normal -0.405276 -0.914195 0
    outer loop
      vertex -11.5226 -24.3625 0
      vertex -10.3133 -24.8986 5.2
      vertex -11.5226 -24.3625 5.2
    endloop
  endfacet
  facet normal -0.405276 -0.914195 -0
    outer loop
      vertex -10.3133 -24.8986 5.2
      vertex -11.5226 -24.3625 0
      vertex -10.3133 -24.8986 0
    endloop
  endfacet
  facet normal -0.933006 0.35986 0
    outer loop
      vertex -25.3746 9.07918 0
      vertex -24.8986 10.3133 5.2
      vertex -24.8986 10.3133 0
    endloop
  endfacet
  facet normal -0.933006 0.35986 0
    outer loop
      vertex -24.8986 10.3133 5.2
      vertex -25.3746 9.07918 0
      vertex -25.3746 9.07918 5.2
    endloop
  endfacet
  facet normal 0.963776 0.266714 0
    outer loop
      vertex 26.1423 6.54832 5.2
      vertex 25.7895 7.82317 0
      vertex 25.7895 7.82317 5.2
    endloop
  endfacet
  facet normal 0.963776 0.266714 0
    outer loop
      vertex 25.7895 7.82317 0
      vertex 26.1423 6.54832 5.2
      vertex 26.1423 6.54832 0
    endloop
  endfacet
  facet normal -0.615227 0.78835 0
    outer loop
      vertex -16.0541 21.6464 0
      vertex -17.0969 20.8326 5.2
      vertex -16.0541 21.6464 5.2
    endloop
  endfacet
  facet normal -0.615227 0.78835 0
    outer loop
      vertex -17.0969 20.8326 5.2
      vertex -16.0541 21.6464 0
      vertex -17.0969 20.8326 0
    endloop
  endfacet
  facet normal -0.122394 0.992482 0
    outer loop
      vertex -2.64156 26.8202 0
      vertex -3.95439 26.6583 5.2
      vertex -2.64156 26.8202 5.2
    endloop
  endfacet
  facet normal -0.122394 0.992482 0
    outer loop
      vertex -3.95439 26.6583 5.2
      vertex -2.64156 26.8202 0
      vertex -3.95439 26.6583 0
    endloop
  endfacet
  facet normal 0.724244 -0.689544 0
    outer loop
      vertex 19.0565 -19.0565 5.2
      vertex 19.9686 -18.0985 0
      vertex 19.9686 -18.0985 5.2
    endloop
  endfacet
  facet normal 0.724244 -0.689544 0
    outer loop
      vertex 19.9686 -18.0985 0
      vertex 19.0565 -19.0565 5.2
      vertex 19.0565 -19.0565 0
    endloop
  endfacet
  facet normal -0.724244 -0.689544 0
    outer loop
      vertex -19.0565 -19.0565 0
      vertex -19.9686 -18.0985 5.2
      vertex -19.9686 -18.0985 0
    endloop
  endfacet
  facet normal -0.724244 -0.689544 0
    outer loop
      vertex -19.9686 -18.0985 5.2
      vertex -19.0565 -19.0565 0
      vertex -19.0565 -19.0565 5.2
    endloop
  endfacet
  facet normal 0.724244 0.689544 0
    outer loop
      vertex 19.9686 18.0985 5.2
      vertex 19.0565 19.0565 0
      vertex 19.0565 19.0565 5.2
    endloop
  endfacet
  facet normal 0.724244 0.689544 0
    outer loop
      vertex 19.0565 19.0565 0
      vertex 19.9686 18.0985 5.2
      vertex 19.9686 18.0985 0
    endloop
  endfacet
  facet normal 0.757204 0.653179 0
    outer loop
      vertex 20.8326 17.0969 5.2
      vertex 19.9686 18.0985 0
      vertex 19.9686 18.0985 5.2
    endloop
  endfacet
  facet normal 0.757204 0.653179 0
    outer loop
      vertex 19.9686 18.0985 0
      vertex 20.8326 17.0969 5.2
      vertex 20.8326 17.0969 0
    endloop
  endfacet
  facet normal -0.122394 -0.992482 0
    outer loop
      vertex -3.95439 -26.6583 0
      vertex -2.64156 -26.8202 5.2
      vertex -3.95439 -26.6583 5.2
    endloop
  endfacet
  facet normal -0.122394 -0.992482 -0
    outer loop
      vertex -2.64156 -26.8202 5.2
      vertex -3.95439 -26.6583 0
      vertex -2.64156 -26.8202 0
    endloop
  endfacet
  facet normal -0.97569 0.219157 0
    outer loop
      vertex -26.4322 5.25768 0
      vertex -26.1423 6.54832 5.2
      vertex -26.1423 6.54832 0
    endloop
  endfacet
  facet normal -0.97569 0.219157 0
    outer loop
      vertex -26.1423 6.54832 5.2
      vertex -26.4322 5.25768 0
      vertex -26.4322 5.25768 5.2
    endloop
  endfacet
  facet normal -0.999698 0.0245697 0
    outer loop
      vertex -26.95 0 0
      vertex -26.9175 1.32237 5.2
      vertex -26.9175 1.32237 0
    endloop
  endfacet
  facet normal -0.999698 0.0245697 0
    outer loop
      vertex -26.9175 1.32237 5.2
      vertex -26.95 0 0
      vertex -26.95 0 5.2
    endloop
  endfacet
  facet normal -0.933006 -0.35986 0
    outer loop
      vertex -24.8986 -10.3133 0
      vertex -25.3746 -9.07918 5.2
      vertex -25.3746 -9.07918 0
    endloop
  endfacet
  facet normal -0.933006 -0.35986 0
    outer loop
      vertex -25.3746 -9.07918 5.2
      vertex -24.8986 -10.3133 0
      vertex -24.8986 -10.3133 5.2
    endloop
  endfacet
  facet normal -0.949535 -0.313662 0
    outer loop
      vertex -25.3746 -9.07918 0
      vertex -25.7895 -7.82317 5.2
      vertex -25.7895 -7.82317 0
    endloop
  endfacet
  facet normal -0.949535 -0.313662 0
    outer loop
      vertex -25.7895 -7.82317 5.2
      vertex -25.3746 -9.07918 0
      vertex -25.3746 -9.07918 5.2
    endloop
  endfacet
  facet normal -0.817577 -0.575819 0
    outer loop
      vertex -21.6464 -16.0541 0
      vertex -22.4081 -14.9726 5.2
      vertex -22.4081 -14.9726 0
    endloop
  endfacet
  facet normal -0.817577 -0.575819 0
    outer loop
      vertex -22.4081 -14.9726 5.2
      vertex -21.6464 -16.0541 0
      vertex -21.6464 -16.0541 5.2
    endloop
  endfacet
  facet normal -0.817577 0.575819 0
    outer loop
      vertex -22.4081 14.9726 0
      vertex -21.6464 16.0541 5.2
      vertex -21.6464 16.0541 0
    endloop
  endfacet
  facet normal -0.817577 0.575819 0
    outer loop
      vertex -21.6464 16.0541 5.2
      vertex -22.4081 14.9726 0
      vertex -22.4081 14.9726 5.2
    endloop
  endfacet
  facet normal 0.449601 -0.893229 0
    outer loop
      vertex 11.5226 -24.3625 0
      vertex 12.7041 -23.7678 5.2
      vertex 11.5226 -24.3625 5.2
    endloop
  endfacet
  facet normal 0.449601 -0.893229 0
    outer loop
      vertex 12.7041 -23.7678 5.2
      vertex 11.5226 -24.3625 0
      vertex 12.7041 -23.7678 0
    endloop
  endfacet
  facet normal 0.933006 0.35986 0
    outer loop
      vertex 25.3746 9.07918 5.2
      vertex 24.8986 10.3133 0
      vertex 24.8986 10.3133 5.2
    endloop
  endfacet
  facet normal 0.933006 0.35986 0
    outer loop
      vertex 24.8986 10.3133 0
      vertex 25.3746 9.07918 5.2
      vertex 25.3746 9.07918 0
    endloop
  endfacet
  facet normal 0.914195 0.405276 0
    outer loop
      vertex 24.8986 10.3133 5.2
      vertex 24.3625 11.5226 0
      vertex 24.3625 11.5226 5.2
    endloop
  endfacet
  facet normal 0.914195 0.405276 0
    outer loop
      vertex 24.3625 11.5226 0
      vertex 24.8986 10.3133 5.2
      vertex 24.8986 10.3133 0
    endloop
  endfacet
  facet normal -0.535025 -0.844836 0
    outer loop
      vertex -14.9726 -22.4081 0
      vertex -13.8551 -23.1158 5.2
      vertex -14.9726 -22.4081 5.2
    endloop
  endfacet
  facet normal -0.535025 -0.844836 -0
    outer loop
      vertex -13.8551 -23.1158 5.2
      vertex -14.9726 -22.4081 0
      vertex -13.8551 -23.1158 0
    endloop
  endfacet
  facet normal 0.844836 -0.535025 0
    outer loop
      vertex 22.4081 -14.9726 5.2
      vertex 23.1158 -13.8551 0
      vertex 23.1158 -13.8551 5.2
    endloop
  endfacet
  facet normal 0.844836 -0.535025 0
    outer loop
      vertex 23.1158 -13.8551 0
      vertex 22.4081 -14.9726 5.2
      vertex 22.4081 -14.9726 0
    endloop
  endfacet
  facet normal 0.122394 -0.992482 0
    outer loop
      vertex 2.64156 -26.8202 0
      vertex 3.95439 -26.6583 5.2
      vertex 2.64156 -26.8202 5.2
    endloop
  endfacet
  facet normal 0.122394 -0.992482 0
    outer loop
      vertex 3.95439 -26.6583 5.2
      vertex 2.64156 -26.8202 0
      vertex 3.95439 -26.6583 0
    endloop
  endfacet
  facet normal 0.492879 -0.870098 0
    outer loop
      vertex 12.7041 -23.7678 0
      vertex 13.8551 -23.1158 5.2
      vertex 12.7041 -23.7678 5.2
    endloop
  endfacet
  facet normal 0.492879 -0.870098 0
    outer loop
      vertex 13.8551 -23.1158 5.2
      vertex 12.7041 -23.7678 0
      vertex 13.8551 -23.1158 0
    endloop
  endfacet
  facet normal -0.844836 0.535025 0
    outer loop
      vertex -23.1158 13.8551 0
      vertex -22.4081 14.9726 5.2
      vertex -22.4081 14.9726 0
    endloop
  endfacet
  facet normal -0.844836 0.535025 0
    outer loop
      vertex -22.4081 14.9726 5.2
      vertex -23.1158 13.8551 0
      vertex -23.1158 13.8551 5.2
    endloop
  endfacet
  facet normal -0.844836 -0.535025 0
    outer loop
      vertex -22.4081 -14.9726 0
      vertex -23.1158 -13.8551 5.2
      vertex -23.1158 -13.8551 0
    endloop
  endfacet
  facet normal -0.844836 -0.535025 0
    outer loop
      vertex -23.1158 -13.8551 5.2
      vertex -22.4081 -14.9726 0
      vertex -22.4081 -14.9726 5.2
    endloop
  endfacet
  facet normal 0.35986 0.933006 -0
    outer loop
      vertex 10.3133 24.8986 0
      vertex 9.07918 25.3746 5.2
      vertex 10.3133 24.8986 5.2
    endloop
  endfacet
  facet normal 0.35986 0.933006 0
    outer loop
      vertex 9.07918 25.3746 5.2
      vertex 10.3133 24.8986 0
      vertex 9.07918 25.3746 0
    endloop
  endfacet
  facet normal -0.724244 0.689544 0
    outer loop
      vertex -19.9686 18.0985 0
      vertex -19.0565 19.0565 5.2
      vertex -19.0565 19.0565 0
    endloop
  endfacet
  facet normal -0.724244 0.689544 0
    outer loop
      vertex -19.0565 19.0565 5.2
      vertex -19.9686 18.0985 0
      vertex -19.9686 18.0985 5.2
    endloop
  endfacet
  facet normal 0.266714 -0.963776 0
    outer loop
      vertex 6.54832 -26.1423 0
      vertex 7.82317 -25.7895 5.2
      vertex 6.54832 -26.1423 5.2
    endloop
  endfacet
  facet normal 0.266714 -0.963776 0
    outer loop
      vertex 7.82317 -25.7895 5.2
      vertex 6.54832 -26.1423 0
      vertex 7.82317 -25.7895 0
    endloop
  endfacet
  facet normal -0.893229 -0.449601 0
    outer loop
      vertex -23.7678 -12.7041 0
      vertex -24.3625 -11.5226 5.2
      vertex -24.3625 -11.5226 0
    endloop
  endfacet
  facet normal -0.893229 -0.449601 0
    outer loop
      vertex -24.3625 -11.5226 5.2
      vertex -23.7678 -12.7041 0
      vertex -23.7678 -12.7041 5.2
    endloop
  endfacet
  facet normal -0.492879 -0.870098 0
    outer loop
      vertex -13.8551 -23.1158 0
      vertex -12.7041 -23.7678 5.2
      vertex -13.8551 -23.1158 5.2
    endloop
  endfacet
  facet normal -0.492879 -0.870098 -0
    outer loop
      vertex -12.7041 -23.7678 5.2
      vertex -13.8551 -23.1158 0
      vertex -12.7041 -23.7678 0
    endloop
  endfacet
  facet normal -0.0735576 -0.997291 0
    outer loop
      vertex -2.64156 -26.8202 0
      vertex -1.32237 -26.9175 5.2
      vertex -2.64156 -26.8202 5.2
    endloop
  endfacet
  facet normal -0.0735576 -0.997291 -0
    outer loop
      vertex -1.32237 -26.9175 5.2
      vertex -2.64156 -26.8202 0
      vertex -1.32237 -26.9175 0
    endloop
  endfacet
  facet normal 0.0735576 0.997291 -0
    outer loop
      vertex 2.64156 26.8202 0
      vertex 1.32237 26.9175 5.2
      vertex 2.64156 26.8202 5.2
    endloop
  endfacet
  facet normal 0.0735576 0.997291 0
    outer loop
      vertex 1.32237 26.9175 5.2
      vertex 2.64156 26.8202 0
      vertex 1.32237 26.9175 0
    endloop
  endfacet
  facet normal 0.985283 -0.170931 0
    outer loop
      vertex 26.4322 -5.25768 5.2
      vertex 26.6583 -3.95439 0
      vertex 26.6583 -3.95439 5.2
    endloop
  endfacet
  facet normal 0.985283 -0.170931 0
    outer loop
      vertex 26.6583 -3.95439 0
      vertex 26.4322 -5.25768 5.2
      vertex 26.4322 -5.25768 0
    endloop
  endfacet
  facet normal -0.449601 0.893229 0
    outer loop
      vertex -11.5226 24.3625 0
      vertex -12.7041 23.7678 5.2
      vertex -11.5226 24.3625 5.2
    endloop
  endfacet
  facet normal -0.449601 0.893229 0
    outer loop
      vertex -12.7041 23.7678 5.2
      vertex -11.5226 24.3625 0
      vertex -12.7041 23.7678 0
    endloop
  endfacet
  facet normal -0.266714 -0.963776 0
    outer loop
      vertex -7.82317 -25.7895 0
      vertex -6.54832 -26.1423 5.2
      vertex -7.82317 -25.7895 5.2
    endloop
  endfacet
  facet normal -0.266714 -0.963776 -0
    outer loop
      vertex -6.54832 -26.1423 5.2
      vertex -7.82317 -25.7895 0
      vertex -6.54832 -26.1423 0
    endloop
  endfacet
  facet normal -0.963776 0.266714 0
    outer loop
      vertex -26.1423 6.54832 0
      vertex -25.7895 7.82317 5.2
      vertex -25.7895 7.82317 0
    endloop
  endfacet
  facet normal -0.963776 0.266714 0
    outer loop
      vertex -25.7895 7.82317 5.2
      vertex -26.1423 6.54832 0
      vertex -26.1423 6.54832 5.2
    endloop
  endfacet
  facet normal -0.615227 -0.78835 0
    outer loop
      vertex -17.0969 -20.8326 0
      vertex -16.0541 -21.6464 5.2
      vertex -17.0969 -20.8326 5.2
    endloop
  endfacet
  facet normal -0.615227 -0.78835 -0
    outer loop
      vertex -16.0541 -21.6464 5.2
      vertex -17.0969 -20.8326 0
      vertex -16.0541 -21.6464 0
    endloop
  endfacet
  facet normal 0.492879 0.870098 -0
    outer loop
      vertex 13.8551 23.1158 0
      vertex 12.7041 23.7678 5.2
      vertex 13.8551 23.1158 5.2
    endloop
  endfacet
  facet normal 0.492879 0.870098 0
    outer loop
      vertex 12.7041 23.7678 5.2
      vertex 13.8551 23.1158 0
      vertex 12.7041 23.7678 0
    endloop
  endfacet
  facet normal 0.615227 -0.78835 0
    outer loop
      vertex 16.0541 -21.6464 0
      vertex 17.0969 -20.8326 5.2
      vertex 16.0541 -21.6464 5.2
    endloop
  endfacet
  facet normal 0.615227 -0.78835 0
    outer loop
      vertex 17.0969 -20.8326 5.2
      vertex 16.0541 -21.6464 0
      vertex 17.0969 -20.8326 0
    endloop
  endfacet
  facet normal -0.914195 -0.405276 0
    outer loop
      vertex -24.3625 -11.5226 0
      vertex -24.8986 -10.3133 5.2
      vertex -24.8986 -10.3133 0
    endloop
  endfacet
  facet normal -0.914195 -0.405276 0
    outer loop
      vertex -24.8986 -10.3133 5.2
      vertex -24.3625 -11.5226 0
      vertex -24.3625 -11.5226 5.2
    endloop
  endfacet
  facet normal 0.0245697 0.999698 -0
    outer loop
      vertex 1.32237 26.9175 0
      vertex 0 26.95 5.2
      vertex 1.32237 26.9175 5.2
    endloop
  endfacet
  facet normal 0.0245697 0.999698 0
    outer loop
      vertex 0 26.95 5.2
      vertex 1.32237 26.9175 0
      vertex 0 26.95 0
    endloop
  endfacet
  facet normal -0.313662 -0.949535 0
    outer loop
      vertex -9.07918 -25.3746 0
      vertex -7.82317 -25.7895 5.2
      vertex -9.07918 -25.3746 5.2
    endloop
  endfacet
  facet normal -0.313662 -0.949535 -0
    outer loop
      vertex -7.82317 -25.7895 5.2
      vertex -9.07918 -25.3746 0
      vertex -7.82317 -25.7895 0
    endloop
  endfacet
  facet normal 0.266714 0.963776 -0
    outer loop
      vertex 7.82317 25.7895 0
      vertex 6.54832 26.1423 5.2
      vertex 7.82317 25.7895 5.2
    endloop
  endfacet
  facet normal 0.266714 0.963776 0
    outer loop
      vertex 6.54832 26.1423 5.2
      vertex 7.82317 25.7895 0
      vertex 6.54832 26.1423 0
    endloop
  endfacet
  facet normal -0.78835 0.615227 0
    outer loop
      vertex -21.6464 16.0541 0
      vertex -20.8326 17.0969 5.2
      vertex -20.8326 17.0969 0
    endloop
  endfacet
  facet normal -0.78835 0.615227 0
    outer loop
      vertex -20.8326 17.0969 5.2
      vertex -21.6464 16.0541 0
      vertex -21.6464 16.0541 5.2
    endloop
  endfacet
  facet normal -0.997291 0.0735576 0
    outer loop
      vertex -26.9175 1.32237 0
      vertex -26.8202 2.64156 5.2
      vertex -26.8202 2.64156 0
    endloop
  endfacet
  facet normal -0.997291 0.0735576 0
    outer loop
      vertex -26.8202 2.64156 5.2
      vertex -26.9175 1.32237 0
      vertex -26.9175 1.32237 5.2
    endloop
  endfacet
  facet normal -0.985283 0.170931 0
    outer loop
      vertex -26.6583 3.95439 0
      vertex -26.4322 5.25768 5.2
      vertex -26.4322 5.25768 0
    endloop
  endfacet
  facet normal -0.985283 0.170931 0
    outer loop
      vertex -26.4322 5.25768 5.2
      vertex -26.6583 3.95439 0
      vertex -26.6583 3.95439 5.2
    endloop
  endfacet
  facet normal -0.170931 -0.985283 0
    outer loop
      vertex -5.25768 -26.4322 0
      vertex -3.95439 -26.6583 5.2
      vertex -5.25768 -26.4322 5.2
    endloop
  endfacet
  facet normal -0.170931 -0.985283 -0
    outer loop
      vertex -3.95439 -26.6583 5.2
      vertex -5.25768 -26.4322 0
      vertex -3.95439 -26.6583 0
    endloop
  endfacet
  facet normal -0.266714 0.963776 0
    outer loop
      vertex -6.54832 26.1423 0
      vertex -7.82317 25.7895 5.2
      vertex -6.54832 26.1423 5.2
    endloop
  endfacet
  facet normal -0.266714 0.963776 0
    outer loop
      vertex -7.82317 25.7895 5.2
      vertex -6.54832 26.1423 0
      vertex -7.82317 25.7895 0
    endloop
  endfacet
  facet normal -0.78835 -0.615227 0
    outer loop
      vertex -20.8326 -17.0969 0
      vertex -21.6464 -16.0541 5.2
      vertex -21.6464 -16.0541 0
    endloop
  endfacet
  facet normal -0.78835 -0.615227 0
    outer loop
      vertex -21.6464 -16.0541 5.2
      vertex -20.8326 -17.0969 0
      vertex -20.8326 -17.0969 5.2
    endloop
  endfacet
  facet normal -0.893229 0.449601 0
    outer loop
      vertex -24.3625 11.5226 0
      vertex -23.7678 12.7041 5.2
      vertex -23.7678 12.7041 0
    endloop
  endfacet
  facet normal -0.893229 0.449601 0
    outer loop
      vertex -23.7678 12.7041 5.2
      vertex -24.3625 11.5226 0
      vertex -24.3625 11.5226 5.2
    endloop
  endfacet
  facet normal 0.313662 0.949535 -0
    outer loop
      vertex 9.07918 25.3746 0
      vertex 7.82317 25.7895 5.2
      vertex 9.07918 25.3746 5.2
    endloop
  endfacet
  facet normal 0.313662 0.949535 0
    outer loop
      vertex 7.82317 25.7895 5.2
      vertex 9.07918 25.3746 0
      vertex 7.82317 25.7895 0
    endloop
  endfacet
  facet normal 0.219157 0.97569 -0
    outer loop
      vertex 6.54832 26.1423 0
      vertex 5.25768 26.4322 5.2
      vertex 6.54832 26.1423 5.2
    endloop
  endfacet
  facet normal 0.219157 0.97569 0
    outer loop
      vertex 5.25768 26.4322 5.2
      vertex 6.54832 26.1423 0
      vertex 5.25768 26.4322 0
    endloop
  endfacet
  facet normal -0.963776 -0.266714 0
    outer loop
      vertex -25.7895 -7.82317 0
      vertex -26.1423 -6.54832 5.2
      vertex -26.1423 -6.54832 0
    endloop
  endfacet
  facet normal -0.963776 -0.266714 0
    outer loop
      vertex -26.1423 -6.54832 5.2
      vertex -25.7895 -7.82317 0
      vertex -25.7895 -7.82317 5.2
    endloop
  endfacet
  facet normal -0.653179 -0.757204 0
    outer loop
      vertex -18.0985 -19.9686 0
      vertex -17.0969 -20.8326 5.2
      vertex -18.0985 -19.9686 5.2
    endloop
  endfacet
  facet normal -0.653179 -0.757204 -0
    outer loop
      vertex -17.0969 -20.8326 5.2
      vertex -18.0985 -19.9686 0
      vertex -17.0969 -20.8326 0
    endloop
  endfacet
  facet normal -0.870098 0.492879 0
    outer loop
      vertex -23.7678 12.7041 0
      vertex -23.1158 13.8551 5.2
      vertex -23.1158 13.8551 0
    endloop
  endfacet
  facet normal -0.870098 0.492879 0
    outer loop
      vertex -23.1158 13.8551 5.2
      vertex -23.7678 12.7041 0
      vertex -23.7678 12.7041 5.2
    endloop
  endfacet
  facet normal -0.405276 0.914195 0
    outer loop
      vertex -10.3133 24.8986 0
      vertex -11.5226 24.3625 5.2
      vertex -10.3133 24.8986 5.2
    endloop
  endfacet
  facet normal -0.405276 0.914195 0
    outer loop
      vertex -11.5226 24.3625 5.2
      vertex -10.3133 24.8986 0
      vertex -11.5226 24.3625 0
    endloop
  endfacet
  facet normal -0.575819 -0.817577 0
    outer loop
      vertex -16.0541 -21.6464 0
      vertex -14.9726 -22.4081 5.2
      vertex -16.0541 -21.6464 5.2
    endloop
  endfacet
  facet normal -0.575819 -0.817577 -0
    outer loop
      vertex -14.9726 -22.4081 5.2
      vertex -16.0541 -21.6464 0
      vertex -14.9726 -22.4081 0
    endloop
  endfacet
  facet normal 0.266746 0.963767 -0
    outer loop
      vertex -6.15955 -24.5903 1.2
      vertex -7.35872 -24.2584 5.2
      vertex -6.15955 -24.5903 5.2
    endloop
  endfacet
  facet normal 0.266746 0.963767 0
    outer loop
      vertex -7.35872 -24.2584 5.2
      vertex -6.15955 -24.5903 1.2
      vertex -7.35872 -24.2584 1.2
    endloop
  endfacet
  facet normal -0.932992 -0.359897 0
    outer loop
      vertex 23.8681 8.54016 1.2
      vertex 23.4203 9.70103 5.2
      vertex 23.4203 9.70103 1.2
    endloop
  endfacet
  facet normal -0.932992 -0.359897 0
    outer loop
      vertex 23.4203 9.70103 5.2
      vertex 23.8681 8.54016 1.2
      vertex 23.8681 8.54016 5.2
    endloop
  endfacet
  facet normal -0.997286 -0.0736195 0
    outer loop
      vertex 25.3195 1.24387 1.2
      vertex 25.2279 2.48473 5.2
      vertex 25.2279 2.48473 1.2
    endloop
  endfacet
  facet normal -0.997286 -0.0736195 0
    outer loop
      vertex 25.2279 2.48473 5.2
      vertex 25.3195 1.24387 1.2
      vertex 25.3195 1.24387 5.2
    endloop
  endfacet
  facet normal -0.9997 -0.0245129 0
    outer loop
      vertex 25.35 0 1.2
      vertex 25.3195 1.24387 5.2
      vertex 25.3195 1.24387 1.2
    endloop
  endfacet
  facet normal -0.9997 -0.0245129 0
    outer loop
      vertex 25.3195 1.24387 5.2
      vertex 25.35 0 1.2
      vertex 25.35 0 5.2
    endloop
  endfacet
  facet normal -0.99248 -0.122403 0
    outer loop
      vertex 25.2279 2.48473 1.2
      vertex 25.0756 3.71962 5.2
      vertex 25.0756 3.71962 1.2
    endloop
  endfacet
  facet normal -0.99248 -0.122403 0
    outer loop
      vertex 25.0756 3.71962 5.2
      vertex 25.2279 2.48473 1.2
      vertex 25.2279 2.48473 5.2
    endloop
  endfacet
  facet normal -0.975705 -0.21909 0
    outer loop
      vertex 24.8629 4.94554 1.2
      vertex 24.5903 6.15955 5.2
      vertex 24.5903 6.15955 1.2
    endloop
  endfacet
  facet normal -0.975705 -0.21909 0
    outer loop
      vertex 24.5903 6.15955 5.2
      vertex 24.8629 4.94554 1.2
      vertex 24.8629 4.94554 5.2
    endloop
  endfacet
  facet normal -0.844877 -0.53496 0
    outer loop
      vertex 21.7434 13.0325 1.2
      vertex 21.0778 14.0837 5.2
      vertex 21.0778 14.0837 1.2
    endloop
  endfacet
  facet normal -0.844877 -0.53496 0
    outer loop
      vertex 21.0778 14.0837 5.2
      vertex 21.7434 13.0325 1.2
      vertex 21.7434 13.0325 5.2
    endloop
  endfacet
  facet normal -0.53496 0.844877 0
    outer loop
      vertex 14.0837 -21.0778 1.2
      vertex 13.0325 -21.7434 5.2
      vertex 14.0837 -21.0778 5.2
    endloop
  endfacet
  facet normal -0.53496 0.844877 0
    outer loop
      vertex 13.0325 -21.7434 5.2
      vertex 14.0837 -21.0778 1.2
      vertex 13.0325 -21.7434 1.2
    endloop
  endfacet
  facet normal -0.893235 -0.449591 0
    outer loop
      vertex 22.9161 10.8385 1.2
      vertex 22.3567 11.9499 5.2
      vertex 22.3567 11.9499 1.2
    endloop
  endfacet
  facet normal -0.893235 -0.449591 0
    outer loop
      vertex 22.3567 11.9499 5.2
      vertex 22.9161 10.8385 1.2
      vertex 22.9161 10.8385 5.2
    endloop
  endfacet
  facet normal 0.449591 -0.893235 0
    outer loop
      vertex -11.9499 22.3567 1.2
      vertex -10.8385 22.9161 5.2
      vertex -11.9499 22.3567 5.2
    endloop
  endfacet
  facet normal 0.449591 -0.893235 0
    outer loop
      vertex -10.8385 22.9161 5.2
      vertex -11.9499 22.3567 1.2
      vertex -10.8385 22.9161 1.2
    endloop
  endfacet
  facet normal 0.844877 0.53496 0
    outer loop
      vertex -21.0778 -14.0837 5.2
      vertex -21.7434 -13.0325 1.2
      vertex -21.7434 -13.0325 5.2
    endloop
  endfacet
  facet normal 0.844877 0.53496 0
    outer loop
      vertex -21.7434 -13.0325 1.2
      vertex -21.0778 -14.0837 5.2
      vertex -21.0778 -14.0837 1.2
    endloop
  endfacet
  facet normal 0.949527 -0.313685 0
    outer loop
      vertex -24.2584 7.35872 5.2
      vertex -23.8681 8.54016 1.2
      vertex -23.8681 8.54016 5.2
    endloop
  endfacet
  facet normal 0.949527 -0.313685 0
    outer loop
      vertex -23.8681 8.54016 1.2
      vertex -24.2584 7.35872 5.2
      vertex -24.2584 7.35872 1.2
    endloop
  endfacet
  facet normal -0.99248 0.122403 0
    outer loop
      vertex 25.0756 -3.71962 1.2
      vertex 25.2279 -2.48473 5.2
      vertex 25.2279 -2.48473 1.2
    endloop
  endfacet
  facet normal -0.99248 0.122403 0
    outer loop
      vertex 25.2279 -2.48473 5.2
      vertex 25.0756 -3.71962 1.2
      vertex 25.0756 -3.71962 5.2
    endloop
  endfacet
  facet normal 0.98528 -0.170948 0
    outer loop
      vertex -25.0756 3.71962 5.2
      vertex -24.8629 4.94554 1.2
      vertex -24.8629 4.94554 5.2
    endloop
  endfacet
  facet normal 0.98528 -0.170948 0
    outer loop
      vertex -24.8629 4.94554 1.2
      vertex -25.0756 3.71962 5.2
      vertex -25.0756 3.71962 1.2
    endloop
  endfacet
  facet normal -0.949527 -0.313685 0
    outer loop
      vertex 24.2584 7.35872 1.2
      vertex 23.8681 8.54016 5.2
      vertex 23.8681 8.54016 1.2
    endloop
  endfacet
  facet normal -0.949527 -0.313685 0
    outer loop
      vertex 23.8681 8.54016 5.2
      vertex 24.2584 7.35872 1.2
      vertex 24.2584 7.35872 5.2
    endloop
  endfacet
  facet normal -0.870082 -0.492907 0
    outer loop
      vertex 22.3567 11.9499 1.2
      vertex 21.7434 13.0325 5.2
      vertex 21.7434 13.0325 1.2
    endloop
  endfacet
  facet normal -0.870082 -0.492907 0
    outer loop
      vertex 21.7434 13.0325 5.2
      vertex 22.3567 11.9499 1.2
      vertex 22.3567 11.9499 5.2
    endloop
  endfacet
  facet normal 0.0736195 -0.997286 0
    outer loop
      vertex -2.48473 25.2279 1.2
      vertex -1.24387 25.3195 5.2
      vertex -2.48473 25.2279 5.2
    endloop
  endfacet
  facet normal 0.0736195 -0.997286 0
    outer loop
      vertex -1.24387 25.3195 5.2
      vertex -2.48473 25.2279 1.2
      vertex -1.24387 25.3195 1.2
    endloop
  endfacet
  facet normal 0.963767 -0.266746 0
    outer loop
      vertex -24.5903 6.15955 5.2
      vertex -24.2584 7.35872 1.2
      vertex -24.2584 7.35872 5.2
    endloop
  endfacet
  facet normal 0.963767 -0.266746 0
    outer loop
      vertex -24.2584 7.35872 1.2
      vertex -24.5903 6.15955 5.2
      vertex -24.5903 6.15955 1.2
    endloop
  endfacet
  facet normal -0.492907 -0.870082 0
    outer loop
      vertex 11.9499 22.3567 1.2
      vertex 13.0325 21.7434 5.2
      vertex 11.9499 22.3567 5.2
    endloop
  endfacet
  facet normal -0.492907 -0.870082 -0
    outer loop
      vertex 13.0325 21.7434 5.2
      vertex 11.9499 22.3567 1.2
      vertex 13.0325 21.7434 1.2
    endloop
  endfacet
  facet normal -0.0736195 0.997286 0
    outer loop
      vertex 2.48473 -25.2279 1.2
      vertex 1.24387 -25.3195 5.2
      vertex 2.48473 -25.2279 5.2
    endloop
  endfacet
  facet normal -0.0736195 0.997286 0
    outer loop
      vertex 1.24387 -25.3195 5.2
      vertex 2.48473 -25.2279 1.2
      vertex 1.24387 -25.3195 1.2
    endloop
  endfacet
  facet normal -0.359897 -0.932992 0
    outer loop
      vertex 8.54016 23.8681 1.2
      vertex 9.70103 23.4203 5.2
      vertex 8.54016 23.8681 5.2
    endloop
  endfacet
  facet normal -0.359897 -0.932992 -0
    outer loop
      vertex 9.70103 23.4203 5.2
      vertex 8.54016 23.8681 1.2
      vertex 9.70103 23.4203 1.2
    endloop
  endfacet
  facet normal -0.9997 0.0245129 0
    outer loop
      vertex 25.3195 -1.24387 1.2
      vertex 25.35 0 5.2
      vertex 25.35 0 1.2
    endloop
  endfacet
  facet normal -0.9997 0.0245129 0
    outer loop
      vertex 25.35 0 5.2
      vertex 25.3195 -1.24387 1.2
      vertex 25.3195 -1.24387 5.2
    endloop
  endfacet
  facet normal 0.21909 -0.975705 0
    outer loop
      vertex -6.15955 24.5903 1.2
      vertex -4.94554 24.8629 5.2
      vertex -6.15955 24.5903 5.2
    endloop
  endfacet
  facet normal 0.21909 -0.975705 0
    outer loop
      vertex -4.94554 24.8629 5.2
      vertex -6.15955 24.5903 1.2
      vertex -4.94554 24.8629 1.2
    endloop
  endfacet
  facet normal 0.99248 0.122403 0
    outer loop
      vertex -25.0756 -3.71962 5.2
      vertex -25.2279 -2.48473 1.2
      vertex -25.2279 -2.48473 5.2
    endloop
  endfacet
  facet normal 0.99248 0.122403 0
    outer loop
      vertex -25.2279 -2.48473 1.2
      vertex -25.0756 -3.71962 5.2
      vertex -25.0756 -3.71962 1.2
    endloop
  endfacet
  facet normal 0.724293 -0.689493 0
    outer loop
      vertex -18.7831 17.024 5.2
      vertex -17.9252 17.9252 1.2
      vertex -17.9252 17.9252 5.2
    endloop
  endfacet
  facet normal 0.724293 -0.689493 0
    outer loop
      vertex -17.9252 17.9252 1.2
      vertex -18.7831 17.024 5.2
      vertex -18.7831 17.024 1.2
    endloop
  endfacet
  facet normal 0.914211 -0.405237 0
    outer loop
      vertex -23.4203 9.70103 5.2
      vertex -22.9161 10.8385 1.2
      vertex -22.9161 10.8385 5.2
    endloop
  endfacet
  facet normal 0.914211 -0.405237 0
    outer loop
      vertex -22.9161 10.8385 1.2
      vertex -23.4203 9.70103 5.2
      vertex -23.4203 9.70103 1.2
    endloop
  endfacet
  facet normal -0.615231 -0.788347 0
    outer loop
      vertex 15.101 20.3613 1.2
      vertex 16.0819 19.5958 5.2
      vertex 15.101 20.3613 5.2
    endloop
  endfacet
  facet normal -0.615231 -0.788347 -0
    outer loop
      vertex 16.0819 19.5958 5.2
      vertex 15.101 20.3613 1.2
      vertex 16.0819 19.5958 1.2
    endloop
  endfacet
  facet normal 0.932992 -0.359897 0
    outer loop
      vertex -23.8681 8.54016 5.2
      vertex -23.4203 9.70103 1.2
      vertex -23.4203 9.70103 5.2
    endloop
  endfacet
  facet normal 0.932992 -0.359897 0
    outer loop
      vertex -23.4203 9.70103 1.2
      vertex -23.8681 8.54016 5.2
      vertex -23.8681 8.54016 1.2
    endloop
  endfacet
  facet normal -0.0245129 -0.9997 0
    outer loop
      vertex 0 25.35 1.2
      vertex 1.24387 25.3195 5.2
      vertex 0 25.35 5.2
    endloop
  endfacet
  facet normal -0.0245129 -0.9997 -0
    outer loop
      vertex 1.24387 25.3195 5.2
      vertex 0 25.35 1.2
      vertex 1.24387 25.3195 1.2
    endloop
  endfacet
  facet normal 0.0736195 0.997286 -0
    outer loop
      vertex -1.24387 -25.3195 1.2
      vertex -2.48473 -25.2279 5.2
      vertex -1.24387 -25.3195 5.2
    endloop
  endfacet
  facet normal 0.0736195 0.997286 0
    outer loop
      vertex -2.48473 -25.2279 5.2
      vertex -1.24387 -25.3195 1.2
      vertex -2.48473 -25.2279 1.2
    endloop
  endfacet
  facet normal -0.949527 0.313685 0
    outer loop
      vertex 23.8681 -8.54016 1.2
      vertex 24.2584 -7.35872 5.2
      vertex 24.2584 -7.35872 1.2
    endloop
  endfacet
  facet normal -0.949527 0.313685 0
    outer loop
      vertex 24.2584 -7.35872 5.2
      vertex 23.8681 -8.54016 1.2
      vertex 23.8681 -8.54016 5.2
    endloop
  endfacet
  facet normal -0.0245958 0.999697 0
    outer loop
      vertex 1.24387 -25.3195 1.2
      vertex 1 -25.3255 5.2
      vertex 1.24387 -25.3195 5.2
    endloop
  endfacet
  facet normal -0.0245958 0.999697 0
    outer loop
      vertex 1 -25.3255 5.2
      vertex 1.24387 -25.3195 1.2
      vertex 1 -25.3255 1.2
    endloop
  endfacet
  facet normal -0.615231 0.788347 0
    outer loop
      vertex 16.0819 -19.5958 1.2
      vertex 15.101 -20.3613 5.2
      vertex 16.0819 -19.5958 5.2
    endloop
  endfacet
  facet normal -0.615231 0.788347 0
    outer loop
      vertex 15.101 -20.3613 5.2
      vertex 16.0819 -19.5958 1.2
      vertex 15.101 -20.3613 1.2
    endloop
  endfacet
  facet normal -0.266746 0.963767 0
    outer loop
      vertex 7.35872 -24.2584 1.2
      vertex 6.15955 -24.5903 5.2
      vertex 7.35872 -24.2584 5.2
    endloop
  endfacet
  facet normal -0.266746 0.963767 0
    outer loop
      vertex 6.15955 -24.5903 5.2
      vertex 7.35872 -24.2584 1.2
      vertex 6.15955 -24.5903 1.2
    endloop
  endfacet
  facet normal 0.405237 0.914211 -0
    outer loop
      vertex -9.70103 -23.4203 1.2
      vertex -10.8385 -22.9161 5.2
      vertex -9.70103 -23.4203 5.2
    endloop
  endfacet
  facet normal 0.405237 0.914211 0
    outer loop
      vertex -10.8385 -22.9161 5.2
      vertex -9.70103 -23.4203 1.2
      vertex -10.8385 -22.9161 1.2
    endloop
  endfacet
  facet normal 0.492907 0.870082 -0
    outer loop
      vertex -11.9499 -22.3567 1.2
      vertex -13.0325 -21.7434 5.2
      vertex -11.9499 -22.3567 5.2
    endloop
  endfacet
  facet normal 0.492907 0.870082 0
    outer loop
      vertex -13.0325 -21.7434 5.2
      vertex -11.9499 -22.3567 1.2
      vertex -13.0325 -21.7434 1.2
    endloop
  endfacet
  facet normal 0.757193 0.653191 0
    outer loop
      vertex -18.7831 -17.024 5.2
      vertex -19.5958 -16.0819 1.2
      vertex -19.5958 -16.0819 5.2
    endloop
  endfacet
  facet normal 0.757193 0.653191 0
    outer loop
      vertex -19.5958 -16.0819 1.2
      vertex -18.7831 -17.024 5.2
      vertex -18.7831 -17.024 1.2
    endloop
  endfacet
  facet normal -0.757193 -0.653191 0
    outer loop
      vertex 19.5958 16.0819 1.2
      vertex 18.7831 17.024 5.2
      vertex 18.7831 17.024 1.2
    endloop
  endfacet
  facet normal -0.757193 -0.653191 0
    outer loop
      vertex 18.7831 17.024 5.2
      vertex 19.5958 16.0819 1.2
      vertex 19.5958 16.0819 5.2
    endloop
  endfacet
  facet normal -0.359897 0.932992 0
    outer loop
      vertex 9.70103 -23.4203 1.2
      vertex 8.54016 -23.8681 5.2
      vertex 9.70103 -23.4203 5.2
    endloop
  endfacet
  facet normal -0.359897 0.932992 0
    outer loop
      vertex 8.54016 -23.8681 5.2
      vertex 9.70103 -23.4203 1.2
      vertex 8.54016 -23.8681 1.2
    endloop
  endfacet
  facet normal 0.997286 0.0736195 0
    outer loop
      vertex -25.2279 -2.48473 5.2
      vertex -25.3195 -1.24387 1.2
      vertex -25.3195 -1.24387 5.2
    endloop
  endfacet
  facet normal 0.997286 0.0736195 0
    outer loop
      vertex -25.3195 -1.24387 1.2
      vertex -25.2279 -2.48473 5.2
      vertex -25.2279 -2.48473 1.2
    endloop
  endfacet
  facet normal -0.0736195 -0.997286 0
    outer loop
      vertex 1.24387 25.3195 1.2
      vertex 2.48473 25.2279 5.2
      vertex 1.24387 25.3195 5.2
    endloop
  endfacet
  facet normal -0.0736195 -0.997286 -0
    outer loop
      vertex 2.48473 25.2279 5.2
      vertex 1.24387 25.3195 1.2
      vertex 2.48473 25.2279 1.2
    endloop
  endfacet
  facet normal -0.170948 0.98528 0
    outer loop
      vertex 4.94554 -24.8629 1.2
      vertex 3.71962 -25.0756 5.2
      vertex 4.94554 -24.8629 5.2
    endloop
  endfacet
  facet normal -0.170948 0.98528 0
    outer loop
      vertex 3.71962 -25.0756 5.2
      vertex 4.94554 -24.8629 1.2
      vertex 3.71962 -25.0756 1.2
    endloop
  endfacet
  facet normal -0.405237 0.914211 0
    outer loop
      vertex 10.8385 -22.9161 1.2
      vertex 9.70103 -23.4203 5.2
      vertex 10.8385 -22.9161 5.2
    endloop
  endfacet
  facet normal -0.405237 0.914211 0
    outer loop
      vertex 9.70103 -23.4203 5.2
      vertex 10.8385 -22.9161 1.2
      vertex 9.70103 -23.4203 1.2
    endloop
  endfacet
  facet normal 0.266746 -0.963767 0
    outer loop
      vertex -7.35872 24.2584 1.2
      vertex -6.15955 24.5903 5.2
      vertex -7.35872 24.2584 5.2
    endloop
  endfacet
  facet normal 0.266746 -0.963767 0
    outer loop
      vertex -6.15955 24.5903 5.2
      vertex -7.35872 24.2584 1.2
      vertex -6.15955 24.5903 1.2
    endloop
  endfacet
  facet normal 0.689493 0.724293 -0
    outer loop
      vertex -17.024 -18.7831 1.2
      vertex -17.9252 -17.9252 5.2
      vertex -17.024 -18.7831 5.2
    endloop
  endfacet
  facet normal 0.689493 0.724293 0
    outer loop
      vertex -17.9252 -17.9252 5.2
      vertex -17.024 -18.7831 1.2
      vertex -17.9252 -17.9252 1.2
    endloop
  endfacet
  facet normal -0.914211 -0.405237 0
    outer loop
      vertex 23.4203 9.70103 1.2
      vertex 22.9161 10.8385 5.2
      vertex 22.9161 10.8385 1.2
    endloop
  endfacet
  facet normal -0.914211 -0.405237 0
    outer loop
      vertex 22.9161 10.8385 5.2
      vertex 23.4203 9.70103 1.2
      vertex 23.4203 9.70103 5.2
    endloop
  endfacet
  facet normal -0.788347 -0.615231 0
    outer loop
      vertex 20.3613 15.101 1.2
      vertex 19.5958 16.0819 5.2
      vertex 19.5958 16.0819 1.2
    endloop
  endfacet
  facet normal -0.788347 -0.615231 0
    outer loop
      vertex 19.5958 16.0819 5.2
      vertex 20.3613 15.101 1.2
      vertex 20.3613 15.101 5.2
    endloop
  endfacet
  facet normal -0.963767 0.266746 0
    outer loop
      vertex 24.2584 -7.35872 1.2
      vertex 24.5903 -6.15955 5.2
      vertex 24.5903 -6.15955 1.2
    endloop
  endfacet
  facet normal -0.963767 0.266746 0
    outer loop
      vertex 24.5903 -6.15955 5.2
      vertex 24.2584 -7.35872 1.2
      vertex 24.2584 -7.35872 5.2
    endloop
  endfacet
  facet normal 0.492907 -0.870082 0
    outer loop
      vertex -13.0325 21.7434 1.2
      vertex -11.9499 22.3567 5.2
      vertex -13.0325 21.7434 5.2
    endloop
  endfacet
  facet normal 0.492907 -0.870082 0
    outer loop
      vertex -11.9499 22.3567 5.2
      vertex -13.0325 21.7434 1.2
      vertex -11.9499 22.3567 1.2
    endloop
  endfacet
  facet normal 0.170948 -0.98528 0
    outer loop
      vertex -4.94554 24.8629 1.2
      vertex -3.71962 25.0756 5.2
      vertex -4.94554 24.8629 5.2
    endloop
  endfacet
  facet normal 0.170948 -0.98528 0
    outer loop
      vertex -3.71962 25.0756 5.2
      vertex -4.94554 24.8629 1.2
      vertex -3.71962 25.0756 1.2
    endloop
  endfacet
  facet normal -0.653191 -0.757193 0
    outer loop
      vertex 16.0819 19.5958 1.2
      vertex 17.024 18.7831 5.2
      vertex 16.0819 19.5958 5.2
    endloop
  endfacet
  facet normal -0.653191 -0.757193 -0
    outer loop
      vertex 17.024 18.7831 5.2
      vertex 16.0819 19.5958 1.2
      vertex 17.024 18.7831 1.2
    endloop
  endfacet
  facet normal 0.893235 -0.449591 0
    outer loop
      vertex -22.9161 10.8385 5.2
      vertex -22.3567 11.9499 1.2
      vertex -22.3567 11.9499 5.2
    endloop
  endfacet
  facet normal 0.893235 -0.449591 0
    outer loop
      vertex -22.3567 11.9499 1.2
      vertex -22.9161 10.8385 5.2
      vertex -22.9161 10.8385 1.2
    endloop
  endfacet
  facet normal -0.449591 -0.893235 0
    outer loop
      vertex 10.8385 22.9161 1.2
      vertex 11.9499 22.3567 5.2
      vertex 10.8385 22.9161 5.2
    endloop
  endfacet
  facet normal -0.449591 -0.893235 -0
    outer loop
      vertex 11.9499 22.3567 5.2
      vertex 10.8385 22.9161 1.2
      vertex 11.9499 22.3567 1.2
    endloop
  endfacet
  facet normal 0.893235 0.449591 0
    outer loop
      vertex -22.3567 -11.9499 5.2
      vertex -22.9161 -10.8385 1.2
      vertex -22.9161 -10.8385 5.2
    endloop
  endfacet
  facet normal 0.893235 0.449591 0
    outer loop
      vertex -22.9161 -10.8385 1.2
      vertex -22.3567 -11.9499 5.2
      vertex -22.3567 -11.9499 1.2
    endloop
  endfacet
  facet normal 0.817571 -0.575828 0
    outer loop
      vertex -21.0778 14.0837 5.2
      vertex -20.3613 15.101 1.2
      vertex -20.3613 15.101 5.2
    endloop
  endfacet
  facet normal 0.817571 -0.575828 0
    outer loop
      vertex -20.3613 15.101 1.2
      vertex -21.0778 14.0837 5.2
      vertex -21.0778 14.0837 1.2
    endloop
  endfacet
  facet normal 0.405237 -0.914211 0
    outer loop
      vertex -10.8385 22.9161 1.2
      vertex -9.70103 23.4203 5.2
      vertex -10.8385 22.9161 5.2
    endloop
  endfacet
  facet normal 0.405237 -0.914211 0
    outer loop
      vertex -9.70103 23.4203 5.2
      vertex -10.8385 22.9161 1.2
      vertex -9.70103 23.4203 1.2
    endloop
  endfacet
  facet normal -0.817571 -0.575828 0
    outer loop
      vertex 21.0778 14.0837 1.2
      vertex 20.3613 15.101 5.2
      vertex 20.3613 15.101 1.2
    endloop
  endfacet
  facet normal -0.817571 -0.575828 0
    outer loop
      vertex 20.3613 15.101 5.2
      vertex 21.0778 14.0837 1.2
      vertex 21.0778 14.0837 5.2
    endloop
  endfacet
  facet normal -0.21909 -0.975705 0
    outer loop
      vertex 4.94554 24.8629 1.2
      vertex 6.15955 24.5903 5.2
      vertex 4.94554 24.8629 5.2
    endloop
  endfacet
  facet normal -0.21909 -0.975705 -0
    outer loop
      vertex 6.15955 24.5903 5.2
      vertex 4.94554 24.8629 1.2
      vertex 6.15955 24.5903 1.2
    endloop
  endfacet
  facet normal 0.99248 -0.122403 0
    outer loop
      vertex -25.2279 2.48473 5.2
      vertex -25.0756 3.71962 1.2
      vertex -25.0756 3.71962 5.2
    endloop
  endfacet
  facet normal 0.99248 -0.122403 0
    outer loop
      vertex -25.0756 3.71962 1.2
      vertex -25.2279 2.48473 5.2
      vertex -25.2279 2.48473 1.2
    endloop
  endfacet
  facet normal -0.653191 0.757193 0
    outer loop
      vertex 17.024 -18.7831 1.2
      vertex 16.0819 -19.5958 5.2
      vertex 17.024 -18.7831 5.2
    endloop
  endfacet
  facet normal -0.653191 0.757193 0
    outer loop
      vertex 16.0819 -19.5958 5.2
      vertex 17.024 -18.7831 1.2
      vertex 16.0819 -19.5958 1.2
    endloop
  endfacet
  facet normal -0.844877 0.53496 0
    outer loop
      vertex 21.0778 -14.0837 1.2
      vertex 21.7434 -13.0325 5.2
      vertex 21.7434 -13.0325 1.2
    endloop
  endfacet
  facet normal -0.844877 0.53496 0
    outer loop
      vertex 21.7434 -13.0325 5.2
      vertex 21.0778 -14.0837 1.2
      vertex 21.0778 -14.0837 5.2
    endloop
  endfacet
  facet normal 0 0 1
    outer loop
      vertex -11.9499 -22.3567 1.2
      vertex -18.917 -4.65163 1.2
      vertex -13.0325 -21.7434 1.2
    endloop
  endfacet
  facet normal -0 0 1
    outer loop
      vertex -18.9375 -4.70686 1.2
      vertex -13.0325 -21.7434 1.2
      vertex -18.917 -4.65163 1.2
    endloop
  endfacet
  facet normal 0 0 1
    outer loop
      vertex -13.0325 -21.7434 1.2
      vertex -18.9375 -4.70686 1.2
      vertex -14.0837 -21.0778 1.2
    endloop
  endfacet
  facet normal -0 0 1
    outer loop
      vertex -18.9606 -4.76101 1.2
      vertex -14.0837 -21.0778 1.2
      vertex -18.9375 -4.70686 1.2
    endloop
  endfacet
  facet normal 0 0 1
    outer loop
      vertex -14.0837 -21.0778 1.2
      vertex -18.9606 -4.76101 1.2
      vertex -15.101 -20.3613 1.2
    endloop
  endfacet
  facet normal -0 0 1
    outer loop
      vertex -18.9864 -4.81396 1.2
      vertex -15.101 -20.3613 1.2
      vertex -18.9606 -4.76101 1.2
    endloop
  endfacet
  facet normal 0 0 1
    outer loop
      vertex -15.101 -20.3613 1.2
      vertex -18.9864 -4.81396 1.2
      vertex -16.0819 -19.5958 1.2
    endloop
  endfacet
  facet normal -0 0 1
    outer loop
      vertex -19.0148 -4.86559 1.2
      vertex -16.0819 -19.5958 1.2
      vertex -18.9864 -4.81396 1.2
    endloop
  endfacet
  facet normal 0 0 1
    outer loop
      vertex -16.0819 -19.5958 1.2
      vertex -19.0148 -4.86559 1.2
      vertex -17.024 -18.7831 1.2
    endloop
  endfacet
  facet normal -0 0 1
    outer loop
      vertex -19.0456 -4.91576 1.2
      vertex -17.024 -18.7831 1.2
      vertex -19.0148 -4.86559 1.2
    endloop
  endfacet
  facet normal 0 0 1
    outer loop
      vertex -17.024 -18.7831 1.2
      vertex -19.0456 -4.91576 1.2
      vertex -17.9252 -17.9252 1.2
    endloop
  endfacet
  facet normal -0 0 1
    outer loop
      vertex -19.0789 -4.96435 1.2
      vertex -17.9252 -17.9252 1.2
      vertex -19.0456 -4.91576 1.2
    endloop
  endfacet
  facet normal 0 0 1
    outer loop
      vertex -17.9252 -17.9252 1.2
      vertex -19.0789 -4.96435 1.2
      vertex -18.7831 -17.024 1.2
    endloop
  endfacet
  facet normal -0 0 1
    outer loop
      vertex -19.1145 -5.01125 1.2
      vertex -18.7831 -17.024 1.2
      vertex -19.0789 -4.96435 1.2
    endloop
  endfacet
  facet normal -0 0 1
    outer loop
      vertex -19.1524 -5.05635 1.2
      vertex -18.7831 -17.024 1.2
      vertex -19.1145 -5.01125 1.2
    endloop
  endfacet
  facet normal 0 0 1
    outer loop
      vertex -19.5958 -16.0819 1.2
      vertex -19.1524 -5.05635 1.2
      vertex -19.1925 -5.09954 1.2
    endloop
  endfacet
  facet normal 0 0 1
    outer loop
      vertex -19.5958 -16.0819 1.2
      vertex -19.1925 -5.09954 1.2
      vertex -19.2346 -5.14071 1.2
    endloop
  endfacet
  facet normal 0 0 1
    outer loop
      vertex -20.3613 -15.101 1.2
      vertex -19.2346 -5.14071 1.2
      vertex -19.2787 -5.17976 1.2
    endloop
  endfacet
  facet normal 0 0 1
    outer loop
      vertex -20.3613 -15.101 1.2
      vertex -19.2787 -5.17976 1.2
      vertex -19.3246 -5.2166 1.2
    endloop
  endfacet
  facet normal 0 0 1
    outer loop
      vertex -21.0778 -14.0837 1.2
      vertex -19.3246 -5.2166 1.2
      vertex -19.3723 -5.25114 1.2
    endloop
  endfacet
  facet normal 0 0 1
    outer loop
      vertex -21.0778 -14.0837 1.2
      vertex -19.3723 -5.25114 1.2
      vertex -19.4217 -5.2833 1.2
    endloop
  endfacet
  facet normal 0 0 1
    outer loop
      vertex -21.0778 -14.0837 1.2
      vertex -19.4217 -5.2833 1.2
      vertex -19.4725 -5.313 1.2
    endloop
  endfacet
  facet normal 0 0 1
    outer loop
      vertex -21.7434 -13.0325 1.2
      vertex -19.4725 -5.313 1.2
      vertex -19.5248 -5.34017 1.2
    endloop
  endfacet
  facet normal 0 0 1
    outer loop
      vertex -21.7434 -13.0325 1.2
      vertex -19.5248 -5.34017 1.2
      vertex -19.5783 -5.36474 1.2
    endloop
  endfacet
  facet normal 0 0 1
    outer loop
      vertex -19.1524 -5.05635 1.2
      vertex -19.5958 -16.0819 1.2
      vertex -18.7831 -17.024 1.2
    endloop
  endfacet
  facet normal 0 0 1
    outer loop
      vertex -21.7434 -13.0325 1.2
      vertex -19.5783 -5.36474 1.2
      vertex -19.633 -5.38665 1.2
    endloop
  endfacet
  facet normal 0 0 1
    outer loop
      vertex -22.3567 -11.9499 1.2
      vertex -19.633 -5.38665 1.2
      vertex -19.6887 -5.40586 1.2
    endloop
  endfacet
  facet normal 0 0 1
    outer loop
      vertex -22.3567 -11.9499 1.2
      vertex -19.6887 -5.40586 1.2
      vertex -19.7452 -5.42231 1.2
    endloop
  endfacet
  facet normal 0 0 1
    outer loop
      vertex -22.3567 -11.9499 1.2
      vertex -19.7452 -5.42231 1.2
      vertex -19.8025 -5.43597 1.2
    endloop
  endfacet
  facet normal 0 0 1
    outer loop
      vertex -22.9161 -10.8385 1.2
      vertex -19.8025 -5.43597 1.2
      vertex -19.8604 -5.44679 1.2
    endloop
  endfacet
  facet normal 0 0 1
    outer loop
      vertex -22.9161 -10.8385 1.2
      vertex -19.8604 -5.44679 1.2
      vertex -19.9188 -5.45477 1.2
    endloop
  endfacet
  facet normal 0 0 1
    outer loop
      vertex -22.9161 -10.8385 1.2
      vertex -19.9188 -5.45477 1.2
      vertex -19.9775 -5.45987 1.2
    endloop
  endfacet
  facet normal 0 0 1
    outer loop
      vertex -22.9161 -10.8385 1.2
      vertex -19.9775 -5.45987 1.2
      vertex -20.0363 -5.46209 1.2
    endloop
  endfacet
  facet normal 0 0 1
    outer loop
      vertex -22.9161 -10.8385 1.2
      vertex -20.0363 -5.46209 1.2
      vertex -20.0952 -5.46141 1.2
    endloop
  endfacet
  facet normal 0 0 1
    outer loop
      vertex -23.4203 -9.70103 1.2
      vertex -20.0952 -5.46141 1.2
      vertex -20.154 -5.45785 1.2
    endloop
  endfacet
  facet normal 0 0 1
    outer loop
      vertex -23.4203 -9.70103 1.2
      vertex -20.154 -5.45785 1.2
      vertex -20.2125 -5.4514 1.2
    endloop
  endfacet
  facet normal 0 0 1
    outer loop
      vertex -23.4203 -9.70103 1.2
      vertex -20.2125 -5.4514 1.2
      vertex -20.2707 -5.44209 1.2
    endloop
  endfacet
  facet normal 0 0 1
    outer loop
      vertex -23.4203 -9.70103 1.2
      vertex -20.2707 -5.44209 1.2
      vertex -20.3283 -5.42994 1.2
    endloop
  endfacet
  facet normal 0 0 1
    outer loop
      vertex -19.2346 -5.14071 1.2
      vertex -20.3613 -15.101 1.2
      vertex -19.5958 -16.0819 1.2
    endloop
  endfacet
  facet normal 0 0 1
    outer loop
      vertex -23.4203 -9.70103 1.2
      vertex -20.3283 -5.42994 1.2
      vertex -20.3853 -5.41498 1.2
    endloop
  endfacet
  facet normal 0 0 1
    outer loop
      vertex -23.8681 -8.54016 1.2
      vertex -20.3853 -5.41498 1.2
      vertex -20.4415 -5.39724 1.2
    endloop
  endfacet
  facet normal 0 0 1
    outer loop
      vertex -23.8681 -8.54016 1.2
      vertex -20.4415 -5.39724 1.2
      vertex -20.4967 -5.37676 1.2
    endloop
  endfacet
  facet normal 0 0 1
    outer loop
      vertex -23.8681 -8.54016 1.2
      vertex -20.4967 -5.37676 1.2
      vertex -20.5508 -5.3536 1.2
    endloop
  endfacet
  facet normal 0 0 1
    outer loop
      vertex -23.8681 -8.54016 1.2
      vertex -20.5508 -5.3536 1.2
      vertex -20.6038 -5.32781 1.2
    endloop
  endfacet
  facet normal 0 0 1
    outer loop
      vertex -23.8681 -8.54016 1.2
      vertex -20.6038 -5.32781 1.2
      vertex -20.6554 -5.29945 1.2
    endloop
  endfacet
  facet normal 0 0 1
    outer loop
      vertex -23.8681 -8.54016 1.2
      vertex -20.6554 -5.29945 1.2
      vertex -20.7056 -5.26859 1.2
    endloop
  endfacet
  facet normal 0 0 1
    outer loop
      vertex -24.2584 -7.35872 1.2
      vertex -20.7056 -5.26859 1.2
      vertex -20.7542 -5.23531 1.2
    endloop
  endfacet
  facet normal 0 0 1
    outer loop
      vertex -24.2584 -7.35872 1.2
      vertex -20.7542 -5.23531 1.2
      vertex -20.8011 -5.19969 1.2
    endloop
  endfacet
  facet normal 0 0 1
    outer loop
      vertex -24.2584 -7.35872 1.2
      vertex -20.8011 -5.19969 1.2
      vertex -20.8462 -5.1618 1.2
    endloop
  endfacet
  facet normal 0 0 1
    outer loop
      vertex -24.2584 -7.35872 1.2
      vertex -20.8462 -5.1618 1.2
      vertex -20.8894 -5.12175 1.2
    endloop
  endfacet
  facet normal 0 0 1
    outer loop
      vertex -24.2584 -7.35872 1.2
      vertex -20.8894 -5.12175 1.2
      vertex -20.9305 -5.07963 1.2
    endloop
  endfacet
  facet normal 0 0 1
    outer loop
      vertex -24.2584 -7.35872 1.2
      vertex -20.9305 -5.07963 1.2
      vertex -20.9696 -5.03554 1.2
    endloop
  endfacet
  facet normal 0 0 1
    outer loop
      vertex -24.2584 -7.35872 1.2
      vertex -20.9696 -5.03554 1.2
      vertex -21.0064 -4.98958 1.2
    endloop
  endfacet
  facet normal 0 0 1
    outer loop
      vertex -24.5903 -6.15955 1.2
      vertex -21.0064 -4.98958 1.2
      vertex -21.041 -4.94188 1.2
    endloop
  endfacet
  facet normal 0 0 1
    outer loop
      vertex -24.5903 -6.15955 1.2
      vertex -21.041 -4.94188 1.2
      vertex -21.0731 -4.89253 1.2
    endloop
  endfacet
  facet normal 0 0 1
    outer loop
      vertex -19.3246 -5.2166 1.2
      vertex -21.0778 -14.0837 1.2
      vertex -20.3613 -15.101 1.2
    endloop
  endfacet
  facet normal 0 0 1
    outer loop
      vertex -24.5903 -6.15955 1.2
      vertex -21.0731 -4.89253 1.2
      vertex -21.1028 -4.84167 1.2
    endloop
  endfacet
  facet normal 0 0 1
    outer loop
      vertex -24.5903 -6.15955 1.2
      vertex -21.1028 -4.84167 1.2
      vertex -21.13 -4.78941 1.2
    endloop
  endfacet
  facet normal 0 0 1
    outer loop
      vertex -24.5903 -6.15955 1.2
      vertex -21.13 -4.78941 1.2
      vertex -21.1546 -4.73588 1.2
    endloop
  endfacet
  facet normal 0 0 1
    outer loop
      vertex -24.5903 -6.15955 1.2
      vertex -21.1546 -4.73588 1.2
      vertex -21.1765 -4.68121 1.2
    endloop
  endfacet
  facet normal 0 0 1
    outer loop
      vertex -24.5903 -6.15955 1.2
      vertex -21.1765 -4.68121 1.2
      vertex -21.1957 -4.62553 1.2
    endloop
  endfacet
  facet normal 0 0 1
    outer loop
      vertex -24.8629 -4.94554 1.2
      vertex -21.1957 -4.62553 1.2
      vertex -21.2121 -4.56898 1.2
    endloop
  endfacet
  facet normal 0 0 1
    outer loop
      vertex -24.8629 -4.94554 1.2
      vertex -21.2121 -4.56898 1.2
      vertex -21.2258 -4.51168 1.2
    endloop
  endfacet
  facet normal 0 0 1
    outer loop
      vertex -24.8629 -4.94554 1.2
      vertex -21.2258 -4.51168 1.2
      vertex -21.2366 -4.45379 1.2
    endloop
  endfacet
  facet normal 0 0 1
    outer loop
      vertex -24.8629 -4.94554 1.2
      vertex -21.2366 -4.45379 1.2
      vertex -21.2446 -4.39543 1.2
    endloop
  endfacet
  facet normal 0 0 1
    outer loop
      vertex -24.8629 -4.94554 1.2
      vertex -21.2446 -4.39543 1.2
      vertex -21.2497 -4.33675 1.2
    endloop
  endfacet
  facet normal 0 0 1
    outer loop
      vertex -24.8629 -4.94554 1.2
      vertex -21.2497 -4.33675 1.2
      vertex -21.2519 -4.2779 1.2
    endloop
  endfacet
  facet normal 0 0 1
    outer loop
      vertex -21.0251 -3.56003 1.2
      vertex -25.2279 -2.48473 1.2
      vertex -21.0584 -3.60862 1.2
    endloop
  endfacet
  facet normal 0 0 1
    outer loop
      vertex -19.4725 -5.313 1.2
      vertex -21.7434 -13.0325 1.2
      vertex -21.0778 -14.0837 1.2
    endloop
  endfacet
  facet normal 0 0 1
    outer loop
      vertex -21.0584 -3.60862 1.2
      vertex -25.2279 -2.48473 1.2
      vertex -21.0893 -3.65879 1.2
    endloop
  endfacet
  facet normal 0 0 1
    outer loop
      vertex -19.633 -5.38665 1.2
      vertex -22.3567 -11.9499 1.2
      vertex -21.7434 -13.0325 1.2
    endloop
  endfacet
  facet normal 0 0 1
    outer loop
      vertex -21.0893 -3.65879 1.2
      vertex -25.2279 -2.48473 1.2
      vertex -21.1176 -3.71041 1.2
    endloop
  endfacet
  facet normal 0 0 1
    outer loop
      vertex -19.8025 -5.43597 1.2
      vertex -22.9161 -10.8385 1.2
      vertex -22.3567 -11.9499 1.2
    endloop
  endfacet
  facet normal 0 0 1
    outer loop
      vertex -21.1176 -3.71041 1.2
      vertex -25.2279 -2.48473 1.2
      vertex -21.1434 -3.76337 1.2
    endloop
  endfacet
  facet normal 0 0 1
    outer loop
      vertex -20.0952 -5.46141 1.2
      vertex -23.4203 -9.70103 1.2
      vertex -22.9161 -10.8385 1.2
    endloop
  endfacet
  facet normal -0 -0 1
    outer loop
      vertex -25.0756 -3.71962 1.2
      vertex -21.1434 -3.76337 1.2
      vertex -25.2279 -2.48473 1.2
    endloop
  endfacet
  facet normal 0 0 1
    outer loop
      vertex -20.3853 -5.41498 1.2
      vertex -23.8681 -8.54016 1.2
      vertex -23.4203 -9.70103 1.2
    endloop
  endfacet
  facet normal 0 0 1
    outer loop
      vertex -21.1434 -3.76337 1.2
      vertex -25.0756 -3.71962 1.2
      vertex -21.1666 -3.81752 1.2
    endloop
  endfacet
  facet normal 0 0 1
    outer loop
      vertex -20.7056 -5.26859 1.2
      vertex -24.2584 -7.35872 1.2
      vertex -23.8681 -8.54016 1.2
    endloop
  endfacet
  facet normal 0 0 1
    outer loop
      vertex -21.1666 -3.81752 1.2
      vertex -25.0756 -3.71962 1.2
      vertex -21.1871 -3.87275 1.2
    endloop
  endfacet
  facet normal 0 0 1
    outer loop
      vertex -21.0064 -4.98958 1.2
      vertex -24.5903 -6.15955 1.2
      vertex -24.2584 -7.35872 1.2
    endloop
  endfacet
  facet normal 0 0 1
    outer loop
      vertex -21.1871 -3.87275 1.2
      vertex -25.0756 -3.71962 1.2
      vertex -21.2048 -3.92891 1.2
    endloop
  endfacet
  facet normal 0 0 1
    outer loop
      vertex -21.1957 -4.62553 1.2
      vertex -24.8629 -4.94554 1.2
      vertex -24.5903 -6.15955 1.2
    endloop
  endfacet
  facet normal 0 0 1
    outer loop
      vertex -21.2048 -3.92891 1.2
      vertex -25.0756 -3.71962 1.2
      vertex -21.2198 -3.98588 1.2
    endloop
  endfacet
  facet normal 0 0 1
    outer loop
      vertex -21.2512 -4.219 1.2
      vertex -24.8629 -4.94554 1.2
      vertex -21.2519 -4.2779 1.2
    endloop
  endfacet
  facet normal 0 0 1
    outer loop
      vertex -21.2198 -3.98588 1.2
      vertex -25.0756 -3.71962 1.2
      vertex -21.2319 -4.04351 1.2
    endloop
  endfacet
  facet normal 0 0 1
    outer loop
      vertex -21.2477 -4.16021 1.2
      vertex -24.8629 -4.94554 1.2
      vertex -21.2512 -4.219 1.2
    endloop
  endfacet
  facet normal 0 0 1
    outer loop
      vertex -21.2319 -4.04351 1.2
      vertex -25.0756 -3.71962 1.2
      vertex -21.2412 -4.10167 1.2
    endloop
  endfacet
  facet normal 0 -0 1
    outer loop
      vertex -24.8629 -4.94554 1.2
      vertex -21.2477 -4.16021 1.2
      vertex -25.0756 -3.71962 1.2
    endloop
  endfacet
  facet normal 0 0 1
    outer loop
      vertex -21.2412 -4.10167 1.2
      vertex -25.0756 -3.71962 1.2
      vertex -21.2477 -4.16021 1.2
    endloop
  endfacet
  facet normal 0 0 1
    outer loop
      vertex 13.7852 -16.2456 1.2
      vertex 6.5 13.9 1.2
      vertex 13.7374 -16.28 1.2
    endloop
  endfacet
  facet normal 0 0 1
    outer loop
      vertex 13.7374 -16.28 1.2
      vertex 6.5 13.9 1.2
      vertex 13.6914 -16.3167 1.2
    endloop
  endfacet
  facet normal 0 0 1
    outer loop
      vertex 13.6914 -16.3167 1.2
      vertex 6.5 13.9 1.2
      vertex 13.6472 -16.3557 1.2
    endloop
  endfacet
  facet normal 0 0 1
    outer loop
      vertex 13.6472 -16.3557 1.2
      vertex 6.5 13.9 1.2
      vertex 13.605 -16.3968 1.2
    endloop
  endfacet
  facet normal 0 0 1
    outer loop
      vertex 13.605 -16.3968 1.2
      vertex 6.5 13.9 1.2
      vertex 13.5648 -16.4399 1.2
    endloop
  endfacet
  facet normal -0 0 1
    outer loop
      vertex -18.8521 -4.24648 1.2
      vertex 13.5648 -16.4399 1.2
      vertex 6.5 13.9 1.2
    endloop
  endfacet
  facet normal 0 0 1
    outer loop
      vertex 13.5648 -16.4399 1.2
      vertex -18.8521 -4.24648 1.2
      vertex 13.5269 -16.4849 1.2
    endloop
  endfacet
  facet normal -0 0 1
    outer loop
      vertex -18.8528 -4.30538 1.2
      vertex 13.5269 -16.4849 1.2
      vertex -18.8521 -4.24648 1.2
    endloop
  endfacet
  facet normal 0 0 1
    outer loop
      vertex 13.5269 -16.4849 1.2
      vertex -18.8528 -4.30538 1.2
      vertex 13.4911 -16.5317 1.2
    endloop
  endfacet
  facet normal -0 0 1
    outer loop
      vertex -18.8564 -4.36417 1.2
      vertex 13.4911 -16.5317 1.2
      vertex -18.8528 -4.30538 1.2
    endloop
  endfacet
  facet normal 0 0 1
    outer loop
      vertex 13.4911 -16.5317 1.2
      vertex -18.8564 -4.36417 1.2
      vertex 13.4577 -16.5802 1.2
    endloop
  endfacet
  facet normal 0 -0 1
    outer loop
      vertex -3.71962 -25.0756 1.2
      vertex 13.4268 -16.6303 1.2
      vertex -4.94554 -24.8629 1.2
    endloop
  endfacet
  facet normal 0 0 1
    outer loop
      vertex 6.5 13.9 1.2
      vertex 9.39263 19.1155 1.2
      vertex 9.35829 19.0676 1.2
    endloop
  endfacet
  facet normal 0 0 1
    outer loop
      vertex 6.5 13.9 1.2
      vertex 9.35829 19.0676 1.2
      vertex 9.32165 19.0215 1.2
    endloop
  endfacet
  facet normal 0 0 1
    outer loop
      vertex 6.5 13.9 1.2
      vertex 9.32165 19.0215 1.2
      vertex 9.28279 18.9773 1.2
    endloop
  endfacet
  facet normal 0 0 1
    outer loop
      vertex 6.5 13.9 1.2
      vertex 9.28279 18.9773 1.2
      vertex 9.24181 18.935 1.2
    endloop
  endfacet
  facet normal 0 0 1
    outer loop
      vertex 6.5 13.9 1.2
      vertex 9.24181 18.935 1.2
      vertex 9.1988 18.8947 1.2
    endloop
  endfacet
  facet normal 0 0 1
    outer loop
      vertex 6.5 13.9 1.2
      vertex 9.1988 18.8947 1.2
      vertex 9.15387 18.8566 1.2
    endloop
  endfacet
  facet normal 0 0 1
    outer loop
      vertex 6.5 13.9 1.2
      vertex 9.15387 18.8566 1.2
      vertex 9.10712 18.8208 1.2
    endloop
  endfacet
  facet normal 0 0 1
    outer loop
      vertex 6.5 13.9 1.2
      vertex 9.10712 18.8208 1.2
      vertex 9.05867 18.7873 1.2
    endloop
  endfacet
  facet normal 0 0 1
    outer loop
      vertex 6.5 13.9 1.2
      vertex 9.05867 18.7873 1.2
      vertex 9.00864 18.7562 1.2
    endloop
  endfacet
  facet normal 0 0 1
    outer loop
      vertex 6.5 13.9 1.2
      vertex 9.00864 18.7562 1.2
      vertex 8.95714 18.7277 1.2
    endloop
  endfacet
  facet normal 0 0 1
    outer loop
      vertex 6.5 13.9 1.2
      vertex 8.95714 18.7277 1.2
      vertex 8.9043 18.7016 1.2
    endloop
  endfacet
  facet normal 0 0 1
    outer loop
      vertex 6.5 13.9 1.2
      vertex 8.9043 18.7016 1.2
      vertex 8.85025 18.6782 1.2
    endloop
  endfacet
  facet normal 0 0 1
    outer loop
      vertex 6.5 13.9 1.2
      vertex 8.85025 18.6782 1.2
      vertex 8.79511 18.6575 1.2
    endloop
  endfacet
  facet normal 0 0 1
    outer loop
      vertex 6.5 13.9 1.2
      vertex 8.79511 18.6575 1.2
      vertex 8.73903 18.6395 1.2
    endloop
  endfacet
  facet normal 0 0 1
    outer loop
      vertex 6.5 13.9 1.2
      vertex 8.73903 18.6395 1.2
      vertex 8.68213 18.6243 1.2
    endloop
  endfacet
  facet normal 0 0 1
    outer loop
      vertex 6.5 13.9 1.2
      vertex 8.68213 18.6243 1.2
      vertex 8.62455 18.6119 1.2
    endloop
  endfacet
  facet normal 0 0 1
    outer loop
      vertex 6.5 13.9 1.2
      vertex 8.62455 18.6119 1.2
      vertex 8.56643 18.6024 1.2
    endloop
  endfacet
  facet normal 0 0 1
    outer loop
      vertex 13.4268 -16.6303 1.2
      vertex -3.71962 -25.0756 1.2
      vertex 13.3983 -16.6819 1.2
    endloop
  endfacet
  facet normal 0 0 1
    outer loop
      vertex 6.5 13.9 1.2
      vertex 8.56643 18.6024 1.2
      vertex 8.50791 18.5957 1.2
    endloop
  endfacet
  facet normal 0 0 1
    outer loop
      vertex 6.5 13.9 1.2
      vertex 8.50791 18.5957 1.2
      vertex 8.44914 18.5918 1.2
    endloop
  endfacet
  facet normal 0 0 1
    outer loop
      vertex 6.5 13.9 1.2
      vertex 8.44914 18.5918 1.2
      vertex 8.39025 18.5909 1.2
    endloop
  endfacet
  facet normal 0 0 1
    outer loop
      vertex 6.5 13.9 1.2
      vertex 8.39025 18.5909 1.2
      vertex 8.33138 18.5929 1.2
    endloop
  endfacet
  facet normal 0 0 1
    outer loop
      vertex 6.5 13.9 1.2
      vertex 8.33138 18.5929 1.2
      vertex 8.27268 18.5977 1.2
    endloop
  endfacet
  facet normal 0 0 1
    outer loop
      vertex 6.5 13.9 1.2
      vertex 8.27268 18.5977 1.2
      vertex 8.21429 18.6054 1.2
    endloop
  endfacet
  facet normal 0 0 1
    outer loop
      vertex 6.5 13.9 1.2
      vertex 8.21429 18.6054 1.2
      vertex 8.15635 18.616 1.2
    endloop
  endfacet
  facet normal 0 0 1
    outer loop
      vertex 6.5 13.9 1.2
      vertex 8.15635 18.616 1.2
      vertex 8.099 18.6294 1.2
    endloop
  endfacet
  facet normal 0 0 1
    outer loop
      vertex 6.5 13.9 1.2
      vertex 8.099 18.6294 1.2
      vertex 8.04237 18.6456 1.2
    endloop
  endfacet
  facet normal 0 0 1
    outer loop
      vertex 6.5 13.9 1.2
      vertex 8.04237 18.6456 1.2
      vertex 7.98661 18.6646 1.2
    endloop
  endfacet
  facet normal 0 0 1
    outer loop
      vertex 6.5 13.9 1.2
      vertex 7.98661 18.6646 1.2
      vertex 7.93184 18.6862 1.2
    endloop
  endfacet
  facet normal 0 0 1
    outer loop
      vertex 6.5 13.9 1.2
      vertex 7.93184 18.6862 1.2
      vertex 7.87821 18.7106 1.2
    endloop
  endfacet
  facet normal 0 0 1
    outer loop
      vertex 6.5 13.9 1.2
      vertex 7.87821 18.7106 1.2
      vertex 7.82583 18.7375 1.2
    endloop
  endfacet
  facet normal 0 0 1
    outer loop
      vertex 6.5 13.9 1.2
      vertex 7.82583 18.7375 1.2
      vertex 7.77484 18.767 1.2
    endloop
  endfacet
  facet normal 0 0 1
    outer loop
      vertex 6.5 13.9 1.2
      vertex 7.77484 18.767 1.2
      vertex 7.72535 18.7989 1.2
    endloop
  endfacet
  facet normal 0 0 1
    outer loop
      vertex 6.5 13.9 1.2
      vertex 7.72535 18.7989 1.2
      vertex 7.6775 18.8333 1.2
    endloop
  endfacet
  facet normal 0 0 1
    outer loop
      vertex 6.5 13.9 1.2
      vertex 7.6775 18.8333 1.2
      vertex 7.63138 18.8699 1.2
    endloop
  endfacet
  facet normal 0 0 1
    outer loop
      vertex 6.5 13.9 1.2
      vertex 7.63138 18.8699 1.2
      vertex 7.58712 18.9088 1.2
    endloop
  endfacet
  facet normal 0 0 1
    outer loop
      vertex 6.5 13.9 1.2
      vertex 7.58712 18.9088 1.2
      vertex 7.54482 18.9498 1.2
    endloop
  endfacet
  facet normal 0 0 1
    outer loop
      vertex 6.5 13.9 1.2
      vertex 7.54482 18.9498 1.2
      vertex 7.50458 18.9928 1.2
    endloop
  endfacet
  facet normal 0 0 1
    outer loop
      vertex 6.5 13.9 1.2
      vertex 7.50458 18.9928 1.2
      vertex 7.4665 19.0377 1.2
    endloop
  endfacet
  facet normal 0 0 1
    outer loop
      vertex 6.5 13.9 1.2
      vertex 7.4665 19.0377 1.2
      vertex 7.43067 19.0845 1.2
    endloop
  endfacet
  facet normal 0 0 1
    outer loop
      vertex 6.5 13.9 1.2
      vertex 7.43067 19.0845 1.2
      vertex 7.39718 19.1329 1.2
    endloop
  endfacet
  facet normal 0 0 1
    outer loop
      vertex 6.5 13.9 1.2
      vertex 7.39718 19.1329 1.2
      vertex 7.3661 19.1829 1.2
    endloop
  endfacet
  facet normal 0 0 1
    outer loop
      vertex 13.3491 -16.7889 1.2
      vertex 8.54016 -23.8681 1.2
      vertex 9.70103 -23.4203 1.2
    endloop
  endfacet
  facet normal 0 0 1
    outer loop
      vertex 6.5 13.9 1.2
      vertex 7.3661 19.1829 1.2
      vertex 7.33752 19.2344 1.2
    endloop
  endfacet
  facet normal 0 0 1
    outer loop
      vertex 6.5 13.9 1.2
      vertex 7.33752 19.2344 1.2
      vertex 7.3115 19.2873 1.2
    endloop
  endfacet
  facet normal 0 0 1
    outer loop
      vertex 6.5 13.9 1.2
      vertex 7.3115 19.2873 1.2
      vertex 7.2881 19.3413 1.2
    endloop
  endfacet
  facet normal 0 0 1
    outer loop
      vertex 6.5 13.9 1.2
      vertex 7.2881 19.3413 1.2
      vertex 7.26738 19.3965 1.2
    endloop
  endfacet
  facet normal 0 0 1
    outer loop
      vertex 6.5 13.9 1.2
      vertex 7.26738 19.3965 1.2
      vertex 7.24939 19.4525 1.2
    endloop
  endfacet
  facet normal 0 0 1
    outer loop
      vertex 6.5 13.9 1.2
      vertex 7.24939 19.4525 1.2
      vertex 7.23418 19.5094 1.2
    endloop
  endfacet
  facet normal 0 0 1
    outer loop
      vertex 6.5 13.9 1.2
      vertex 7.23418 19.5094 1.2
      vertex 7.22178 19.567 1.2
    endloop
  endfacet
  facet normal 0 0 1
    outer loop
      vertex 6.5 21.9 1.2
      vertex 7.22178 19.567 1.2
      vertex 7.21222 19.6251 1.2
    endloop
  endfacet
  facet normal 0 0 1
    outer loop
      vertex 6.5 21.9 1.2
      vertex 7.21222 19.6251 1.2
      vertex 7.20552 19.6837 1.2
    endloop
  endfacet
  facet normal 0 0 1
    outer loop
      vertex 6.5 21.9 1.2
      vertex 7.20552 19.6837 1.2
      vertex 7.2017 19.7424 1.2
    endloop
  endfacet
  facet normal 0 0 1
    outer loop
      vertex 6.5 21.9 1.2
      vertex 7.2017 19.7424 1.2
      vertex 7.20076 19.8013 1.2
    endloop
  endfacet
  facet normal 0 0 1
    outer loop
      vertex 7.22178 19.567 1.2
      vertex 6.5 21.9 1.2
      vertex 6.5 13.9 1.2
    endloop
  endfacet
  facet normal 0 0 1
    outer loop
      vertex 13.3491 -16.7889 1.2
      vertex 7.35872 -24.2584 1.2
      vertex 8.54016 -23.8681 1.2
    endloop
  endfacet
  facet normal 0 0 1
    outer loop
      vertex 13.3491 -16.7889 1.2
      vertex 6.15955 -24.5903 1.2
      vertex 7.35872 -24.2584 1.2
    endloop
  endfacet
  facet normal 0 0 1
    outer loop
      vertex 13.3491 -16.7889 1.2
      vertex 4.94554 -24.8629 1.2
      vertex 6.15955 -24.5903 1.2
    endloop
  endfacet
  facet normal 0 0 1
    outer loop
      vertex 13.3491 -16.7889 1.2
      vertex 3.71962 -25.0756 1.2
      vertex 4.94554 -24.8629 1.2
    endloop
  endfacet
  facet normal 0 -0 1
    outer loop
      vertex -2.48473 -25.2279 1.2
      vertex 13.3983 -16.6819 1.2
      vertex -3.71962 -25.0756 1.2
    endloop
  endfacet
  facet normal 0 0 1
    outer loop
      vertex 13.3491 -16.7889 1.2
      vertex 2.48473 -25.2279 1.2
      vertex 3.71962 -25.0756 1.2
    endloop
  endfacet
  facet normal 0 0 1
    outer loop
      vertex 13.3491 -16.7889 1.2
      vertex 1 -25.3255 1.2
      vertex 2.48473 -25.2279 1.2
    endloop
  endfacet
  facet normal 0 0 1
    outer loop
      vertex 1 -25.3255 1.2
      vertex 0 -26.95 1.2
      vertex 1 -26.9255 1.2
    endloop
  endfacet
  facet normal 0 0 1
    outer loop
      vertex 2.48473 -25.2279 1.2
      vertex 1 -25.3255 1.2
      vertex 1.24387 -25.3195 1.2
    endloop
  endfacet
  facet normal 0 0 1
    outer loop
      vertex 1 -25.3255 1.2
      vertex -1 -25.3255 1.2
      vertex 0 -26.95 1.2
    endloop
  endfacet
  facet normal 0 0 1
    outer loop
      vertex 13.3724 -16.7348 1.2
      vertex 1 -25.3255 1.2
      vertex 13.3491 -16.7889 1.2
    endloop
  endfacet
  facet normal 0 -0 1
    outer loop
      vertex 1 -25.3255 1.2
      vertex 13.3724 -16.7348 1.2
      vertex -1 -25.3255 1.2
    endloop
  endfacet
  facet normal 0 0 1
    outer loop
      vertex 13.3983 -16.6819 1.2
      vertex -1 -25.3255 1.2
      vertex 13.3724 -16.7348 1.2
    endloop
  endfacet
  facet normal 0 -0 1
    outer loop
      vertex -1 -25.3255 1.2
      vertex 13.3983 -16.6819 1.2
      vertex -1.24387 -25.3195 1.2
    endloop
  endfacet
  facet normal 0 -0 1
    outer loop
      vertex -1.24387 -25.3195 1.2
      vertex 13.3983 -16.6819 1.2
      vertex -2.48473 -25.2279 1.2
    endloop
  endfacet
  facet normal 0 0 1
    outer loop
      vertex -18.8521 -4.24648 1.2
      vertex 6.5 13.9 1.2
      vertex -6.5 13.9 1.2
    endloop
  endfacet
  facet normal -0 0 1
    outer loop
      vertex -9.70103 23.4203 1.2
      vertex -6.5 21.9 1.2
      vertex -8.54016 23.8681 1.2
    endloop
  endfacet
  facet normal 0 -0 1
    outer loop
      vertex -18.8543 -4.18762 1.2
      vertex -6.5 13.9 1.2
      vertex -18.8594 -4.12895 1.2
    endloop
  endfacet
  facet normal -0 0 1
    outer loop
      vertex -10.8385 22.9161 1.2
      vertex -6.5 21.9 1.2
      vertex -9.70103 23.4203 1.2
    endloop
  endfacet
  facet normal 0 -0 1
    outer loop
      vertex -18.8521 -4.24648 1.2
      vertex -6.5 13.9 1.2
      vertex -18.8543 -4.18762 1.2
    endloop
  endfacet
  facet normal -0 0 1
    outer loop
      vertex -11.9499 22.3567 1.2
      vertex -6.5 21.9 1.2
      vertex -10.8385 22.9161 1.2
    endloop
  endfacet
  facet normal -0 0 1
    outer loop
      vertex -18.8628 -4.42271 1.2
      vertex 13.4577 -16.5802 1.2
      vertex -18.8564 -4.36417 1.2
    endloop
  endfacet
  facet normal 0 0 1
    outer loop
      vertex -6.5 21.9 1.2
      vertex -11.9499 22.3567 1.2
      vertex -6.5 13.9 1.2
    endloop
  endfacet
  facet normal 0 0 1
    outer loop
      vertex 13.4577 -16.5802 1.2
      vertex -18.8628 -4.42271 1.2
      vertex 13.4268 -16.6303 1.2
    endloop
  endfacet
  facet normal -0 0 1
    outer loop
      vertex -13.0325 21.7434 1.2
      vertex -6.5 13.9 1.2
      vertex -11.9499 22.3567 1.2
    endloop
  endfacet
  facet normal -0 0 1
    outer loop
      vertex -18.8721 -4.48087 1.2
      vertex 13.4268 -16.6303 1.2
      vertex -18.8628 -4.42271 1.2
    endloop
  endfacet
  facet normal -0 0 1
    outer loop
      vertex -14.0837 21.0778 1.2
      vertex -6.5 13.9 1.2
      vertex -13.0325 21.7434 1.2
    endloop
  endfacet
  facet normal 0 0 1
    outer loop
      vertex 13.4268 -16.6303 1.2
      vertex -18.8721 -4.48087 1.2
      vertex -4.94554 -24.8629 1.2
    endloop
  endfacet
  facet normal -0 0 1
    outer loop
      vertex -15.101 20.3613 1.2
      vertex -6.5 13.9 1.2
      vertex -14.0837 21.0778 1.2
    endloop
  endfacet
  facet normal 0 0 1
    outer loop
      vertex -4.94554 -24.8629 1.2
      vertex -18.8721 -4.48087 1.2
      vertex -6.15955 -24.5903 1.2
    endloop
  endfacet
  facet normal -0 0 1
    outer loop
      vertex -16.0819 19.5958 1.2
      vertex -6.5 13.9 1.2
      vertex -15.101 20.3613 1.2
    endloop
  endfacet
  facet normal 0 0 1
    outer loop
      vertex -6.15955 -24.5903 1.2
      vertex -18.8721 -4.48087 1.2
      vertex -7.35872 -24.2584 1.2
    endloop
  endfacet
  facet normal -0 0 1
    outer loop
      vertex -17.024 18.7831 1.2
      vertex -6.5 13.9 1.2
      vertex -16.0819 19.5958 1.2
    endloop
  endfacet
  facet normal 0 0 1
    outer loop
      vertex -7.35872 -24.2584 1.2
      vertex -18.8843 -4.5385 1.2
      vertex -8.54016 -23.8681 1.2
    endloop
  endfacet
  facet normal -0 0 1
    outer loop
      vertex -17.9252 17.9252 1.2
      vertex -6.5 13.9 1.2
      vertex -17.024 18.7831 1.2
    endloop
  endfacet
  facet normal 0 0 1
    outer loop
      vertex -8.54016 -23.8681 1.2
      vertex -18.8843 -4.5385 1.2
      vertex -9.70103 -23.4203 1.2
    endloop
  endfacet
  facet normal -0 0 1
    outer loop
      vertex -18.7831 17.024 1.2
      vertex -6.5 13.9 1.2
      vertex -17.9252 17.9252 1.2
    endloop
  endfacet
  facet normal -0 0 1
    outer loop
      vertex -18.8992 -4.59547 1.2
      vertex -9.70103 -23.4203 1.2
      vertex -18.8843 -4.5385 1.2
    endloop
  endfacet
  facet normal -0 0 1
    outer loop
      vertex -19.5958 16.0819 1.2
      vertex -6.5 13.9 1.2
      vertex -18.7831 17.024 1.2
    endloop
  endfacet
  facet normal 0 0 1
    outer loop
      vertex -10.8385 -22.9161 1.2
      vertex -18.8992 -4.59547 1.2
      vertex -11.9499 -22.3567 1.2
    endloop
  endfacet
  facet normal -0 0 1
    outer loop
      vertex -18.917 -4.65163 1.2
      vertex -11.9499 -22.3567 1.2
      vertex -18.8992 -4.59547 1.2
    endloop
  endfacet
  facet normal 0 0 1
    outer loop
      vertex -9.70103 -23.4203 1.2
      vertex -18.8992 -4.59547 1.2
      vertex -10.8385 -22.9161 1.2
    endloop
  endfacet
  facet normal -0 0 1
    outer loop
      vertex -18.8843 -4.5385 1.2
      vertex -7.35872 -24.2584 1.2
      vertex -18.8721 -4.48087 1.2
    endloop
  endfacet
  facet normal 0 0 1
    outer loop
      vertex -6.5 13.9 1.2
      vertex -18.8674 -4.07059 1.2
      vertex -18.8594 -4.12895 1.2
    endloop
  endfacet
  facet normal 0 0 1
    outer loop
      vertex -6.5 13.9 1.2
      vertex -18.8782 -4.0127 1.2
      vertex -18.8674 -4.07059 1.2
    endloop
  endfacet
  facet normal 0 0 1
    outer loop
      vertex -6.5 13.9 1.2
      vertex -18.8919 -3.9554 1.2
      vertex -18.8782 -4.0127 1.2
    endloop
  endfacet
  facet normal 0 0 1
    outer loop
      vertex -6.5 13.9 1.2
      vertex -18.9084 -3.89885 1.2
      vertex -18.8919 -3.9554 1.2
    endloop
  endfacet
  facet normal 0 0 1
    outer loop
      vertex -6.5 13.9 1.2
      vertex -18.9276 -3.84317 1.2
      vertex -18.9084 -3.89885 1.2
    endloop
  endfacet
  facet normal 0 0 1
    outer loop
      vertex -6.5 13.9 1.2
      vertex -18.9495 -3.7885 1.2
      vertex -18.9276 -3.84317 1.2
    endloop
  endfacet
  facet normal 0 0 1
    outer loop
      vertex -6.5 13.9 1.2
      vertex -18.974 -3.73497 1.2
      vertex -18.9495 -3.7885 1.2
    endloop
  endfacet
  facet normal 0 0 1
    outer loop
      vertex -6.5 13.9 1.2
      vertex -19.0012 -3.68271 1.2
      vertex -18.974 -3.73497 1.2
    endloop
  endfacet
  facet normal 0 0 1
    outer loop
      vertex -6.5 13.9 1.2
      vertex -19.0309 -3.63185 1.2
      vertex -19.0012 -3.68271 1.2
    endloop
  endfacet
  facet normal 0 0 1
    outer loop
      vertex -6.5 13.9 1.2
      vertex -19.0631 -3.5825 1.2
      vertex -19.0309 -3.63185 1.2
    endloop
  endfacet
  facet normal 0 0 1
    outer loop
      vertex -6.5 13.9 1.2
      vertex -19.0976 -3.53479 1.2
      vertex -19.0631 -3.5825 1.2
    endloop
  endfacet
  facet normal 0 0 1
    outer loop
      vertex -6.5 13.9 1.2
      vertex -19.1345 -3.48884 1.2
      vertex -19.0976 -3.53479 1.2
    endloop
  endfacet
  facet normal 0 0 1
    outer loop
      vertex -6.5 13.9 1.2
      vertex -19.1735 -3.44475 1.2
      vertex -19.1345 -3.48884 1.2
    endloop
  endfacet
  facet normal -0 0 1
    outer loop
      vertex -20.3613 15.101 1.2
      vertex -6.5 13.9 1.2
      vertex -19.5958 16.0819 1.2
    endloop
  endfacet
  facet normal -0 0 1
    outer loop
      vertex -21.0778 14.0837 1.2
      vertex -6.5 13.9 1.2
      vertex -20.3613 15.101 1.2
    endloop
  endfacet
  facet normal 0 0 1
    outer loop
      vertex -6.5 13.9 1.2
      vertex -19.2147 -3.40263 1.2
      vertex -19.1735 -3.44475 1.2
    endloop
  endfacet
  facet normal 0 0 1
    outer loop
      vertex -21.7434 13.0325 1.2
      vertex -6.5 13.9 1.2
      vertex -21.0778 14.0837 1.2
    endloop
  endfacet
  facet normal 0 0 1
    outer loop
      vertex -6.5 13.9 1.2
      vertex -19.2579 -3.36258 1.2
      vertex -19.2147 -3.40263 1.2
    endloop
  endfacet
  facet normal 0 0 1
    outer loop
      vertex -22.3567 11.9499 1.2
      vertex -6.5 13.9 1.2
      vertex -21.7434 13.0325 1.2
    endloop
  endfacet
  facet normal 0 0 1
    outer loop
      vertex -6.5 13.9 1.2
      vertex -19.303 -3.32469 1.2
      vertex -19.2579 -3.36258 1.2
    endloop
  endfacet
  facet normal 0 0 1
    outer loop
      vertex -6.5 13.9 1.2
      vertex -19.3499 -3.28907 1.2
      vertex -19.303 -3.32469 1.2
    endloop
  endfacet
  facet normal 0 0 1
    outer loop
      vertex -6.5 13.9 1.2
      vertex -19.3985 -3.25578 1.2
      vertex -19.3499 -3.28907 1.2
    endloop
  endfacet
  facet normal 0 0 1
    outer loop
      vertex -22.9161 10.8385 1.2
      vertex -6.5 13.9 1.2
      vertex -22.3567 11.9499 1.2
    endloop
  endfacet
  facet normal 0 0 1
    outer loop
      vertex -23.4203 9.70103 1.2
      vertex -6.5 13.9 1.2
      vertex -22.9161 10.8385 1.2
    endloop
  endfacet
  facet normal 0 0 1
    outer loop
      vertex -6.5 13.9 1.2
      vertex -23.4203 9.70103 1.2
      vertex -19.3985 -3.25578 1.2
    endloop
  endfacet
  facet normal 0 0 1
    outer loop
      vertex -19.3985 -3.25578 1.2
      vertex -23.4203 9.70103 1.2
      vertex -19.4486 -3.22493 1.2
    endloop
  endfacet
  facet normal -0 0 1
    outer loop
      vertex -23.8681 8.54016 1.2
      vertex -19.4486 -3.22493 1.2
      vertex -23.4203 9.70103 1.2
    endloop
  endfacet
  facet normal 0 0 1
    outer loop
      vertex -19.4486 -3.22493 1.2
      vertex -23.8681 8.54016 1.2
      vertex -19.5003 -3.19657 1.2
    endloop
  endfacet
  facet normal -0 0 1
    outer loop
      vertex -24.2584 7.35872 1.2
      vertex -19.5003 -3.19657 1.2
      vertex -23.8681 8.54016 1.2
    endloop
  endfacet
  facet normal 0 0 1
    outer loop
      vertex -19.5003 -3.19657 1.2
      vertex -24.2584 7.35872 1.2
      vertex -19.5532 -3.17078 1.2
    endloop
  endfacet
  facet normal 0 0 1
    outer loop
      vertex -19.5532 -3.17078 1.2
      vertex -24.2584 7.35872 1.2
      vertex -19.6074 -3.14762 1.2
    endloop
  endfacet
  facet normal -0 0 1
    outer loop
      vertex -24.5903 6.15955 1.2
      vertex -19.6074 -3.14762 1.2
      vertex -24.2584 7.35872 1.2
    endloop
  endfacet
  facet normal 0 0 1
    outer loop
      vertex -19.6074 -3.14762 1.2
      vertex -24.5903 6.15955 1.2
      vertex -19.6626 -3.12714 1.2
    endloop
  endfacet
  facet normal 0 0 1
    outer loop
      vertex -19.6626 -3.12714 1.2
      vertex -24.5903 6.15955 1.2
      vertex -19.7187 -3.1094 1.2
    endloop
  endfacet
  facet normal -0 0 1
    outer loop
      vertex -24.8629 4.94554 1.2
      vertex -19.7187 -3.1094 1.2
      vertex -24.5903 6.15955 1.2
    endloop
  endfacet
  facet normal 0 0 1
    outer loop
      vertex -19.7187 -3.1094 1.2
      vertex -24.8629 4.94554 1.2
      vertex -19.7757 -3.09443 1.2
    endloop
  endfacet
  facet normal 0 0 1
    outer loop
      vertex -19.7757 -3.09443 1.2
      vertex -24.8629 4.94554 1.2
      vertex -19.8333 -3.08228 1.2
    endloop
  endfacet
  facet normal -0 0 1
    outer loop
      vertex -25.0756 3.71962 1.2
      vertex -19.8333 -3.08228 1.2
      vertex -24.8629 4.94554 1.2
    endloop
  endfacet
  facet normal 0 0 1
    outer loop
      vertex -19.8333 -3.08228 1.2
      vertex -25.0756 3.71962 1.2
      vertex -19.8915 -3.07297 1.2
    endloop
  endfacet
  facet normal 0 0 1
    outer loop
      vertex -19.8915 -3.07297 1.2
      vertex -25.0756 3.71962 1.2
      vertex -19.95 -3.06653 1.2
    endloop
  endfacet
  facet normal 0 0 1
    outer loop
      vertex -19.95 -3.06653 1.2
      vertex -25.0756 3.71962 1.2
      vertex -20.0088 -3.06297 1.2
    endloop
  endfacet
  facet normal -0 0 1
    outer loop
      vertex -25.2279 2.48473 1.2
      vertex -20.0088 -3.06297 1.2
      vertex -25.0756 3.71962 1.2
    endloop
  endfacet
  facet normal 0 0 1
    outer loop
      vertex -20.0088 -3.06297 1.2
      vertex -25.2279 2.48473 1.2
      vertex -20.0677 -3.06229 1.2
    endloop
  endfacet
  facet normal 0 0 1
    outer loop
      vertex -20.0677 -3.06229 1.2
      vertex -25.2279 2.48473 1.2
      vertex -20.1266 -3.06451 1.2
    endloop
  endfacet
  facet normal 0 0 1
    outer loop
      vertex -20.1266 -3.06451 1.2
      vertex -25.2279 2.48473 1.2
      vertex -20.1853 -3.06961 1.2
    endloop
  endfacet
  facet normal -0 0 1
    outer loop
      vertex -25.3195 1.24387 1.2
      vertex -20.1853 -3.06961 1.2
      vertex -25.2279 2.48473 1.2
    endloop
  endfacet
  facet normal 0 0 1
    outer loop
      vertex -20.1853 -3.06961 1.2
      vertex -25.3195 1.24387 1.2
      vertex -20.2436 -3.07758 1.2
    endloop
  endfacet
  facet normal 0 0 1
    outer loop
      vertex -20.2436 -3.07758 1.2
      vertex -25.3195 1.24387 1.2
      vertex -20.3015 -3.08841 1.2
    endloop
  endfacet
  facet normal 0 0 1
    outer loop
      vertex -20.3015 -3.08841 1.2
      vertex -25.3195 1.24387 1.2
      vertex -20.3588 -3.10207 1.2
    endloop
  endfacet
  facet normal 0 0 1
    outer loop
      vertex -20.3588 -3.10207 1.2
      vertex -25.3195 1.24387 1.2
      vertex -20.4154 -3.11852 1.2
    endloop
  endfacet
  facet normal -0 0 1
    outer loop
      vertex -25.35 0 1.2
      vertex -20.4154 -3.11852 1.2
      vertex -25.3195 1.24387 1.2
    endloop
  endfacet
  facet normal 0 0 1
    outer loop
      vertex -20.4154 -3.11852 1.2
      vertex -25.35 0 1.2
      vertex -20.471 -3.13772 1.2
    endloop
  endfacet
  facet normal 0 0 1
    outer loop
      vertex -20.471 -3.13772 1.2
      vertex -25.35 0 1.2
      vertex -20.5257 -3.15964 1.2
    endloop
  endfacet
  facet normal 0 0 1
    outer loop
      vertex -20.5257 -3.15964 1.2
      vertex -25.35 0 1.2
      vertex -20.5792 -3.18421 1.2
    endloop
  endfacet
  facet normal 0 0 1
    outer loop
      vertex -20.5792 -3.18421 1.2
      vertex -25.35 0 1.2
      vertex -20.6315 -3.21138 1.2
    endloop
  endfacet
  facet normal 0 0 1
    outer loop
      vertex -20.6315 -3.21138 1.2
      vertex -25.35 0 1.2
      vertex -20.6824 -3.24108 1.2
    endloop
  endfacet
  facet normal -0 -0 1
    outer loop
      vertex -25.3195 -1.24387 1.2
      vertex -20.6824 -3.24108 1.2
      vertex -25.35 0 1.2
    endloop
  endfacet
  facet normal 0 0 1
    outer loop
      vertex -20.6824 -3.24108 1.2
      vertex -25.3195 -1.24387 1.2
      vertex -20.7317 -3.27324 1.2
    endloop
  endfacet
  facet normal 0 0 1
    outer loop
      vertex -20.7317 -3.27324 1.2
      vertex -25.3195 -1.24387 1.2
      vertex -20.7794 -3.30778 1.2
    endloop
  endfacet
  facet normal 0 0 1
    outer loop
      vertex -20.7794 -3.30778 1.2
      vertex -25.3195 -1.24387 1.2
      vertex -20.8254 -3.34462 1.2
    endloop
  endfacet
  facet normal 0 0 1
    outer loop
      vertex -20.8254 -3.34462 1.2
      vertex -25.3195 -1.24387 1.2
      vertex -20.8695 -3.38367 1.2
    endloop
  endfacet
  facet normal 0 0 1
    outer loop
      vertex -20.8695 -3.38367 1.2
      vertex -25.3195 -1.24387 1.2
      vertex -20.9116 -3.42484 1.2
    endloop
  endfacet
  facet normal -0 -0 1
    outer loop
      vertex -25.2279 -2.48473 1.2
      vertex -20.9116 -3.42484 1.2
      vertex -25.3195 -1.24387 1.2
    endloop
  endfacet
  facet normal 0 0 1
    outer loop
      vertex -20.9116 -3.42484 1.2
      vertex -25.2279 -2.48473 1.2
      vertex -20.9516 -3.46803 1.2
    endloop
  endfacet
  facet normal 0 0 1
    outer loop
      vertex -20.9516 -3.46803 1.2
      vertex -25.2279 -2.48473 1.2
      vertex -20.9895 -3.51312 1.2
    endloop
  endfacet
  facet normal 0 0 1
    outer loop
      vertex -20.9895 -3.51312 1.2
      vertex -25.2279 -2.48473 1.2
      vertex -21.0251 -3.56003 1.2
    endloop
  endfacet
  facet normal 0 0 1
    outer loop
      vertex 0 -26.95 1.2
      vertex -1 -25.3255 1.2
      vertex -1 -26.9255 1.2
    endloop
  endfacet
  facet normal 0 0 1
    outer loop
      vertex 6.5 13.9 1.2
      vertex 25.35 0 1.2
      vertex 25.3195 1.24387 1.2
    endloop
  endfacet
  facet normal 0 0 1
    outer loop
      vertex 6.5 13.9 1.2
      vertex 25.3195 1.24387 1.2
      vertex 25.2279 2.48473 1.2
    endloop
  endfacet
  facet normal 0 0 1
    outer loop
      vertex 6.5 13.9 1.2
      vertex 25.3195 -1.24387 1.2
      vertex 25.35 0 1.2
    endloop
  endfacet
  facet normal 0 0 1
    outer loop
      vertex 6.5 13.9 1.2
      vertex 25.2279 2.48473 1.2
      vertex 25.0756 3.71962 1.2
    endloop
  endfacet
  facet normal 0 0 1
    outer loop
      vertex 25.2279 -2.48473 1.2
      vertex 6.5 13.9 1.2
      vertex 14.1019 -16.0915 1.2
    endloop
  endfacet
  facet normal 0 0 1
    outer loop
      vertex 22.9161 10.8385 1.2
      vertex 6.5 13.9 1.2
      vertex 23.4203 9.70103 1.2
    endloop
  endfacet
  facet normal 0 0 1
    outer loop
      vertex 6.5 13.9 1.2
      vertex 25.2279 -2.48473 1.2
      vertex 25.3195 -1.24387 1.2
    endloop
  endfacet
  facet normal 0 0 1
    outer loop
      vertex 17.024 18.7831 1.2
      vertex 9.39263 19.1155 1.2
      vertex 17.9252 17.9252 1.2
    endloop
  endfacet
  facet normal 0 -0 1
    outer loop
      vertex 14.1585 -16.0752 1.2
      vertex 25.0756 -3.71962 1.2
      vertex 14.1019 -16.0915 1.2
    endloop
  endfacet
  facet normal 0 0 1
    outer loop
      vertex 16.0819 19.5958 1.2
      vertex 9.39263 19.1155 1.2
      vertex 17.024 18.7831 1.2
    endloop
  endfacet
  facet normal 0 0 1
    outer loop
      vertex 25.0756 -3.71962 1.2
      vertex 14.1585 -16.0752 1.2
      vertex 24.8629 -4.94554 1.2
    endloop
  endfacet
  facet normal 0 0 1
    outer loop
      vertex 15.101 20.3613 1.2
      vertex 9.39263 19.1155 1.2
      vertex 16.0819 19.5958 1.2
    endloop
  endfacet
  facet normal 0 -0 1
    outer loop
      vertex 14.2158 -16.0617 1.2
      vertex 24.8629 -4.94554 1.2
      vertex 14.1585 -16.0752 1.2
    endloop
  endfacet
  facet normal 0 0 1
    outer loop
      vertex 9.39263 19.1155 1.2
      vertex 15.101 20.3613 1.2
      vertex 9.42457 19.165 1.2
    endloop
  endfacet
  facet normal 0 0 1
    outer loop
      vertex 24.5903 -6.15955 1.2
      vertex 14.2158 -16.0617 1.2
      vertex 24.2584 -7.35872 1.2
    endloop
  endfacet
  facet normal 0 0 1
    outer loop
      vertex 9.42457 19.165 1.2
      vertex 15.101 20.3613 1.2
      vertex 9.45405 19.216 1.2
    endloop
  endfacet
  facet normal 0 -0 1
    outer loop
      vertex 14.2737 -16.051 1.2
      vertex 24.2584 -7.35872 1.2
      vertex 14.2158 -16.0617 1.2
    endloop
  endfacet
  facet normal 0 0 1
    outer loop
      vertex 9.45405 19.216 1.2
      vertex 15.101 20.3613 1.2
      vertex 9.48099 19.2683 1.2
    endloop
  endfacet
  facet normal 0 -0 1
    outer loop
      vertex 14.3321 -16.0431 1.2
      vertex 23.8681 -8.54016 1.2
      vertex 14.2737 -16.051 1.2
    endloop
  endfacet
  facet normal 0 0 1
    outer loop
      vertex 9.48099 19.2683 1.2
      vertex 15.101 20.3613 1.2
      vertex 9.50532 19.322 1.2
    endloop
  endfacet
  facet normal 0 -0 1
    outer loop
      vertex 14.3908 -16.0382 1.2
      vertex 23.4203 -9.70103 1.2
      vertex 14.3321 -16.0431 1.2
    endloop
  endfacet
  facet normal 0 0 1
    outer loop
      vertex 14.0837 21.0778 1.2
      vertex 9.50532 19.322 1.2
      vertex 15.101 20.3613 1.2
    endloop
  endfacet
  facet normal 0 0 1
    outer loop
      vertex 23.4203 -9.70103 1.2
      vertex 14.4496 -16.0361 1.2
      vertex 22.9161 -10.8385 1.2
    endloop
  endfacet
  facet normal 0 0 1
    outer loop
      vertex 9.50532 19.322 1.2
      vertex 14.0837 21.0778 1.2
      vertex 9.527 19.3767 1.2
    endloop
  endfacet
  facet normal 0 0 1
    outer loop
      vertex 22.9161 -10.8385 1.2
      vertex 14.5085 -16.0369 1.2
      vertex 22.3567 -11.9499 1.2
    endloop
  endfacet
  facet normal 0 0 1
    outer loop
      vertex 9.527 19.3767 1.2
      vertex 14.0837 21.0778 1.2
      vertex 9.54596 19.4325 1.2
    endloop
  endfacet
  facet normal 0 0 1
    outer loop
      vertex 22.3567 -11.9499 1.2
      vertex 14.6258 -16.0471 1.2
      vertex 21.7434 -13.0325 1.2
    endloop
  endfacet
  facet normal 0 0 1
    outer loop
      vertex 9.54596 19.4325 1.2
      vertex 14.0837 21.0778 1.2
      vertex 9.56217 19.4891 1.2
    endloop
  endfacet
  facet normal 0 0 1
    outer loop
      vertex 21.7434 -13.0325 1.2
      vertex 14.7985 -16.0839 1.2
      vertex 21.0778 -14.0837 1.2
    endloop
  endfacet
  facet normal 0 0 1
    outer loop
      vertex 9.56217 19.4891 1.2
      vertex 14.0837 21.0778 1.2
      vertex 9.57557 19.5465 1.2
    endloop
  endfacet
  facet normal 0 0 1
    outer loop
      vertex 21.0778 -14.0837 1.2
      vertex 14.9639 -16.1457 1.2
      vertex 20.3613 -15.101 1.2
    endloop
  endfacet
  facet normal 0 0 1
    outer loop
      vertex 9.57557 19.5465 1.2
      vertex 14.0837 21.0778 1.2
      vertex 9.58615 19.6044 1.2
    endloop
  endfacet
  facet normal 0 -0 1
    outer loop
      vertex 15.2588 -16.3381 1.2
      vertex 19.5958 -16.0819 1.2
      vertex 15.2138 -16.3001 1.2
    endloop
  endfacet
  facet normal 0 0 1
    outer loop
      vertex 13.0325 21.7434 1.2
      vertex 9.58615 19.6044 1.2
      vertex 14.0837 21.0778 1.2
    endloop
  endfacet
  facet normal -0 -0 1
    outer loop
      vertex 15.5418 -16.7111 1.2
      vertex 18.7831 -17.024 1.2
      vertex 15.5148 -16.6588 1.2
    endloop
  endfacet
  facet normal -0 -0 1
    outer loop
      vertex 15.6606 -17.164 1.2
      vertex 17.9252 -17.9252 1.2
      vertex 15.6556 -17.1054 1.2
    endloop
  endfacet
  facet normal -0 0 1
    outer loop
      vertex 15.6582 -17.3406 1.2
      vertex 17.9252 -17.9252 1.2
      vertex 15.6618 -17.2818 1.2
    endloop
  endfacet
  facet normal -0 0 1
    outer loop
      vertex 15.6618 -17.2818 1.2
      vertex 17.9252 -17.9252 1.2
      vertex 15.6626 -17.2229 1.2
    endloop
  endfacet
  facet normal -0 -0 1
    outer loop
      vertex 15.6626 -17.2229 1.2
      vertex 17.9252 -17.9252 1.2
      vertex 15.6606 -17.164 1.2
    endloop
  endfacet
  facet normal -0 -0 1
    outer loop
      vertex 15.6556 -17.1054 1.2
      vertex 17.9252 -17.9252 1.2
      vertex 15.6477 -17.047 1.2
    endloop
  endfacet
  facet normal -0 -0 1
    outer loop
      vertex 15.6477 -17.047 1.2
      vertex 17.9252 -17.9252 1.2
      vertex 15.637 -16.9891 1.2
    endloop
  endfacet
  facet normal -0 -0 1
    outer loop
      vertex 15.637 -16.9891 1.2
      vertex 17.9252 -17.9252 1.2
      vertex 15.6235 -16.9317 1.2
    endloop
  endfacet
  facet normal -0 -0 1
    outer loop
      vertex 15.6235 -16.9317 1.2
      vertex 17.9252 -17.9252 1.2
      vertex 15.6072 -16.8752 1.2
    endloop
  endfacet
  facet normal 0 0 1
    outer loop
      vertex 18.7831 -17.024 1.2
      vertex 15.6072 -16.8752 1.2
      vertex 17.9252 -17.9252 1.2
    endloop
  endfacet
  facet normal -0 -0 1
    outer loop
      vertex 15.6072 -16.8752 1.2
      vertex 18.7831 -17.024 1.2
      vertex 15.5881 -16.8194 1.2
    endloop
  endfacet
  facet normal -0 -0 1
    outer loop
      vertex 15.5881 -16.8194 1.2
      vertex 18.7831 -17.024 1.2
      vertex 15.5663 -16.7647 1.2
    endloop
  endfacet
  facet normal -0 -0 1
    outer loop
      vertex 15.5663 -16.7647 1.2
      vertex 18.7831 -17.024 1.2
      vertex 15.5418 -16.7111 1.2
    endloop
  endfacet
  facet normal -0 -0 1
    outer loop
      vertex 15.5148 -16.6588 1.2
      vertex 18.7831 -17.024 1.2
      vertex 15.4852 -16.6079 1.2
    endloop
  endfacet
  facet normal -0 -0 1
    outer loop
      vertex 15.4852 -16.6079 1.2
      vertex 18.7831 -17.024 1.2
      vertex 15.4532 -16.5585 1.2
    endloop
  endfacet
  facet normal -0 -0 1
    outer loop
      vertex 15.4532 -16.5585 1.2
      vertex 18.7831 -17.024 1.2
      vertex 15.4187 -16.5107 1.2
    endloop
  endfacet
  facet normal 0 0 1
    outer loop
      vertex 19.5958 -16.0819 1.2
      vertex 15.4187 -16.5107 1.2
      vertex 18.7831 -17.024 1.2
    endloop
  endfacet
  facet normal 0 -0 1
    outer loop
      vertex 15.4187 -16.5107 1.2
      vertex 19.5958 -16.0819 1.2
      vertex 15.382 -16.4647 1.2
    endloop
  endfacet
  facet normal 0 -0 1
    outer loop
      vertex 15.382 -16.4647 1.2
      vertex 19.5958 -16.0819 1.2
      vertex 15.343 -16.4205 1.2
    endloop
  endfacet
  facet normal 0 -0 1
    outer loop
      vertex 15.343 -16.4205 1.2
      vertex 19.5958 -16.0819 1.2
      vertex 15.3019 -16.3783 1.2
    endloop
  endfacet
  facet normal 0 -0 1
    outer loop
      vertex 15.3019 -16.3783 1.2
      vertex 19.5958 -16.0819 1.2
      vertex 15.2588 -16.3381 1.2
    endloop
  endfacet
  facet normal 0 -0 1
    outer loop
      vertex 15.2138 -16.3001 1.2
      vertex 19.5958 -16.0819 1.2
      vertex 15.167 -16.2644 1.2
    endloop
  endfacet
  facet normal 0 0 1
    outer loop
      vertex 9.58615 19.6044 1.2
      vertex 13.0325 21.7434 1.2
      vertex 9.59387 19.6628 1.2
    endloop
  endfacet
  facet normal 0 0 1
    outer loop
      vertex 20.3613 -15.101 1.2
      vertex 15.167 -16.2644 1.2
      vertex 19.5958 -16.0819 1.2
    endloop
  endfacet
  facet normal 0 -0 1
    outer loop
      vertex 15.167 -16.2644 1.2
      vertex 20.3613 -15.101 1.2
      vertex 15.1185 -16.231 1.2
    endloop
  endfacet
  facet normal 0 -0 1
    outer loop
      vertex 15.1185 -16.231 1.2
      vertex 20.3613 -15.101 1.2
      vertex 15.0684 -16.2001 1.2
    endloop
  endfacet
  facet normal 0 -0 1
    outer loop
      vertex 15.0684 -16.2001 1.2
      vertex 20.3613 -15.101 1.2
      vertex 15.0168 -16.1716 1.2
    endloop
  endfacet
  facet normal 0 -0 1
    outer loop
      vertex 15.0168 -16.1716 1.2
      vertex 20.3613 -15.101 1.2
      vertex 14.9639 -16.1457 1.2
    endloop
  endfacet
  facet normal 0 -0 1
    outer loop
      vertex 14.9639 -16.1457 1.2
      vertex 21.0778 -14.0837 1.2
      vertex 14.9098 -16.1224 1.2
    endloop
  endfacet
  facet normal 0 -0 1
    outer loop
      vertex 14.9098 -16.1224 1.2
      vertex 21.0778 -14.0837 1.2
      vertex 14.8546 -16.1018 1.2
    endloop
  endfacet
  facet normal 0 -0 1
    outer loop
      vertex 14.8546 -16.1018 1.2
      vertex 21.0778 -14.0837 1.2
      vertex 14.7985 -16.0839 1.2
    endloop
  endfacet
  facet normal 0 -0 1
    outer loop
      vertex 14.7985 -16.0839 1.2
      vertex 21.7434 -13.0325 1.2
      vertex 14.7416 -16.0689 1.2
    endloop
  endfacet
  facet normal 0 -0 1
    outer loop
      vertex 14.7416 -16.0689 1.2
      vertex 21.7434 -13.0325 1.2
      vertex 14.684 -16.0566 1.2
    endloop
  endfacet
  facet normal 0 -0 1
    outer loop
      vertex 14.684 -16.0566 1.2
      vertex 21.7434 -13.0325 1.2
      vertex 14.6258 -16.0471 1.2
    endloop
  endfacet
  facet normal 0 -0 1
    outer loop
      vertex 14.6258 -16.0471 1.2
      vertex 22.3567 -11.9499 1.2
      vertex 14.5673 -16.0406 1.2
    endloop
  endfacet
  facet normal 0 0 1
    outer loop
      vertex 6.5 13.9 1.2
      vertex 17.9252 17.9252 1.2
      vertex 9.39263 19.1155 1.2
    endloop
  endfacet
  facet normal 0 -0 1
    outer loop
      vertex 14.5673 -16.0406 1.2
      vertex 22.3567 -11.9499 1.2
      vertex 14.5085 -16.0369 1.2
    endloop
  endfacet
  facet normal 0 -0 1
    outer loop
      vertex 14.5085 -16.0369 1.2
      vertex 22.9161 -10.8385 1.2
      vertex 14.4496 -16.0361 1.2
    endloop
  endfacet
  facet normal 0 -0 1
    outer loop
      vertex 14.4496 -16.0361 1.2
      vertex 23.4203 -9.70103 1.2
      vertex 14.3908 -16.0382 1.2
    endloop
  endfacet
  facet normal 0 0 1
    outer loop
      vertex 23.8681 -8.54016 1.2
      vertex 14.3321 -16.0431 1.2
      vertex 23.4203 -9.70103 1.2
    endloop
  endfacet
  facet normal 0 0 1
    outer loop
      vertex 24.2584 -7.35872 1.2
      vertex 14.2737 -16.051 1.2
      vertex 23.8681 -8.54016 1.2
    endloop
  endfacet
  facet normal 0 0 1
    outer loop
      vertex 9.59387 19.6628 1.2
      vertex 13.0325 21.7434 1.2
      vertex 9.59871 19.7215 1.2
    endloop
  endfacet
  facet normal 0 0 1
    outer loop
      vertex 24.8629 -4.94554 1.2
      vertex 14.2158 -16.0617 1.2
      vertex 24.5903 -6.15955 1.2
    endloop
  endfacet
  facet normal 0 0 1
    outer loop
      vertex 25.2279 -2.48473 1.2
      vertex 14.1019 -16.0915 1.2
      vertex 25.0756 -3.71962 1.2
    endloop
  endfacet
  facet normal 0 0 1
    outer loop
      vertex 14.1019 -16.0915 1.2
      vertex 6.5 13.9 1.2
      vertex 14.0462 -16.1106 1.2
    endloop
  endfacet
  facet normal 0 0 1
    outer loop
      vertex 17.9252 17.9252 1.2
      vertex 6.5 13.9 1.2
      vertex 18.7831 17.024 1.2
    endloop
  endfacet
  facet normal 0 0 1
    outer loop
      vertex 18.7831 17.024 1.2
      vertex 6.5 13.9 1.2
      vertex 19.5958 16.0819 1.2
    endloop
  endfacet
  facet normal 0 0 1
    outer loop
      vertex 19.5958 16.0819 1.2
      vertex 6.5 13.9 1.2
      vertex 20.3613 15.101 1.2
    endloop
  endfacet
  facet normal 0 0 1
    outer loop
      vertex 20.3613 15.101 1.2
      vertex 6.5 13.9 1.2
      vertex 21.0778 14.0837 1.2
    endloop
  endfacet
  facet normal 0 0 1
    outer loop
      vertex 21.0778 14.0837 1.2
      vertex 6.5 13.9 1.2
      vertex 21.7434 13.0325 1.2
    endloop
  endfacet
  facet normal 0 0 1
    outer loop
      vertex 21.7434 13.0325 1.2
      vertex 6.5 13.9 1.2
      vertex 22.3567 11.9499 1.2
    endloop
  endfacet
  facet normal 0 0 1
    outer loop
      vertex 22.3567 11.9499 1.2
      vertex 6.5 13.9 1.2
      vertex 22.9161 10.8385 1.2
    endloop
  endfacet
  facet normal 0 0 1
    outer loop
      vertex 23.4203 9.70103 1.2
      vertex 6.5 13.9 1.2
      vertex 23.8681 8.54016 1.2
    endloop
  endfacet
  facet normal 0 0 1
    outer loop
      vertex 23.8681 8.54016 1.2
      vertex 6.5 13.9 1.2
      vertex 24.2584 7.35872 1.2
    endloop
  endfacet
  facet normal 0 0 1
    outer loop
      vertex 24.2584 7.35872 1.2
      vertex 6.5 13.9 1.2
      vertex 24.5903 6.15955 1.2
    endloop
  endfacet
  facet normal 0 0 1
    outer loop
      vertex 24.5903 6.15955 1.2
      vertex 6.5 13.9 1.2
      vertex 24.8629 4.94554 1.2
    endloop
  endfacet
  facet normal 0 0 1
    outer loop
      vertex 24.8629 4.94554 1.2
      vertex 6.5 13.9 1.2
      vertex 25.0756 3.71962 1.2
    endloop
  endfacet
  facet normal 0 0 1
    outer loop
      vertex 14.0462 -16.1106 1.2
      vertex 6.5 13.9 1.2
      vertex 13.9914 -16.1324 1.2
    endloop
  endfacet
  facet normal 0 0 1
    outer loop
      vertex 13.9914 -16.1324 1.2
      vertex 6.5 13.9 1.2
      vertex 13.9379 -16.1569 1.2
    endloop
  endfacet
  facet normal 0 0 1
    outer loop
      vertex 13.9379 -16.1569 1.2
      vertex 6.5 13.9 1.2
      vertex 13.8855 -16.1839 1.2
    endloop
  endfacet
  facet normal 0 0 1
    outer loop
      vertex 13.8855 -16.1839 1.2
      vertex 6.5 13.9 1.2
      vertex 13.8346 -16.2135 1.2
    endloop
  endfacet
  facet normal 0 0 1
    outer loop
      vertex 13.8346 -16.2135 1.2
      vertex 6.5 13.9 1.2
      vertex 13.7852 -16.2456 1.2
    endloop
  endfacet
  facet normal 0 0 1
    outer loop
      vertex 13.3491 -16.7889 1.2
      vertex 9.70103 -23.4203 1.2
      vertex 13.3285 -16.8441 1.2
    endloop
  endfacet
  facet normal 0 0 1
    outer loop
      vertex 13.3285 -16.8441 1.2
      vertex 9.70103 -23.4203 1.2
      vertex 13.3107 -16.9002 1.2
    endloop
  endfacet
  facet normal 0 0 1
    outer loop
      vertex 13.3107 -16.9002 1.2
      vertex 9.70103 -23.4203 1.2
      vertex 13.2956 -16.9571 1.2
    endloop
  endfacet
  facet normal 0 0 1
    outer loop
      vertex 13.2956 -16.9571 1.2
      vertex 9.70103 -23.4203 1.2
      vertex 13.2833 -17.0147 1.2
    endloop
  endfacet
  facet normal 0 0 1
    outer loop
      vertex 13.2833 -17.0147 1.2
      vertex 9.70103 -23.4203 1.2
      vertex 13.2739 -17.0729 1.2
    endloop
  endfacet
  facet normal 0 0 1
    outer loop
      vertex 13.2739 -17.0729 1.2
      vertex 9.70103 -23.4203 1.2
      vertex 13.2673 -17.1314 1.2
    endloop
  endfacet
  facet normal 0 0 1
    outer loop
      vertex 9.59871 19.7215 1.2
      vertex 13.0325 21.7434 1.2
      vertex 9.60067 19.7804 1.2
    endloop
  endfacet
  facet normal -0 0 1
    outer loop
      vertex 15.6516 -17.3991 1.2
      vertex 17.9252 -17.9252 1.2
      vertex 15.6582 -17.3406 1.2
    endloop
  endfacet
  facet normal -0 0 1
    outer loop
      vertex 15.6421 -17.4573 1.2
      vertex 17.9252 -17.9252 1.2
      vertex 15.6516 -17.3991 1.2
    endloop
  endfacet
  facet normal 0 0 1
    outer loop
      vertex 17.9252 -17.9252 1.2
      vertex 15.6421 -17.4573 1.2
      vertex 17.024 -18.7831 1.2
    endloop
  endfacet
  facet normal -0 0 1
    outer loop
      vertex 15.6299 -17.5149 1.2
      vertex 17.024 -18.7831 1.2
      vertex 15.6421 -17.4573 1.2
    endloop
  endfacet
  facet normal -0 0 1
    outer loop
      vertex 15.6148 -17.5718 1.2
      vertex 17.024 -18.7831 1.2
      vertex 15.6299 -17.5149 1.2
    endloop
  endfacet
  facet normal -0 0 1
    outer loop
      vertex 15.5969 -17.6279 1.2
      vertex 17.024 -18.7831 1.2
      vertex 15.6148 -17.5718 1.2
    endloop
  endfacet
  facet normal -0 0 1
    outer loop
      vertex 15.5763 -17.6831 1.2
      vertex 17.024 -18.7831 1.2
      vertex 15.5969 -17.6279 1.2
    endloop
  endfacet
  facet normal -0 0 1
    outer loop
      vertex 15.553 -17.7372 1.2
      vertex 17.024 -18.7831 1.2
      vertex 15.5763 -17.6831 1.2
    endloop
  endfacet
  facet normal -0 0 1
    outer loop
      vertex 15.5271 -17.7901 1.2
      vertex 17.024 -18.7831 1.2
      vertex 15.553 -17.7372 1.2
    endloop
  endfacet
  facet normal -0 0 1
    outer loop
      vertex 15.4987 -17.8417 1.2
      vertex 17.024 -18.7831 1.2
      vertex 15.5271 -17.7901 1.2
    endloop
  endfacet
  facet normal -0 0 1
    outer loop
      vertex 15.4677 -17.8918 1.2
      vertex 17.024 -18.7831 1.2
      vertex 15.4987 -17.8417 1.2
    endloop
  endfacet
  facet normal -0 0 1
    outer loop
      vertex 15.4343 -17.9403 1.2
      vertex 17.024 -18.7831 1.2
      vertex 15.4677 -17.8918 1.2
    endloop
  endfacet
  facet normal -0 0 1
    outer loop
      vertex 15.3986 -17.9871 1.2
      vertex 17.024 -18.7831 1.2
      vertex 15.4343 -17.9403 1.2
    endloop
  endfacet
  facet normal -0 0 1
    outer loop
      vertex 15.3606 -18.0321 1.2
      vertex 17.024 -18.7831 1.2
      vertex 15.3986 -17.9871 1.2
    endloop
  endfacet
  facet normal 0 0 1
    outer loop
      vertex 17.024 -18.7831 1.2
      vertex 15.3606 -18.0321 1.2
      vertex 16.0819 -19.5958 1.2
    endloop
  endfacet
  facet normal -0 0 1
    outer loop
      vertex 15.3205 -18.0752 1.2
      vertex 16.0819 -19.5958 1.2
      vertex 15.3606 -18.0321 1.2
    endloop
  endfacet
  facet normal -0 0 1
    outer loop
      vertex 15.2782 -18.1163 1.2
      vertex 16.0819 -19.5958 1.2
      vertex 15.3205 -18.0752 1.2
    endloop
  endfacet
  facet normal -0 0 1
    outer loop
      vertex 15.2341 -18.1553 1.2
      vertex 16.0819 -19.5958 1.2
      vertex 15.2782 -18.1163 1.2
    endloop
  endfacet
  facet normal -0 0 1
    outer loop
      vertex 15.188 -18.192 1.2
      vertex 16.0819 -19.5958 1.2
      vertex 15.2341 -18.1553 1.2
    endloop
  endfacet
  facet normal -0 0 1
    outer loop
      vertex 15.1402 -18.2264 1.2
      vertex 16.0819 -19.5958 1.2
      vertex 15.188 -18.192 1.2
    endloop
  endfacet
  facet normal -0 0 1
    outer loop
      vertex 15.0908 -18.2585 1.2
      vertex 16.0819 -19.5958 1.2
      vertex 15.1402 -18.2264 1.2
    endloop
  endfacet
  facet normal -0 0 1
    outer loop
      vertex 15.0399 -18.2881 1.2
      vertex 16.0819 -19.5958 1.2
      vertex 15.0908 -18.2585 1.2
    endloop
  endfacet
  facet normal -0 0 1
    outer loop
      vertex 14.9876 -18.3151 1.2
      vertex 16.0819 -19.5958 1.2
      vertex 15.0399 -18.2881 1.2
    endloop
  endfacet
  facet normal -0 0 1
    outer loop
      vertex 14.934 -18.3396 1.2
      vertex 16.0819 -19.5958 1.2
      vertex 14.9876 -18.3151 1.2
    endloop
  endfacet
  facet normal -0 0 1
    outer loop
      vertex 14.8793 -18.3614 1.2
      vertex 16.0819 -19.5958 1.2
      vertex 14.934 -18.3396 1.2
    endloop
  endfacet
  facet normal -0 0 1
    outer loop
      vertex 14.8236 -18.3805 1.2
      vertex 16.0819 -19.5958 1.2
      vertex 14.8793 -18.3614 1.2
    endloop
  endfacet
  facet normal 0 0 1
    outer loop
      vertex 16.0819 -19.5958 1.2
      vertex 14.8236 -18.3805 1.2
      vertex 15.101 -20.3613 1.2
    endloop
  endfacet
  facet normal -0 0 1
    outer loop
      vertex 14.767 -18.3968 1.2
      vertex 15.101 -20.3613 1.2
      vertex 14.8236 -18.3805 1.2
    endloop
  endfacet
  facet normal -0 0 1
    outer loop
      vertex 14.7097 -18.4103 1.2
      vertex 15.101 -20.3613 1.2
      vertex 14.767 -18.3968 1.2
    endloop
  endfacet
  facet normal -0 0 1
    outer loop
      vertex 14.6517 -18.421 1.2
      vertex 15.101 -20.3613 1.2
      vertex 14.7097 -18.4103 1.2
    endloop
  endfacet
  facet normal -0 0 1
    outer loop
      vertex 14.5934 -18.4289 1.2
      vertex 15.101 -20.3613 1.2
      vertex 14.6517 -18.421 1.2
    endloop
  endfacet
  facet normal -0 0 1
    outer loop
      vertex 14.5347 -18.4338 1.2
      vertex 15.101 -20.3613 1.2
      vertex 14.5934 -18.4289 1.2
    endloop
  endfacet
  facet normal -0 0 1
    outer loop
      vertex 14.4758 -18.4359 1.2
      vertex 15.101 -20.3613 1.2
      vertex 14.5347 -18.4338 1.2
    endloop
  endfacet
  facet normal 0 0 1
    outer loop
      vertex 14.4169 -18.4351 1.2
      vertex 15.101 -20.3613 1.2
      vertex 14.4758 -18.4359 1.2
    endloop
  endfacet
  facet normal 0 0 1
    outer loop
      vertex 14.3581 -18.4314 1.2
      vertex 15.101 -20.3613 1.2
      vertex 14.4169 -18.4351 1.2
    endloop
  endfacet
  facet normal 0 0 1
    outer loop
      vertex 14.2996 -18.4249 1.2
      vertex 15.101 -20.3613 1.2
      vertex 14.3581 -18.4314 1.2
    endloop
  endfacet
  facet normal 0 0 1
    outer loop
      vertex 14.2415 -18.4154 1.2
      vertex 15.101 -20.3613 1.2
      vertex 14.2996 -18.4249 1.2
    endloop
  endfacet
  facet normal 0 0 1
    outer loop
      vertex 14.1839 -18.4031 1.2
      vertex 15.101 -20.3613 1.2
      vertex 14.2415 -18.4154 1.2
    endloop
  endfacet
  facet normal 0 0 1
    outer loop
      vertex 14.0837 -21.0778 1.2
      vertex 14.1839 -18.4031 1.2
      vertex 14.1269 -18.3881 1.2
    endloop
  endfacet
  facet normal 0 0 1
    outer loop
      vertex 14.1839 -18.4031 1.2
      vertex 14.0837 -21.0778 1.2
      vertex 15.101 -20.3613 1.2
    endloop
  endfacet
  facet normal 0 0 1
    outer loop
      vertex 14.0708 -18.3702 1.2
      vertex 14.0837 -21.0778 1.2
      vertex 14.1269 -18.3881 1.2
    endloop
  endfacet
  facet normal 0 0 1
    outer loop
      vertex 14.0156 -18.3496 1.2
      vertex 14.0837 -21.0778 1.2
      vertex 14.0708 -18.3702 1.2
    endloop
  endfacet
  facet normal 0 0 1
    outer loop
      vertex 13.9615 -18.3263 1.2
      vertex 14.0837 -21.0778 1.2
      vertex 14.0156 -18.3496 1.2
    endloop
  endfacet
  facet normal 0 0 1
    outer loop
      vertex 13.9086 -18.3004 1.2
      vertex 14.0837 -21.0778 1.2
      vertex 13.9615 -18.3263 1.2
    endloop
  endfacet
  facet normal 0 0 1
    outer loop
      vertex 13.8571 -18.2719 1.2
      vertex 14.0837 -21.0778 1.2
      vertex 13.9086 -18.3004 1.2
    endloop
  endfacet
  facet normal 0 0 1
    outer loop
      vertex 13.807 -18.241 1.2
      vertex 14.0837 -21.0778 1.2
      vertex 13.8571 -18.2719 1.2
    endloop
  endfacet
  facet normal 0 0 1
    outer loop
      vertex 13.7584 -18.2076 1.2
      vertex 14.0837 -21.0778 1.2
      vertex 13.807 -18.241 1.2
    endloop
  endfacet
  facet normal 0 0 1
    outer loop
      vertex 13.0325 -21.7434 1.2
      vertex 13.7584 -18.2076 1.2
      vertex 13.7116 -18.1719 1.2
    endloop
  endfacet
  facet normal 0 0 1
    outer loop
      vertex 13.0325 -21.7434 1.2
      vertex 13.7116 -18.1719 1.2
      vertex 13.6666 -18.1339 1.2
    endloop
  endfacet
  facet normal 0 0 1
    outer loop
      vertex 13.0325 -21.7434 1.2
      vertex 13.6666 -18.1339 1.2
      vertex 13.6235 -18.0937 1.2
    endloop
  endfacet
  facet normal 0 0 1
    outer loop
      vertex 13.0325 -21.7434 1.2
      vertex 13.6235 -18.0937 1.2
      vertex 13.5824 -18.0515 1.2
    endloop
  endfacet
  facet normal 0 0 1
    outer loop
      vertex 13.0325 -21.7434 1.2
      vertex 13.5824 -18.0515 1.2
      vertex 13.5435 -18.0073 1.2
    endloop
  endfacet
  facet normal 0 0 1
    outer loop
      vertex 13.0325 -21.7434 1.2
      vertex 13.5435 -18.0073 1.2
      vertex 13.5067 -17.9613 1.2
    endloop
  endfacet
  facet normal 0 0 1
    outer loop
      vertex 13.0325 -21.7434 1.2
      vertex 13.5067 -17.9613 1.2
      vertex 13.4723 -17.9135 1.2
    endloop
  endfacet
  facet normal 0 0 1
    outer loop
      vertex 11.9499 -22.3567 1.2
      vertex 13.4723 -17.9135 1.2
      vertex 13.4402 -17.8641 1.2
    endloop
  endfacet
  facet normal 0 0 1
    outer loop
      vertex 11.9499 -22.3567 1.2
      vertex 13.4402 -17.8641 1.2
      vertex 13.4106 -17.8132 1.2
    endloop
  endfacet
  facet normal 0 0 1
    outer loop
      vertex 11.9499 -22.3567 1.2
      vertex 13.4106 -17.8132 1.2
      vertex 13.3836 -17.7609 1.2
    endloop
  endfacet
  facet normal 0 0 1
    outer loop
      vertex 11.9499 -22.3567 1.2
      vertex 13.3836 -17.7609 1.2
      vertex 13.3591 -17.7073 1.2
    endloop
  endfacet
  facet normal 0 0 1
    outer loop
      vertex 11.9499 -22.3567 1.2
      vertex 13.3591 -17.7073 1.2
      vertex 13.3373 -17.6526 1.2
    endloop
  endfacet
  facet normal 0 0 1
    outer loop
      vertex 10.8385 -22.9161 1.2
      vertex 13.3373 -17.6526 1.2
      vertex 13.3183 -17.5968 1.2
    endloop
  endfacet
  facet normal 0 0 1
    outer loop
      vertex 10.8385 -22.9161 1.2
      vertex 13.3183 -17.5968 1.2
      vertex 13.3019 -17.5403 1.2
    endloop
  endfacet
  facet normal 0 0 1
    outer loop
      vertex 10.8385 -22.9161 1.2
      vertex 13.3019 -17.5403 1.2
      vertex 13.2884 -17.4829 1.2
    endloop
  endfacet
  facet normal 0 0 1
    outer loop
      vertex 13.7584 -18.2076 1.2
      vertex 13.0325 -21.7434 1.2
      vertex 14.0837 -21.0778 1.2
    endloop
  endfacet
  facet normal 0 0 1
    outer loop
      vertex 10.8385 -22.9161 1.2
      vertex 13.2884 -17.4829 1.2
      vertex 13.2777 -17.425 1.2
    endloop
  endfacet
  facet normal 0 0 1
    outer loop
      vertex 9.70103 -23.4203 1.2
      vertex 13.2777 -17.425 1.2
      vertex 13.2699 -17.3666 1.2
    endloop
  endfacet
  facet normal 0 0 1
    outer loop
      vertex 9.70103 -23.4203 1.2
      vertex 13.2699 -17.3666 1.2
      vertex 13.2649 -17.308 1.2
    endloop
  endfacet
  facet normal 0 0 1
    outer loop
      vertex 9.70103 -23.4203 1.2
      vertex 13.2649 -17.308 1.2
      vertex 13.2628 -17.2491 1.2
    endloop
  endfacet
  facet normal 0 0 1
    outer loop
      vertex 13.2673 -17.1314 1.2
      vertex 9.70103 -23.4203 1.2
      vertex 13.2636 -17.1902 1.2
    endloop
  endfacet
  facet normal 0 0 1
    outer loop
      vertex 9.57966 20.0147 1.2
      vertex 13.0325 21.7434 1.2
      vertex 11.9499 22.3567 1.2
    endloop
  endfacet
  facet normal 0 0 1
    outer loop
      vertex 13.2636 -17.1902 1.2
      vertex 9.70103 -23.4203 1.2
      vertex 13.2628 -17.2491 1.2
    endloop
  endfacet
  facet normal 0 0 1
    outer loop
      vertex 9.40426 20.4488 1.2
      vertex 11.9499 22.3567 1.2
      vertex 10.8385 22.9161 1.2
    endloop
  endfacet
  facet normal 0 0 1
    outer loop
      vertex 13.4723 -17.9135 1.2
      vertex 11.9499 -22.3567 1.2
      vertex 13.0325 -21.7434 1.2
    endloop
  endfacet
  facet normal 0 0 1
    outer loop
      vertex 9.0266 20.8147 1.2
      vertex 10.8385 22.9161 1.2
      vertex 9.70103 23.4203 1.2
    endloop
  endfacet
  facet normal 0 0 1
    outer loop
      vertex 13.3373 -17.6526 1.2
      vertex 10.8385 -22.9161 1.2
      vertex 11.9499 -22.3567 1.2
    endloop
  endfacet
  facet normal 0 0 1
    outer loop
      vertex 13.2777 -17.425 1.2
      vertex 9.70103 -23.4203 1.2
      vertex 10.8385 -22.9161 1.2
    endloop
  endfacet
  facet normal 0 0 1
    outer loop
      vertex 13.0325 21.7434 1.2
      vertex 9.59974 19.8393 1.2
      vertex 9.60067 19.7804 1.2
    endloop
  endfacet
  facet normal 0 0 1
    outer loop
      vertex 13.0325 21.7434 1.2
      vertex 9.59592 19.898 1.2
      vertex 9.59974 19.8393 1.2
    endloop
  endfacet
  facet normal 0 0 1
    outer loop
      vertex 13.0325 21.7434 1.2
      vertex 9.58922 19.9566 1.2
      vertex 9.59592 19.898 1.2
    endloop
  endfacet
  facet normal 0 0 1
    outer loop
      vertex 13.0325 21.7434 1.2
      vertex 9.57966 20.0147 1.2
      vertex 9.58922 19.9566 1.2
    endloop
  endfacet
  facet normal 0 0 1
    outer loop
      vertex 11.9499 22.3567 1.2
      vertex 9.56726 20.0723 1.2
      vertex 9.57966 20.0147 1.2
    endloop
  endfacet
  facet normal 0 0 1
    outer loop
      vertex 11.9499 22.3567 1.2
      vertex 9.55204 20.1292 1.2
      vertex 9.56726 20.0723 1.2
    endloop
  endfacet
  facet normal 0 0 1
    outer loop
      vertex 11.9499 22.3567 1.2
      vertex 9.53406 20.1852 1.2
      vertex 9.55204 20.1292 1.2
    endloop
  endfacet
  facet normal 0 0 1
    outer loop
      vertex 11.9499 22.3567 1.2
      vertex 9.51334 20.2404 1.2
      vertex 9.53406 20.1852 1.2
    endloop
  endfacet
  facet normal 0 0 1
    outer loop
      vertex 11.9499 22.3567 1.2
      vertex 9.48994 20.2944 1.2
      vertex 9.51334 20.2404 1.2
    endloop
  endfacet
  facet normal 0 0 1
    outer loop
      vertex 11.9499 22.3567 1.2
      vertex 9.46392 20.3473 1.2
      vertex 9.48994 20.2944 1.2
    endloop
  endfacet
  facet normal 0 0 1
    outer loop
      vertex 11.9499 22.3567 1.2
      vertex 9.43534 20.3988 1.2
      vertex 9.46392 20.3473 1.2
    endloop
  endfacet
  facet normal 0 0 1
    outer loop
      vertex 11.9499 22.3567 1.2
      vertex 9.40426 20.4488 1.2
      vertex 9.43534 20.3988 1.2
    endloop
  endfacet
  facet normal 0 0 1
    outer loop
      vertex 10.8385 22.9161 1.2
      vertex 9.37077 20.4973 1.2
      vertex 9.40426 20.4488 1.2
    endloop
  endfacet
  facet normal 0 0 1
    outer loop
      vertex 10.8385 22.9161 1.2
      vertex 9.33494 20.544 1.2
      vertex 9.37077 20.4973 1.2
    endloop
  endfacet
  facet normal 0 0 1
    outer loop
      vertex 10.8385 22.9161 1.2
      vertex 9.29686 20.5889 1.2
      vertex 9.33494 20.544 1.2
    endloop
  endfacet
  facet normal 0 0 1
    outer loop
      vertex 10.8385 22.9161 1.2
      vertex 9.25662 20.6319 1.2
      vertex 9.29686 20.5889 1.2
    endloop
  endfacet
  facet normal 0 0 1
    outer loop
      vertex 10.8385 22.9161 1.2
      vertex 9.21432 20.6729 1.2
      vertex 9.25662 20.6319 1.2
    endloop
  endfacet
  facet normal 0 0 1
    outer loop
      vertex 10.8385 22.9161 1.2
      vertex 9.17006 20.7118 1.2
      vertex 9.21432 20.6729 1.2
    endloop
  endfacet
  facet normal 0 0 1
    outer loop
      vertex 10.8385 22.9161 1.2
      vertex 9.12394 20.7484 1.2
      vertex 9.17006 20.7118 1.2
    endloop
  endfacet
  facet normal 0 0 1
    outer loop
      vertex 10.8385 22.9161 1.2
      vertex 9.07609 20.7828 1.2
      vertex 9.12394 20.7484 1.2
    endloop
  endfacet
  facet normal 0 0 1
    outer loop
      vertex 10.8385 22.9161 1.2
      vertex 9.0266 20.8147 1.2
      vertex 9.07609 20.7828 1.2
    endloop
  endfacet
  facet normal 0 0 1
    outer loop
      vertex 9.70103 23.4203 1.2
      vertex 8.97561 20.8442 1.2
      vertex 9.0266 20.8147 1.2
    endloop
  endfacet
  facet normal 0 0 1
    outer loop
      vertex 9.70103 23.4203 1.2
      vertex 8.92323 20.8711 1.2
      vertex 8.97561 20.8442 1.2
    endloop
  endfacet
  facet normal 0 0 1
    outer loop
      vertex 9.70103 23.4203 1.2
      vertex 8.8696 20.8955 1.2
      vertex 8.92323 20.8711 1.2
    endloop
  endfacet
  facet normal 0 0 1
    outer loop
      vertex 9.70103 23.4203 1.2
      vertex 8.81483 20.9171 1.2
      vertex 8.8696 20.8955 1.2
    endloop
  endfacet
  facet normal 0 0 1
    outer loop
      vertex 9.70103 23.4203 1.2
      vertex 8.75907 20.9361 1.2
      vertex 8.81483 20.9171 1.2
    endloop
  endfacet
  facet normal 0 0 1
    outer loop
      vertex 9.70103 23.4203 1.2
      vertex 8.70244 20.9523 1.2
      vertex 8.75907 20.9361 1.2
    endloop
  endfacet
  facet normal 0 0 1
    outer loop
      vertex 9.70103 23.4203 1.2
      vertex 8.64509 20.9657 1.2
      vertex 8.70244 20.9523 1.2
    endloop
  endfacet
  facet normal 0 0 1
    outer loop
      vertex 9.70103 23.4203 1.2
      vertex 8.58715 20.9763 1.2
      vertex 8.64509 20.9657 1.2
    endloop
  endfacet
  facet normal 0 0 1
    outer loop
      vertex 8.52876 20.984 1.2
      vertex 9.70103 23.4203 1.2
      vertex 8.54016 23.8681 1.2
    endloop
  endfacet
  facet normal 0 0 1
    outer loop
      vertex 9.70103 23.4203 1.2
      vertex 8.52876 20.984 1.2
      vertex 8.58715 20.9763 1.2
    endloop
  endfacet
  facet normal 0 0 1
    outer loop
      vertex 8.54016 23.8681 1.2
      vertex 8.47006 20.9888 1.2
      vertex 8.52876 20.984 1.2
    endloop
  endfacet
  facet normal 0 0 1
    outer loop
      vertex 8.54016 23.8681 1.2
      vertex 8.41119 20.9908 1.2
      vertex 8.47006 20.9888 1.2
    endloop
  endfacet
  facet normal 0 0 1
    outer loop
      vertex 8.54016 23.8681 1.2
      vertex 8.3523 20.9899 1.2
      vertex 8.41119 20.9908 1.2
    endloop
  endfacet
  facet normal 0 0 1
    outer loop
      vertex 8.54016 23.8681 1.2
      vertex 8.29352 20.9861 1.2
      vertex 8.3523 20.9899 1.2
    endloop
  endfacet
  facet normal 0 0 1
    outer loop
      vertex 8.54016 23.8681 1.2
      vertex 8.23501 20.9794 1.2
      vertex 8.29352 20.9861 1.2
    endloop
  endfacet
  facet normal 0 0 1
    outer loop
      vertex 8.54016 23.8681 1.2
      vertex 8.17689 20.9698 1.2
      vertex 8.23501 20.9794 1.2
    endloop
  endfacet
  facet normal -0 0 1
    outer loop
      vertex 6.5 21.9 1.2
      vertex 8.17689 20.9698 1.2
      vertex 8.54016 23.8681 1.2
    endloop
  endfacet
  facet normal 0 0 1
    outer loop
      vertex 8.17689 20.9698 1.2
      vertex 6.5 21.9 1.2
      vertex 8.11931 20.9574 1.2
    endloop
  endfacet
  facet normal 0 0 1
    outer loop
      vertex 8.11931 20.9574 1.2
      vertex 6.5 21.9 1.2
      vertex 8.06241 20.9422 1.2
    endloop
  endfacet
  facet normal 0 0 1
    outer loop
      vertex 8.06241 20.9422 1.2
      vertex 6.5 21.9 1.2
      vertex 8.00633 20.9242 1.2
    endloop
  endfacet
  facet normal 0 0 1
    outer loop
      vertex 8.00633 20.9242 1.2
      vertex 6.5 21.9 1.2
      vertex 7.95119 20.9035 1.2
    endloop
  endfacet
  facet normal 0 0 1
    outer loop
      vertex 7.95119 20.9035 1.2
      vertex 6.5 21.9 1.2
      vertex 7.89714 20.8801 1.2
    endloop
  endfacet
  facet normal 0 0 1
    outer loop
      vertex 7.89714 20.8801 1.2
      vertex 6.5 21.9 1.2
      vertex 7.8443 20.8541 1.2
    endloop
  endfacet
  facet normal 0 0 1
    outer loop
      vertex 7.8443 20.8541 1.2
      vertex 6.5 21.9 1.2
      vertex 7.7928 20.8255 1.2
    endloop
  endfacet
  facet normal 0 0 1
    outer loop
      vertex 7.7928 20.8255 1.2
      vertex 6.5 21.9 1.2
      vertex 7.74277 20.7944 1.2
    endloop
  endfacet
  facet normal 0 0 1
    outer loop
      vertex 7.74277 20.7944 1.2
      vertex 6.5 21.9 1.2
      vertex 7.69432 20.7609 1.2
    endloop
  endfacet
  facet normal 0 0 1
    outer loop
      vertex 7.69432 20.7609 1.2
      vertex 6.5 21.9 1.2
      vertex 7.64757 20.7251 1.2
    endloop
  endfacet
  facet normal 0 0 1
    outer loop
      vertex 7.64757 20.7251 1.2
      vertex 6.5 21.9 1.2
      vertex 7.60264 20.687 1.2
    endloop
  endfacet
  facet normal 0 0 1
    outer loop
      vertex 7.60264 20.687 1.2
      vertex 6.5 21.9 1.2
      vertex 7.55963 20.6468 1.2
    endloop
  endfacet
  facet normal 0 0 1
    outer loop
      vertex 7.55963 20.6468 1.2
      vertex 6.5 21.9 1.2
      vertex 7.51864 20.6045 1.2
    endloop
  endfacet
  facet normal 0 0 1
    outer loop
      vertex 7.51864 20.6045 1.2
      vertex 6.5 21.9 1.2
      vertex 7.47978 20.5602 1.2
    endloop
  endfacet
  facet normal 0 0 1
    outer loop
      vertex 7.47978 20.5602 1.2
      vertex 6.5 21.9 1.2
      vertex 7.44314 20.5141 1.2
    endloop
  endfacet
  facet normal 0 0 1
    outer loop
      vertex 7.44314 20.5141 1.2
      vertex 6.5 21.9 1.2
      vertex 7.40881 20.4662 1.2
    endloop
  endfacet
  facet normal 0 0 1
    outer loop
      vertex 6.5 21.9 1.2
      vertex 8.54016 23.8681 1.2
      vertex 7.35872 24.2584 1.2
    endloop
  endfacet
  facet normal 0 0 1
    outer loop
      vertex 7.40881 20.4662 1.2
      vertex 6.5 21.9 1.2
      vertex 7.37687 20.4167 1.2
    endloop
  endfacet
  facet normal 0 0 1
    outer loop
      vertex 7.37687 20.4167 1.2
      vertex 6.5 21.9 1.2
      vertex 7.34739 20.3657 1.2
    endloop
  endfacet
  facet normal 0 0 1
    outer loop
      vertex 7.34739 20.3657 1.2
      vertex 6.5 21.9 1.2
      vertex 7.32045 20.3134 1.2
    endloop
  endfacet
  facet normal 0 0 1
    outer loop
      vertex 7.32045 20.3134 1.2
      vertex 6.5 21.9 1.2
      vertex 7.29611 20.2597 1.2
    endloop
  endfacet
  facet normal 0 0 1
    outer loop
      vertex 7.29611 20.2597 1.2
      vertex 6.5 21.9 1.2
      vertex 7.27444 20.205 1.2
    endloop
  endfacet
  facet normal 0 0 1
    outer loop
      vertex 7.27444 20.205 1.2
      vertex 6.5 21.9 1.2
      vertex 7.25547 20.1492 1.2
    endloop
  endfacet
  facet normal 0 0 1
    outer loop
      vertex 7.25547 20.1492 1.2
      vertex 6.5 21.9 1.2
      vertex 7.23927 20.0926 1.2
    endloop
  endfacet
  facet normal 0 0 1
    outer loop
      vertex 7.23927 20.0926 1.2
      vertex 6.5 21.9 1.2
      vertex 7.22586 20.0352 1.2
    endloop
  endfacet
  facet normal 0 0 1
    outer loop
      vertex 7.22586 20.0352 1.2
      vertex 6.5 21.9 1.2
      vertex 7.21529 19.9773 1.2
    endloop
  endfacet
  facet normal 0 0 1
    outer loop
      vertex 7.21529 19.9773 1.2
      vertex 6.5 21.9 1.2
      vertex 7.20757 19.9189 1.2
    endloop
  endfacet
  facet normal 0 0 1
    outer loop
      vertex 7.20272 19.8602 1.2
      vertex 6.5 21.9 1.2
      vertex 7.20076 19.8013 1.2
    endloop
  endfacet
  facet normal 0 0 1
    outer loop
      vertex 7.20757 19.9189 1.2
      vertex 6.5 21.9 1.2
      vertex 7.20272 19.8602 1.2
    endloop
  endfacet
  facet normal 0 0 1
    outer loop
      vertex 6.15955 24.5903 1.2
      vertex 6.5 21.9 1.2
      vertex 7.35872 24.2584 1.2
    endloop
  endfacet
  facet normal 0 0 1
    outer loop
      vertex 4.94554 24.8629 1.2
      vertex 6.5 21.9 1.2
      vertex 6.15955 24.5903 1.2
    endloop
  endfacet
  facet normal 0 0 1
    outer loop
      vertex 3.71962 25.0756 1.2
      vertex 6.5 21.9 1.2
      vertex 4.94554 24.8629 1.2
    endloop
  endfacet
  facet normal 0 0 1
    outer loop
      vertex 2.48473 25.2279 1.2
      vertex 6.5 21.9 1.2
      vertex 3.71962 25.0756 1.2
    endloop
  endfacet
  facet normal 0 0 1
    outer loop
      vertex 1.24387 25.3195 1.2
      vertex 6.5 21.9 1.2
      vertex 2.48473 25.2279 1.2
    endloop
  endfacet
  facet normal 0 0 1
    outer loop
      vertex 0 25.35 1.2
      vertex 6.5 21.9 1.2
      vertex 1.24387 25.3195 1.2
    endloop
  endfacet
  facet normal 0 0 1
    outer loop
      vertex -6.5 21.9 1.2
      vertex 0 25.35 1.2
      vertex -1.24387 25.3195 1.2
    endloop
  endfacet
  facet normal 0 0 1
    outer loop
      vertex -6.5 21.9 1.2
      vertex -1.24387 25.3195 1.2
      vertex -2.48473 25.2279 1.2
    endloop
  endfacet
  facet normal 0 0 1
    outer loop
      vertex -6.5 21.9 1.2
      vertex -2.48473 25.2279 1.2
      vertex -3.71962 25.0756 1.2
    endloop
  endfacet
  facet normal 0 0 1
    outer loop
      vertex -6.5 21.9 1.2
      vertex -3.71962 25.0756 1.2
      vertex -4.94554 24.8629 1.2
    endloop
  endfacet
  facet normal 0 0 1
    outer loop
      vertex -6.5 21.9 1.2
      vertex -4.94554 24.8629 1.2
      vertex -6.15955 24.5903 1.2
    endloop
  endfacet
  facet normal 0 0 1
    outer loop
      vertex 0 25.35 1.2
      vertex -6.5 21.9 1.2
      vertex 6.5 21.9 1.2
    endloop
  endfacet
  facet normal -0 0 1
    outer loop
      vertex -8.54016 23.8681 1.2
      vertex -6.5 21.9 1.2
      vertex -7.35872 24.2584 1.2
    endloop
  endfacet
  facet normal -0 0 1
    outer loop
      vertex -7.35872 24.2584 1.2
      vertex -6.5 21.9 1.2
      vertex -6.15955 24.5903 1.2
    endloop
  endfacet
  facet normal -0.997286 0.0736195 0
    outer loop
      vertex 25.2279 -2.48473 1.2
      vertex 25.3195 -1.24387 5.2
      vertex 25.3195 -1.24387 1.2
    endloop
  endfacet
  facet normal -0.997286 0.0736195 0
    outer loop
      vertex 25.3195 -1.24387 5.2
      vertex 25.2279 -2.48473 1.2
      vertex 25.2279 -2.48473 5.2
    endloop
  endfacet
  facet normal -0.405237 -0.914211 0
    outer loop
      vertex 9.70103 23.4203 1.2
      vertex 10.8385 22.9161 5.2
      vertex 9.70103 23.4203 5.2
    endloop
  endfacet
  facet normal -0.405237 -0.914211 -0
    outer loop
      vertex 10.8385 22.9161 5.2
      vertex 9.70103 23.4203 1.2
      vertex 10.8385 22.9161 1.2
    endloop
  endfacet
  facet normal 0.575828 -0.817571 0
    outer loop
      vertex -15.101 20.3613 1.2
      vertex -14.0837 21.0778 5.2
      vertex -15.101 20.3613 5.2
    endloop
  endfacet
  facet normal 0.575828 -0.817571 0
    outer loop
      vertex -14.0837 21.0778 5.2
      vertex -15.101 20.3613 1.2
      vertex -14.0837 21.0778 1.2
    endloop
  endfacet
  facet normal 0.21909 0.975705 -0
    outer loop
      vertex -4.94554 -24.8629 1.2
      vertex -6.15955 -24.5903 5.2
      vertex -4.94554 -24.8629 5.2
    endloop
  endfacet
  facet normal 0.21909 0.975705 0
    outer loop
      vertex -6.15955 -24.5903 5.2
      vertex -4.94554 -24.8629 1.2
      vertex -6.15955 -24.5903 1.2
    endloop
  endfacet
  facet normal 0.9997 -0.0245129 0
    outer loop
      vertex -25.35 0 5.2
      vertex -25.3195 1.24387 1.2
      vertex -25.3195 1.24387 5.2
    endloop
  endfacet
  facet normal 0.9997 -0.0245129 0
    outer loop
      vertex -25.3195 1.24387 1.2
      vertex -25.35 0 5.2
      vertex -25.35 0 1.2
    endloop
  endfacet
  facet normal 0.359897 -0.932992 0
    outer loop
      vertex -9.70103 23.4203 1.2
      vertex -8.54016 23.8681 5.2
      vertex -9.70103 23.4203 5.2
    endloop
  endfacet
  facet normal 0.359897 -0.932992 0
    outer loop
      vertex -8.54016 23.8681 5.2
      vertex -9.70103 23.4203 1.2
      vertex -8.54016 23.8681 1.2
    endloop
  endfacet
  facet normal -0.689493 -0.724293 0
    outer loop
      vertex 17.024 18.7831 1.2
      vertex 17.9252 17.9252 5.2
      vertex 17.024 18.7831 5.2
    endloop
  endfacet
  facet normal -0.689493 -0.724293 -0
    outer loop
      vertex 17.9252 17.9252 5.2
      vertex 17.024 18.7831 1.2
      vertex 17.9252 17.9252 1.2
    endloop
  endfacet
  facet normal 0.689493 -0.724293 0
    outer loop
      vertex -17.9252 17.9252 1.2
      vertex -17.024 18.7831 5.2
      vertex -17.9252 17.9252 5.2
    endloop
  endfacet
  facet normal 0.689493 -0.724293 0
    outer loop
      vertex -17.024 18.7831 5.2
      vertex -17.9252 17.9252 1.2
      vertex -17.024 18.7831 1.2
    endloop
  endfacet
  facet normal -0.724293 -0.689493 0
    outer loop
      vertex 18.7831 17.024 1.2
      vertex 17.9252 17.9252 5.2
      vertex 17.9252 17.9252 1.2
    endloop
  endfacet
  facet normal -0.724293 -0.689493 0
    outer loop
      vertex 17.9252 17.9252 5.2
      vertex 18.7831 17.024 1.2
      vertex 18.7831 17.024 5.2
    endloop
  endfacet
  facet normal -0.98528 -0.170948 0
    outer loop
      vertex 25.0756 3.71962 1.2
      vertex 24.8629 4.94554 5.2
      vertex 24.8629 4.94554 1.2
    endloop
  endfacet
  facet normal -0.98528 -0.170948 0
    outer loop
      vertex 24.8629 4.94554 5.2
      vertex 25.0756 3.71962 1.2
      vertex 25.0756 3.71962 5.2
    endloop
  endfacet
  facet normal -0.53496 -0.844877 0
    outer loop
      vertex 13.0325 21.7434 1.2
      vertex 14.0837 21.0778 5.2
      vertex 13.0325 21.7434 5.2
    endloop
  endfacet
  facet normal -0.53496 -0.844877 -0
    outer loop
      vertex 14.0837 21.0778 5.2
      vertex 13.0325 21.7434 1.2
      vertex 14.0837 21.0778 1.2
    endloop
  endfacet
  facet normal -0.963767 -0.266746 0
    outer loop
      vertex 24.5903 6.15955 1.2
      vertex 24.2584 7.35872 5.2
      vertex 24.2584 7.35872 1.2
    endloop
  endfacet
  facet normal -0.963767 -0.266746 0
    outer loop
      vertex 24.2584 7.35872 5.2
      vertex 24.5903 6.15955 1.2
      vertex 24.5903 6.15955 5.2
    endloop
  endfacet
  facet normal -0.817571 0.575828 0
    outer loop
      vertex 20.3613 -15.101 1.2
      vertex 21.0778 -14.0837 5.2
      vertex 21.0778 -14.0837 1.2
    endloop
  endfacet
  facet normal -0.817571 0.575828 0
    outer loop
      vertex 21.0778 -14.0837 5.2
      vertex 20.3613 -15.101 1.2
      vertex 20.3613 -15.101 5.2
    endloop
  endfacet
  facet normal -0.757193 0.653191 0
    outer loop
      vertex 18.7831 -17.024 1.2
      vertex 19.5958 -16.0819 5.2
      vertex 19.5958 -16.0819 1.2
    endloop
  endfacet
  facet normal -0.757193 0.653191 0
    outer loop
      vertex 19.5958 -16.0819 5.2
      vertex 18.7831 -17.024 1.2
      vertex 18.7831 -17.024 5.2
    endloop
  endfacet
  facet normal 0.0245129 -0.9997 0
    outer loop
      vertex -1.24387 25.3195 1.2
      vertex 0 25.35 5.2
      vertex -1.24387 25.3195 5.2
    endloop
  endfacet
  facet normal 0.0245129 -0.9997 0
    outer loop
      vertex 0 25.35 5.2
      vertex -1.24387 25.3195 1.2
      vertex 0 25.35 1.2
    endloop
  endfacet
  facet normal -0.122403 -0.99248 0
    outer loop
      vertex 2.48473 25.2279 1.2
      vertex 3.71962 25.0756 5.2
      vertex 2.48473 25.2279 5.2
    endloop
  endfacet
  facet normal -0.122403 -0.99248 -0
    outer loop
      vertex 3.71962 25.0756 5.2
      vertex 2.48473 25.2279 1.2
      vertex 3.71962 25.0756 1.2
    endloop
  endfacet
  facet normal -0.575828 -0.817571 0
    outer loop
      vertex 14.0837 21.0778 1.2
      vertex 15.101 20.3613 5.2
      vertex 14.0837 21.0778 5.2
    endloop
  endfacet
  facet normal -0.575828 -0.817571 -0
    outer loop
      vertex 15.101 20.3613 5.2
      vertex 14.0837 21.0778 1.2
      vertex 15.101 20.3613 1.2
    endloop
  endfacet
  facet normal 0.932992 0.359897 0
    outer loop
      vertex -23.4203 -9.70103 5.2
      vertex -23.8681 -8.54016 1.2
      vertex -23.8681 -8.54016 5.2
    endloop
  endfacet
  facet normal 0.932992 0.359897 0
    outer loop
      vertex -23.8681 -8.54016 1.2
      vertex -23.4203 -9.70103 5.2
      vertex -23.4203 -9.70103 1.2
    endloop
  endfacet
  facet normal -0.788347 0.615231 0
    outer loop
      vertex 19.5958 -16.0819 1.2
      vertex 20.3613 -15.101 5.2
      vertex 20.3613 -15.101 1.2
    endloop
  endfacet
  facet normal -0.788347 0.615231 0
    outer loop
      vertex 20.3613 -15.101 5.2
      vertex 19.5958 -16.0819 1.2
      vertex 19.5958 -16.0819 5.2
    endloop
  endfacet
  facet normal -0.313685 0.949527 0
    outer loop
      vertex 8.54016 -23.8681 1.2
      vertex 7.35872 -24.2584 5.2
      vertex 8.54016 -23.8681 5.2
    endloop
  endfacet
  facet normal -0.313685 0.949527 0
    outer loop
      vertex 7.35872 -24.2584 5.2
      vertex 8.54016 -23.8681 1.2
      vertex 7.35872 -24.2584 1.2
    endloop
  endfacet
  facet normal 0.122403 -0.99248 0
    outer loop
      vertex -3.71962 25.0756 1.2
      vertex -2.48473 25.2279 5.2
      vertex -3.71962 25.0756 5.2
    endloop
  endfacet
  facet normal 0.122403 -0.99248 0
    outer loop
      vertex -2.48473 25.2279 5.2
      vertex -3.71962 25.0756 1.2
      vertex -2.48473 25.2279 1.2
    endloop
  endfacet
  facet normal 0.53496 -0.844877 0
    outer loop
      vertex -14.0837 21.0778 1.2
      vertex -13.0325 21.7434 5.2
      vertex -14.0837 21.0778 5.2
    endloop
  endfacet
  facet normal 0.53496 -0.844877 0
    outer loop
      vertex -13.0325 21.7434 5.2
      vertex -14.0837 21.0778 1.2
      vertex -13.0325 21.7434 1.2
    endloop
  endfacet
  facet normal 0.9997 0.0245129 0
    outer loop
      vertex -25.3195 -1.24387 5.2
      vertex -25.35 0 1.2
      vertex -25.35 0 5.2
    endloop
  endfacet
  facet normal 0.9997 0.0245129 0
    outer loop
      vertex -25.35 0 1.2
      vertex -25.3195 -1.24387 5.2
      vertex -25.3195 -1.24387 1.2
    endloop
  endfacet
  facet normal 0.844877 -0.53496 0
    outer loop
      vertex -21.7434 13.0325 5.2
      vertex -21.0778 14.0837 1.2
      vertex -21.0778 14.0837 5.2
    endloop
  endfacet
  facet normal 0.844877 -0.53496 0
    outer loop
      vertex -21.0778 14.0837 1.2
      vertex -21.7434 13.0325 5.2
      vertex -21.7434 13.0325 1.2
    endloop
  endfacet
  facet normal 0.724293 0.689493 0
    outer loop
      vertex -17.9252 -17.9252 5.2
      vertex -18.7831 -17.024 1.2
      vertex -18.7831 -17.024 5.2
    endloop
  endfacet
  facet normal 0.724293 0.689493 0
    outer loop
      vertex -18.7831 -17.024 1.2
      vertex -17.9252 -17.9252 5.2
      vertex -17.9252 -17.9252 1.2
    endloop
  endfacet
  facet normal 0.653191 -0.757193 0
    outer loop
      vertex -17.024 18.7831 1.2
      vertex -16.0819 19.5958 5.2
      vertex -17.024 18.7831 5.2
    endloop
  endfacet
  facet normal 0.653191 -0.757193 0
    outer loop
      vertex -16.0819 19.5958 5.2
      vertex -17.024 18.7831 1.2
      vertex -16.0819 19.5958 1.2
    endloop
  endfacet
  facet normal 0.615231 -0.788347 0
    outer loop
      vertex -16.0819 19.5958 1.2
      vertex -15.101 20.3613 5.2
      vertex -16.0819 19.5958 5.2
    endloop
  endfacet
  facet normal 0.615231 -0.788347 0
    outer loop
      vertex -15.101 20.3613 5.2
      vertex -16.0819 19.5958 1.2
      vertex -15.101 20.3613 1.2
    endloop
  endfacet
  facet normal 0.949527 0.313685 0
    outer loop
      vertex -23.8681 -8.54016 5.2
      vertex -24.2584 -7.35872 1.2
      vertex -24.2584 -7.35872 5.2
    endloop
  endfacet
  facet normal 0.949527 0.313685 0
    outer loop
      vertex -24.2584 -7.35872 1.2
      vertex -23.8681 -8.54016 5.2
      vertex -23.8681 -8.54016 1.2
    endloop
  endfacet
  facet normal 0.975705 0.21909 0
    outer loop
      vertex -24.5903 -6.15955 5.2
      vertex -24.8629 -4.94554 1.2
      vertex -24.8629 -4.94554 5.2
    endloop
  endfacet
  facet normal 0.975705 0.21909 0
    outer loop
      vertex -24.8629 -4.94554 1.2
      vertex -24.5903 -6.15955 5.2
      vertex -24.5903 -6.15955 1.2
    endloop
  endfacet
  facet normal 0.788347 0.615231 0
    outer loop
      vertex -19.5958 -16.0819 5.2
      vertex -20.3613 -15.101 1.2
      vertex -20.3613 -15.101 5.2
    endloop
  endfacet
  facet normal 0.788347 0.615231 0
    outer loop
      vertex -20.3613 -15.101 1.2
      vertex -19.5958 -16.0819 5.2
      vertex -19.5958 -16.0819 1.2
    endloop
  endfacet
  facet normal -0.122403 0.99248 0
    outer loop
      vertex 3.71962 -25.0756 1.2
      vertex 2.48473 -25.2279 5.2
      vertex 3.71962 -25.0756 5.2
    endloop
  endfacet
  facet normal -0.122403 0.99248 0
    outer loop
      vertex 2.48473 -25.2279 5.2
      vertex 3.71962 -25.0756 1.2
      vertex 2.48473 -25.2279 1.2
    endloop
  endfacet
  facet normal -0.98528 0.170948 0
    outer loop
      vertex 24.8629 -4.94554 1.2
      vertex 25.0756 -3.71962 5.2
      vertex 25.0756 -3.71962 1.2
    endloop
  endfacet
  facet normal -0.98528 0.170948 0
    outer loop
      vertex 25.0756 -3.71962 5.2
      vertex 24.8629 -4.94554 1.2
      vertex 24.8629 -4.94554 5.2
    endloop
  endfacet
  facet normal 0.122403 0.99248 -0
    outer loop
      vertex -2.48473 -25.2279 1.2
      vertex -3.71962 -25.0756 5.2
      vertex -2.48473 -25.2279 5.2
    endloop
  endfacet
  facet normal 0.122403 0.99248 0
    outer loop
      vertex -3.71962 -25.0756 5.2
      vertex -2.48473 -25.2279 1.2
      vertex -3.71962 -25.0756 1.2
    endloop
  endfacet
  facet normal 0.0245958 0.999697 -0
    outer loop
      vertex -1 -25.3255 1.2
      vertex -1.24387 -25.3195 5.2
      vertex -1 -25.3255 5.2
    endloop
  endfacet
  facet normal 0.0245958 0.999697 0
    outer loop
      vertex -1.24387 -25.3195 5.2
      vertex -1 -25.3255 1.2
      vertex -1.24387 -25.3195 1.2
    endloop
  endfacet
  facet normal -0.932992 0.359897 0
    outer loop
      vertex 23.4203 -9.70103 1.2
      vertex 23.8681 -8.54016 5.2
      vertex 23.8681 -8.54016 1.2
    endloop
  endfacet
  facet normal -0.932992 0.359897 0
    outer loop
      vertex 23.8681 -8.54016 5.2
      vertex 23.4203 -9.70103 1.2
      vertex 23.4203 -9.70103 5.2
    endloop
  endfacet
  facet normal 0.98528 0.170948 0
    outer loop
      vertex -24.8629 -4.94554 5.2
      vertex -25.0756 -3.71962 1.2
      vertex -25.0756 -3.71962 5.2
    endloop
  endfacet
  facet normal 0.98528 0.170948 0
    outer loop
      vertex -25.0756 -3.71962 1.2
      vertex -24.8629 -4.94554 5.2
      vertex -24.8629 -4.94554 1.2
    endloop
  endfacet
  facet normal -0.492907 0.870082 0
    outer loop
      vertex 13.0325 -21.7434 1.2
      vertex 11.9499 -22.3567 5.2
      vertex 13.0325 -21.7434 5.2
    endloop
  endfacet
  facet normal -0.492907 0.870082 0
    outer loop
      vertex 11.9499 -22.3567 5.2
      vertex 13.0325 -21.7434 1.2
      vertex 11.9499 -22.3567 1.2
    endloop
  endfacet
  facet normal 0.914211 0.405237 0
    outer loop
      vertex -22.9161 -10.8385 5.2
      vertex -23.4203 -9.70103 1.2
      vertex -23.4203 -9.70103 5.2
    endloop
  endfacet
  facet normal 0.914211 0.405237 0
    outer loop
      vertex -23.4203 -9.70103 1.2
      vertex -22.9161 -10.8385 5.2
      vertex -22.9161 -10.8385 1.2
    endloop
  endfacet
  facet normal -0.449591 0.893235 0
    outer loop
      vertex 11.9499 -22.3567 1.2
      vertex 10.8385 -22.9161 5.2
      vertex 11.9499 -22.3567 5.2
    endloop
  endfacet
  facet normal -0.449591 0.893235 0
    outer loop
      vertex 10.8385 -22.9161 5.2
      vertex 11.9499 -22.3567 1.2
      vertex 10.8385 -22.9161 1.2
    endloop
  endfacet
  facet normal -0.975705 0.21909 0
    outer loop
      vertex 24.5903 -6.15955 1.2
      vertex 24.8629 -4.94554 5.2
      vertex 24.8629 -4.94554 1.2
    endloop
  endfacet
  facet normal -0.975705 0.21909 0
    outer loop
      vertex 24.8629 -4.94554 5.2
      vertex 24.5903 -6.15955 1.2
      vertex 24.5903 -6.15955 5.2
    endloop
  endfacet
  facet normal 0.449591 0.893235 -0
    outer loop
      vertex -10.8385 -22.9161 1.2
      vertex -11.9499 -22.3567 5.2
      vertex -10.8385 -22.9161 5.2
    endloop
  endfacet
  facet normal 0.449591 0.893235 0
    outer loop
      vertex -11.9499 -22.3567 5.2
      vertex -10.8385 -22.9161 1.2
      vertex -11.9499 -22.3567 1.2
    endloop
  endfacet
  facet normal -0.870082 0.492907 0
    outer loop
      vertex 21.7434 -13.0325 1.2
      vertex 22.3567 -11.9499 5.2
      vertex 22.3567 -11.9499 1.2
    endloop
  endfacet
  facet normal -0.870082 0.492907 0
    outer loop
      vertex 22.3567 -11.9499 5.2
      vertex 21.7434 -13.0325 1.2
      vertex 21.7434 -13.0325 5.2
    endloop
  endfacet
  facet normal -0.575828 0.817571 0
    outer loop
      vertex 15.101 -20.3613 1.2
      vertex 14.0837 -21.0778 5.2
      vertex 15.101 -20.3613 5.2
    endloop
  endfacet
  facet normal -0.575828 0.817571 0
    outer loop
      vertex 14.0837 -21.0778 5.2
      vertex 15.101 -20.3613 1.2
      vertex 14.0837 -21.0778 1.2
    endloop
  endfacet
  facet normal -0.724293 0.689493 0
    outer loop
      vertex 17.9252 -17.9252 1.2
      vertex 18.7831 -17.024 5.2
      vertex 18.7831 -17.024 1.2
    endloop
  endfacet
  facet normal -0.724293 0.689493 0
    outer loop
      vertex 18.7831 -17.024 5.2
      vertex 17.9252 -17.9252 1.2
      vertex 17.9252 -17.9252 5.2
    endloop
  endfacet
  facet normal 0.313685 -0.949527 0
    outer loop
      vertex -8.54016 23.8681 1.2
      vertex -7.35872 24.2584 5.2
      vertex -8.54016 23.8681 5.2
    endloop
  endfacet
  facet normal 0.313685 -0.949527 0
    outer loop
      vertex -7.35872 24.2584 5.2
      vertex -8.54016 23.8681 1.2
      vertex -7.35872 24.2584 1.2
    endloop
  endfacet
  facet normal -0.313685 -0.949527 0
    outer loop
      vertex 7.35872 24.2584 1.2
      vertex 8.54016 23.8681 5.2
      vertex 7.35872 24.2584 5.2
    endloop
  endfacet
  facet normal -0.313685 -0.949527 -0
    outer loop
      vertex 8.54016 23.8681 5.2
      vertex 7.35872 24.2584 1.2
      vertex 8.54016 23.8681 1.2
    endloop
  endfacet
  facet normal 0.359897 0.932992 -0
    outer loop
      vertex -8.54016 -23.8681 1.2
      vertex -9.70103 -23.4203 5.2
      vertex -8.54016 -23.8681 5.2
    endloop
  endfacet
  facet normal 0.359897 0.932992 0
    outer loop
      vertex -9.70103 -23.4203 5.2
      vertex -8.54016 -23.8681 1.2
      vertex -9.70103 -23.4203 1.2
    endloop
  endfacet
  facet normal 0.997286 -0.0736195 0
    outer loop
      vertex -25.3195 1.24387 5.2
      vertex -25.2279 2.48473 1.2
      vertex -25.2279 2.48473 5.2
    endloop
  endfacet
  facet normal 0.997286 -0.0736195 0
    outer loop
      vertex -25.2279 2.48473 1.2
      vertex -25.3195 1.24387 5.2
      vertex -25.3195 1.24387 1.2
    endloop
  endfacet
  facet normal -0.893235 0.449591 0
    outer loop
      vertex 22.3567 -11.9499 1.2
      vertex 22.9161 -10.8385 5.2
      vertex 22.9161 -10.8385 1.2
    endloop
  endfacet
  facet normal -0.893235 0.449591 0
    outer loop
      vertex 22.9161 -10.8385 5.2
      vertex 22.3567 -11.9499 1.2
      vertex 22.3567 -11.9499 5.2
    endloop
  endfacet
  facet normal -0.689493 0.724293 0
    outer loop
      vertex 17.9252 -17.9252 1.2
      vertex 17.024 -18.7831 5.2
      vertex 17.9252 -17.9252 5.2
    endloop
  endfacet
  facet normal -0.689493 0.724293 0
    outer loop
      vertex 17.024 -18.7831 5.2
      vertex 17.9252 -17.9252 1.2
      vertex 17.024 -18.7831 1.2
    endloop
  endfacet
  facet normal 0.313685 0.949527 -0
    outer loop
      vertex -7.35872 -24.2584 1.2
      vertex -8.54016 -23.8681 5.2
      vertex -7.35872 -24.2584 5.2
    endloop
  endfacet
  facet normal 0.313685 0.949527 0
    outer loop
      vertex -8.54016 -23.8681 5.2
      vertex -7.35872 -24.2584 1.2
      vertex -8.54016 -23.8681 1.2
    endloop
  endfacet
  facet normal -0.914211 0.405237 0
    outer loop
      vertex 22.9161 -10.8385 1.2
      vertex 23.4203 -9.70103 5.2
      vertex 23.4203 -9.70103 1.2
    endloop
  endfacet
  facet normal -0.914211 0.405237 0
    outer loop
      vertex 23.4203 -9.70103 5.2
      vertex 22.9161 -10.8385 1.2
      vertex 22.9161 -10.8385 5.2
    endloop
  endfacet
  facet normal 0.653191 0.757193 -0
    outer loop
      vertex -16.0819 -19.5958 1.2
      vertex -17.024 -18.7831 5.2
      vertex -16.0819 -19.5958 5.2
    endloop
  endfacet
  facet normal 0.653191 0.757193 0
    outer loop
      vertex -17.024 -18.7831 5.2
      vertex -16.0819 -19.5958 1.2
      vertex -17.024 -18.7831 1.2
    endloop
  endfacet
  facet normal 0.975705 -0.21909 0
    outer loop
      vertex -24.8629 4.94554 5.2
      vertex -24.5903 6.15955 1.2
      vertex -24.5903 6.15955 5.2
    endloop
  endfacet
  facet normal 0.975705 -0.21909 0
    outer loop
      vertex -24.5903 6.15955 1.2
      vertex -24.8629 4.94554 5.2
      vertex -24.8629 4.94554 1.2
    endloop
  endfacet
  facet normal 0.788347 -0.615231 0
    outer loop
      vertex -20.3613 15.101 5.2
      vertex -19.5958 16.0819 1.2
      vertex -19.5958 16.0819 5.2
    endloop
  endfacet
  facet normal 0.788347 -0.615231 0
    outer loop
      vertex -19.5958 16.0819 1.2
      vertex -20.3613 15.101 5.2
      vertex -20.3613 15.101 1.2
    endloop
  endfacet
  facet normal 0.870082 -0.492907 0
    outer loop
      vertex -22.3567 11.9499 5.2
      vertex -21.7434 13.0325 1.2
      vertex -21.7434 13.0325 5.2
    endloop
  endfacet
  facet normal 0.870082 -0.492907 0
    outer loop
      vertex -21.7434 13.0325 1.2
      vertex -22.3567 11.9499 5.2
      vertex -22.3567 11.9499 1.2
    endloop
  endfacet
  facet normal 0.757193 -0.653191 0
    outer loop
      vertex -19.5958 16.0819 5.2
      vertex -18.7831 17.024 1.2
      vertex -18.7831 17.024 5.2
    endloop
  endfacet
  facet normal 0.757193 -0.653191 0
    outer loop
      vertex -18.7831 17.024 1.2
      vertex -19.5958 16.0819 5.2
      vertex -19.5958 16.0819 1.2
    endloop
  endfacet
  facet normal 0.817571 0.575828 0
    outer loop
      vertex -20.3613 -15.101 5.2
      vertex -21.0778 -14.0837 1.2
      vertex -21.0778 -14.0837 5.2
    endloop
  endfacet
  facet normal 0.817571 0.575828 0
    outer loop
      vertex -21.0778 -14.0837 1.2
      vertex -20.3613 -15.101 5.2
      vertex -20.3613 -15.101 1.2
    endloop
  endfacet
  facet normal -0.266746 -0.963767 0
    outer loop
      vertex 6.15955 24.5903 1.2
      vertex 7.35872 24.2584 5.2
      vertex 6.15955 24.5903 5.2
    endloop
  endfacet
  facet normal -0.266746 -0.963767 -0
    outer loop
      vertex 7.35872 24.2584 5.2
      vertex 6.15955 24.5903 1.2
      vertex 7.35872 24.2584 1.2
    endloop
  endfacet
  facet normal 0.870082 0.492907 0
    outer loop
      vertex -21.7434 -13.0325 5.2
      vertex -22.3567 -11.9499 1.2
      vertex -22.3567 -11.9499 5.2
    endloop
  endfacet
  facet normal 0.870082 0.492907 0
    outer loop
      vertex -22.3567 -11.9499 1.2
      vertex -21.7434 -13.0325 5.2
      vertex -21.7434 -13.0325 1.2
    endloop
  endfacet
  facet normal 0.575828 0.817571 -0
    outer loop
      vertex -14.0837 -21.0778 1.2
      vertex -15.101 -20.3613 5.2
      vertex -14.0837 -21.0778 5.2
    endloop
  endfacet
  facet normal 0.575828 0.817571 0
    outer loop
      vertex -15.101 -20.3613 5.2
      vertex -14.0837 -21.0778 1.2
      vertex -15.101 -20.3613 1.2
    endloop
  endfacet
  facet normal 0.615231 0.788347 -0
    outer loop
      vertex -15.101 -20.3613 1.2
      vertex -16.0819 -19.5958 5.2
      vertex -15.101 -20.3613 5.2
    endloop
  endfacet
  facet normal 0.615231 0.788347 0
    outer loop
      vertex -16.0819 -19.5958 5.2
      vertex -15.101 -20.3613 1.2
      vertex -16.0819 -19.5958 1.2
    endloop
  endfacet
  facet normal -0.21909 0.975705 0
    outer loop
      vertex 6.15955 -24.5903 1.2
      vertex 4.94554 -24.8629 5.2
      vertex 6.15955 -24.5903 5.2
    endloop
  endfacet
  facet normal -0.21909 0.975705 0
    outer loop
      vertex 4.94554 -24.8629 5.2
      vertex 6.15955 -24.5903 1.2
      vertex 4.94554 -24.8629 1.2
    endloop
  endfacet
  facet normal 0.963767 0.266746 0
    outer loop
      vertex -24.2584 -7.35872 5.2
      vertex -24.5903 -6.15955 1.2
      vertex -24.5903 -6.15955 5.2
    endloop
  endfacet
  facet normal 0.963767 0.266746 0
    outer loop
      vertex -24.5903 -6.15955 1.2
      vertex -24.2584 -7.35872 5.2
      vertex -24.2584 -7.35872 1.2
    endloop
  endfacet
  facet normal -0.170948 -0.98528 0
    outer loop
      vertex 3.71962 25.0756 1.2
      vertex 4.94554 24.8629 5.2
      vertex 3.71962 25.0756 5.2
    endloop
  endfacet
  facet normal -0.170948 -0.98528 -0
    outer loop
      vertex 4.94554 24.8629 5.2
      vertex 3.71962 25.0756 1.2
      vertex 4.94554 24.8629 1.2
    endloop
  endfacet
  facet normal 0.53496 0.844877 -0
    outer loop
      vertex -13.0325 -21.7434 1.2
      vertex -14.0837 -21.0778 5.2
      vertex -13.0325 -21.7434 5.2
    endloop
  endfacet
  facet normal 0.53496 0.844877 0
    outer loop
      vertex -14.0837 -21.0778 5.2
      vertex -13.0325 -21.7434 1.2
      vertex -14.0837 -21.0778 1.2
    endloop
  endfacet
  facet normal 0.170948 0.98528 -0
    outer loop
      vertex -3.71962 -25.0756 1.2
      vertex -4.94554 -24.8629 5.2
      vertex -3.71962 -25.0756 5.2
    endloop
  endfacet
  facet normal 0.170948 0.98528 0
    outer loop
      vertex -4.94554 -24.8629 5.2
      vertex -3.71962 -25.0756 1.2
      vertex -4.94554 -24.8629 1.2
    endloop
  endfacet
  facet normal -1 0 0
    outer loop
      vertex 6.5 13.9 0
      vertex 6.5 21.9 1.2
      vertex 6.5 21.9 0
    endloop
  endfacet
  facet normal -1 -0 0
    outer loop
      vertex 6.5 21.9 1.2
      vertex 6.5 13.9 0
      vertex 6.5 13.9 1.2
    endloop
  endfacet
  facet normal 1 -0 0
    outer loop
      vertex -6.5 13.9 1.2
      vertex -6.5 21.9 0
      vertex -6.5 21.9 1.2
    endloop
  endfacet
  facet normal 1 0 0
    outer loop
      vertex -6.5 21.9 0
      vertex -6.5 13.9 1.2
      vertex -6.5 13.9 0
    endloop
  endfacet
  facet normal 0 -1 0
    outer loop
      vertex -6.5 21.9 0
      vertex 6.5 21.9 1.2
      vertex -6.5 21.9 1.2
    endloop
  endfacet
  facet normal 0 -1 -0
    outer loop
      vertex 6.5 21.9 1.2
      vertex -6.5 21.9 0
      vertex 6.5 21.9 0
    endloop
  endfacet
  facet normal 0 1 -0
    outer loop
      vertex 6.5 13.9 0
      vertex -6.5 13.9 1.2
      vertex 6.5 13.9 1.2
    endloop
  endfacet
  facet normal 0 1 0
    outer loop
      vertex -6.5 13.9 1.2
      vertex 6.5 13.9 0
      vertex -6.5 13.9 0
    endloop
  endfacet
  facet normal -1 0 0
    outer loop
      vertex 1 -26.9255 1.2
      vertex 1 -25.3255 5.2
      vertex 1 -25.3255 1.2
    endloop
  endfacet
  facet normal -1 -0 0
    outer loop
      vertex 1 -25.3255 5.2
      vertex 1 -26.9255 1.2
      vertex 1 -26.9255 5.2
    endloop
  endfacet
  facet normal 1 -0 0
    outer loop
      vertex -1 -26.9255 5.2
      vertex -1 -25.3255 1.2
      vertex -1 -25.3255 5.2
    endloop
  endfacet
  facet normal 1 0 0
    outer loop
      vertex -1 -25.3255 1.2
      vertex -1 -26.9255 5.2
      vertex -1 -26.9255 1.2
    endloop
  endfacet
endsolid OpenSCAD_Model
